Usuario_ID,Nombre_cancion,diff_F_min,diff_F_max,diff_F_prom,diff_F_mediana,diff_P10,diff_P90,diff_rango,diff_rango_efectivo,label
U044,No me culpes por sentir - Kevin Kaarl,84.5936,194.1109,92.5986,112.4054,41.9539,139.1283,92.4705,97.1744,0
U105,Only girl - Rihanna,75.0274,294.1036,75.0712,39.8857,124.1133,31.3407,341.7214,92.7725,0
U003,Nobody - Mitski,81.888,199.1936,6.2662,14.3689,34.7354,70.025,125.9577,104.7604,1
U092,Cola - Lana del rey,16.5792,420.8495,107.8456,56.7274,100.9988,7.3758,429.6995,93.623,0
U082,Fecha de caducidad - Melendi,80.5192,599.4751,22.9828,23.3643,0.7255,57.5581,746.2145,58.2836,0
U043,Loba - Shakira,68.1244,576.4756,174.5258,165.9243,105.5259,204.2243,721.757,98.6984,0
U007,Un violinista en tu tejado - Melendi,68.0895,4.5275,18.9947,11.5959,38.433,35.4609,171.5559,73.8939,1
U093,You know i'm no good - Amy Winehouse,22.2629,147.9696,87.4773,80.6858,67.7655,86.1905,178.3234,153.956,0
U028,Nobody - Mitski,54.5809,52.1047,151.7649,130.2738,106.8548,237.9445,164.4835,131.0897,0
U056,Quedate - Manuel Medrano,15.0001,150.2503,10.3583,10.8956,37.6043,21.8757,141.777,59.48,1
U091,Too little too late - Laufey,38.4691,452.8089,124.0735,121.9592,105.2004,85.2478,536.5511,19.9526,0
U036,A gritos de esperanza - Alex Ubago,61.4462,419.048,126.5577,117.2057,96.6134,213.3255,423.6085,116.7121,0
U083,Young and beautiful - Lana del rey ,53.6847,101.3403,35.3691,47.2201,50.2526,39.8225,38.1775,10.4301,1
U009,Tres veces te engañe - Paquita la del barrio,84.5936,320.6036,53.0215,117.631,131.1456,17.4739,391.9395,148.6195,0
U039,Te quiero tanto - Kevin Kaarl,66.2091,73.4731,172.19,207.8806,117.2219,301.2262,62.5738,184.0044,0
U116,Amor viejo - Kevin Kaarl,78.2254,17.4398,99.5137,110.472,3.0367,211.1075,60.9675,214.1442,0
U111,Si hay algo - Josean Log,61.0367,239.3031,138.8657,125.302,11.5084,220.8732,398.2959,232.3817,0
U064,Milagrosa - Milo J,45.4417,625.5469,23.4224,15.2316,14.0134,87.7467,765.3151,101.7601,0
U034,Summertime sadness - Lana del rey,53.5408,594.9991,100.1794,98.4541,54.9761,22.2328,679.3376,77.2088,0
U056,Sin miedo a nada - Alex Ubago,15.0001,43.4394,28.873,15.5034,18.509,125.3951,51.9127,106.8862,1
U058,Me arrepiento - Alex Ubago,51.3542,80.8333,15.4059,2.2865,22.2801,80.7215,182.328,103.0016,1
U056,Alguien como tu - Josean Log,15.0001,123.7435,16.1124,1.9934,32.2429,13.0151,115.2702,45.258,1
U085,I bet on losing dogs - Mitski,79.7899,577.2819,49.5181,51.234,52.8067,48.8814,763.111,101.6882,0
U010,Niño - Milo J,35.4777,136.3452,9.8582,17.1672,7.9538,34.4464,85.7364,42.4003,1
U048,Bad - Michael Jackson,84.5936,376.7236,21.4676,44.5778,3.1615,14.0898,457.0082,17.2513,1
U002,Nobody - Mitski,56.0671,182.5177,35.9514,13.6185,117.7676,194.7301,141.2323,312.4977,0
U075,Rincon - Milo J,67.6972,461.1745,217.7798,243.8912,100.0753,244.3336,576.5922,144.2583,0
U055,Sin remitente - Melendi,59.0821,94.6605,6.1672,22.3976,10.5154,9.4967,3.3788,20.012,1
U058,Donde nadie pueda ir - Manuel Medrano,51.3542,302.732,1.4427,1.2453,5.3045,17.06,404.2267,11.7555,1
U100,Alguien como tu - Josean Log,60.9263,42.4255,11.1142,4.3947,41.8829,28.8564,168.9239,70.7392,1
U050,Una y otra vez - Manuel Medrano,84.5936,144.1271,49.8254,66.9252,30.4797,59.3341,59.7559,89.8138,1
U008,Caminando por la vida - Melendi,23.3973,194.5291,3.1916,13.4216,47.358,175.8365,198.5551,223.1945,1
U086,Yes or no - Jung Kook,81.1035,17.3185,22.2371,55.9762,80.8378,3.2186,99.6514,77.6193,1
U036,Quimbara - Celia Cruz,56.7246,205.3674,8.4519,10.7481,14.036,104.5834,196.0852,90.5474,1
U086,Send my love - Adele,81.8948,185.5291,41.2452,7.0355,120.1272,99.6584,268.6533,20.4688,0
U087,Quimbara - Celia Cruz,40.5063,192.0469,48.6896,21.385,11.8293,221.137,135.7982,209.3077,0
U092,Amor viejo - Kevin Kaarl,60.5392,74.0885,101.0374,139.7307,39.4806,328.2886,21.2784,288.808,0
U038,Pobre pistolita - Paquita la del barrio,60.5,142.1664,17.785,34.2232,107.0819,8.1737,203.7526,98.9083,1
U020,Treat you better - Shawn Mendes,81.4806,212.5279,21.2951,0.6754,97.7119,141.6817,281.6523,43.9697,1
U113,Rehab - Amy Winehouse,28.519,163.8078,36.2031,4.0022,105.5793,57.7716,191.8564,163.351,1
U021,Washin machine - Mitski,43.2282,212.3601,15.6517,6.3897,41.7348,196.648,23.0698,238.3828,1
U116,Borracho te recuerdo - Vicente Fernandez,78.2254,18.301,1.9433,28.1147,9.8713,93.0211,96.7083,83.1498,1
U100,You know i'm no good - Amy Winehouse,3.573,233.9565,100.9921,113.2408,109.7956,126.8265,303.1016,17.0308,0
U023,Lover girl - Laufey,22.6085,457.8388,29.7812,24.8938,45.7525,129.2301,435.6964,174.9827,0
U016,Donde nadie pueda ir - Manuel Medrano,62.3968,255.7277,26.8024,24.974,20.369,94.2693,346.2038,73.9003,1
U083,Tu jardin con enanitos - Melendi,84.5936,524.864,20.8015,31.9254,24.1894,17.3625,618.9357,41.5519,1
U056,Lover girl - Laufey,92.202,417.8002,81.6408,90.9451,119.4356,91.3846,319.0714,28.0511,0
U107,Remember the time  Michael Jackson,72.1148,504.6492,46.8771,13.3041,68.6593,132.6785,587.9519,64.0192,0
U004,Bitch better have my money - Rihanna,41.6349,620.8074,189.8385,231.6081,194.8003,211.0133,734.1181,16.213,0
U026,Caminando por la vida - Melendi,60.9706,358.6969,16.8578,8.2135,9.4171,5.4863,434.4378,3.9308,1
U003,Dame tu aire - Alex Ubago,81.888,327.9844,109.6645,98.7764,52.6783,240.5335,254.7486,187.8551,0
U047,Para siempre - Vicente Fernandez,84.5936,205.8657,68.237,74.6045,140.7868,96.4181,122.3,44.3686,0
U063,Dead women - Mitski,31.302,249.032,58.8323,50.3377,30.8785,73.3766,157.5866,42.4981,1
U116,In my blood - Shawn Mendes,78.2254,421.9774,11.8336,11.149,22.3293,1.3036,500.3847,23.633,1
U071,La distancia - Manuel Medrano,23.9542,204.3312,9.1927,5.5112,20.7139,173.005,219.3953,152.2911,1
U115,A gritos de esperanza - Alex Ubago,50.0504,9.0822,41.6648,39.6229,9.9005,56.372,101.6175,46.4714,1
U077,La luna - Josean Log,32.3816,163.7402,16.655,47.5359,7.0346,137.1635,196.1218,130.129,1
U112,Colapso - Kevin Kaarl,63.9171,77.8339,8.5454,11.7413,18.5968,44.165,76.5619,62.7618,1
U037,Mentira - Greeicy,30.1319,269.4015,138.3265,120.5005,138.0734,66.5303,324.2513,71.5431,0
U084,La mujer que bota fuego - Manuel Medrano,59.2101,413.3198,186.7924,190.78,71.3839,672.1517,567.6765,600.7677,0
U026,Love is a losing game - Amy Winehouse,21.306,175.1415,71.8726,70.0287,73.0998,37.9296,181.6771,35.1701,0
U117,Young and beautiful - Lana del rey ,20.3793,364.7671,7.5106,2.0315,26.4804,19.4299,422.8484,45.9103,1
U107,Quedate - Manuel Medrano,72.1148,63.4013,40.9403,29.4745,43.788,68.0122,19.9014,24.2242,1
U027,A gritos de esperanza - Alex Ubago,48.9662,390.1325,76.8388,101.3238,27.1935,405.1983,450.0484,378.0047,0
U087,Young and beautiful - Lana del rey ,14.6979,440.4699,107.4602,75.2472,33.2542,291.5668,522.5269,258.3126,0
U089,A gritos de esperanza - Alex Ubago,77.9708,276.4373,65.8704,106.0117,92.2692,210.9414,211.3667,118.6723,0
U070,La promesa - Melendi,56.7316,269.4404,40.5467,31.3163,37.7406,29.0313,375.9048,66.7719,1
U017,Never be alone - Shawn Mendes,39.6554,522.4712,17.468,10.0064,2.3494,106.8516,563.2363,104.5021,1
U108,Me enamore - Shakira,3.3694,188.8412,33.3215,8.478,23.4808,162.088,158.4651,185.5688,1
U112,Love is a losing game - Amy Winehouse,18.3595,110.5564,126.2003,130.9063,163.805,42.8521,38.4372,120.9528,0
U070,Vamonos a marte - Kevin Kaarl,56.3527,43.7223,30.3395,13.4995,7.5539,5.9132,62.3632,1.6407,1
U079,A veces a besos - Greeicy,33.9801,205.9063,147.9768,112.1555,148.2343,6.654,248.9544,154.8883,0
U117,Donde nadie pueda ir - Manuel Medrano,51.2882,48.7706,122.0709,116.6256,63.9812,134.8192,75.943,70.838,0
U022,You da one - Rihanna,41.8354,440.0431,201.7474,165.7553,116.8533,240.9172,502.8966,124.064,0
U092,Nobody - Mitski,60.5392,133.4427,45.6483,20.3468,53.8064,105.7398,80.6325,159.5462,1
U043,Mentira - Greeicy,35.5319,318.5058,171.9363,165.9243,141.407,107.4518,431.1947,33.9552,0
U039,Only girl - Rihanna,58.6222,253.1581,35.198,16.4201,22.0593,136.019,234.6718,158.0783,1
U086,Bajo el agua - Manuel Medrano,84.5936,206.3466,134.5806,151.8922,4.0548,136.7507,120.5236,132.6958,0
U059,Set fire to the rain - Adele,41.542,436.5408,91.0988,66.2763,100.256,102.1188,475.9151,1.8628,0
U052,La mujer que bota fuego - Manuel Medrano,66.8761,40.3181,28.676,20.6112,2.1933,13.522,103.2032,15.7152,1
U013,Un violinista en tu tejado - Melendi,52.7759,51.8105,20.5784,24.6848,12.9158,14.7269,16.0344,1.811,1
U094,Tierra - Josean Log,60.8547,186.8459,7.2358,30.8877,26.6606,39.9254,85.242,66.586,1
U007,Dame tu aire - Alex Ubago,68.0895,56.872,5.7418,11.5959,33.7685,21.7217,110.1564,12.0467,1
U019,Mercy - Shawn Mendes,65.9542,418.1958,99.278,131.5467,24.4064,97.4346,593.7316,73.0282,0
U026,Te quiero tanto - Kevin Kaarl,60.9706,379.6255,14.2,49.2341,52.4606,34.0774,455.3664,86.538,1
U115,Un violinista en tu tejado - Melendi,50.4293,6.3503,11.1113,2.2802,15.4975,20.705,104.7283,5.2076,1
U105,Aca entre nos - Vicente Fernandez,82.6143,244.6102,74.1586,97.9321,28.8871,108.0125,299.815,136.8997,0
U116,Valentine - Laufey,78.2254,352.2999,26.3491,24.1648,77.1257,35.0919,430.7072,112.2176,1
U089,Too sad to dance - Jung Kook,77.2064,347.9781,3.7702,65.6605,31.1167,156.7671,412.2843,125.6506,0
U047,Dont stop the music - Rihanna,84.2147,423.9662,66.8322,64.6937,46.4779,15.019,507.153,31.459,0
U028,Too sad to dance - Jung Kook,53.4376,606.3969,144.998,94.8224,110.6561,141.5047,717.6323,30.8485,0
U055,La mujer que bota fuego - Manuel Medrano,59.0821,60.2816,11.8178,17.3979,0.9423,36.9697,37.7577,36.0274,1
U029,Dead women - Mitski,71.7683,396.0218,51.5974,26.3519,25.4788,112.9286,465.525,138.4074,0
U080,Top of the world - Shawn Mendes,11.5538,140.2868,30.9938,21.9768,49.3021,99.4915,157.3462,50.1894,1
U077,Una y otra vez - Manuel Medrano,32.3816,80.6909,35.8174,17.8613,57.5134,31.3716,48.3093,88.885,1
U045,Quimbara - Celia Cruz,63.4315,184.5869,13.8584,29.14,34.0009,142.3546,187.2377,176.3555,1
U117,Mercy - Shawn Mendes,51.2882,67.1361,28.9629,7.1058,29.9802,13.0442,39.9637,43.0244,1
U118,Tu jardin con enanitos - Melendi,52.0939,635.5,80.4061,46.6507,45.1296,37.0754,780.858,8.0542,0
U060,A veces a besos - Greeicy,26.5526,80.4964,15.6462,10.8568,0.316,214.1225,163.6108,213.8065,1
U020,Just friends - Amy Winehouse,77.5913,315.8696,0.0334,5.8035,16.6392,153.9972,381.1046,137.358,1
U009,Que le den candela - Celia Cruz,25.8139,314.5062,90.6367,127.8682,134.4741,252.8912,327.0624,118.4171,0
U078,Estos celos - Vicente Fernandez,84.5936,459.4861,191.4849,179.1076,118.0371,473.4327,459.4379,355.3955,0
U019,Quedate - Manuel Medrano,65.9542,19.558,21.0863,38.3881,65.7079,10.3101,195.0938,55.3978,1
U065,Amor viejo - Kevin Kaarl,30.3902,61.3479,72.4446,81.7589,56.2779,337.4992,35.9901,281.2213,0
U013,Top of the world - Shawn Mendes,52.7759,18.7189,40.3694,24.4654,21.2829,135.2675,86.5638,156.5505,1
U074,Niño - Milo J,62.4735,141.6274,44.1278,66.7725,36.4464,80.8277,51.4325,44.3814,1
U018,Yo vivire (I will survive) - Celia Cruz,72.8104,242.3679,77.5001,80.7877,2.1905,259.9579,266.7197,262.1485,0
U015,Fragile - Laufey,84.2147,181.6202,37.3372,62.9226,58.601,144.5183,248.0881,85.9173,0
U048,In a lake portuguese -  Mitski,2.0104,257.8378,91.7193,65.7078,22.3599,224.3147,251.5183,201.9549,0
U074,Somedoy - Jung Kook,52.7525,172.3448,107.3809,80.49,39.375,115.2899,252.8187,75.9148,0
U012,Man down - Rihanna,20.4119,113.4327,18.0803,25.1095,15.7616,26.5954,269.6542,42.357,1
U032,Fragile - Laufey,74.9945,353.1154,66.6574,64.7914,95.3951,123.9048,428.1099,219.2999,0
U018,Ya para que - Greeicy,16.4934,242.3679,50.364,39.7799,50.0791,318.9243,210.4028,369.0034,0
U029,Beso - Josean Log,82.3671,265.8406,64.4926,32.8358,75.8167,62.5062,185.7386,13.3105,0
U010,Where have you been - Rihanna,41.8107,583.1887,219.1141,204.554,151.1016,230.1458,640.1305,79.0441,0
U119,Dead women - Mitski,73.9948,377.1469,61.517,69.0396,22.5459,179.2531,446.8967,201.799,0
U105,Mentira - Greeicy,50.0218,13.3596,1.7034,22.4821,130.4441,71.1374,9.2527,201.5815,1
U004,Yes or no - Jung Kook,63.6479,154.2959,96.8606,99.8619,94.8992,96.1008,289.6197,1.2015,0
U090,Nobody - Mitski,54.7533,391.8332,73.8725,65.5802,10.0106,45.9514,458.0879,35.9409,0
U010,Yes or no - Jung Kook,38.3206,116.6772,133.4958,132.091,107.4958,90.3584,170.1289,17.1376,0
U080,Doma - Josean log,11.5538,164.8956,13.3245,23.327,106.3632,189.0826,147.8362,82.7193,0
U107,Por si acaso no regreso - Celia Cruz,30.6527,474.3366,112.5236,77.4132,101.5125,249.1087,516.1771,147.5962,0
U069,Just friends - Amy Winehouse,80.7043,355.2794,21.9104,63.3087,43.5145,164.7199,432.3429,121.2054,0
U048,Thriller - Michael Jackson,84.5936,383.0361,36.3593,7.6309,79.8633,60.5823,463.3207,19.2809,1
U005,El chofer - Vicente Fernandez,20.6046,174.7067,27.6324,23.7738,5.7137,67.3269,162.5156,61.6132,1
U050,Hombres malvados - Paquita la del barrio,84.5936,80.7847,9.3509,28.2403,44.694,41.2184,3.5865,3.4755,1
U023,La ley del monte - Vicente Fernandez,84.5936,288.4261,9.9745,1.5475,52.543,78.0216,373.4858,130.5646,1
U031,Bajo el agua - Manuel Medrano,76.1597,80.493,37.3818,48.0614,10.5093,64.9657,101.3606,75.4749,1
U082,Me arrepiento - Alex Ubago,80.5192,61.0561,23.2276,53.6988,21.6834,10.0317,207.7955,11.6517,1
U007,La distancia - Manuel Medrano,68.0895,380.2393,22.2411,20.6929,13.7091,23.3274,547.2677,9.6183,1
U037,Too little too late - Laufey,50.797,407.8267,94.6042,84.5377,96.681,13.5159,483.3417,83.165,0
U021,Chachacha - Josean log,53.3478,357.3533,84.1012,72.0728,12.1843,286.6295,450.0676,274.4451,0
U052,Mujeres divinas - Vicente Fernandez,66.8761,111.287,7.8772,22.4961,12.2444,39.2025,254.8083,51.4469,1
U033,Soltera - Shakira,67.8672,124.8777,11.2758,20.5247,16.0521,375.4616,110.9207,359.4096,0
U032,La mujer que bota fuego - Manuel Medrano,75.3734,192.1023,86.5711,74.3251,5.354,317.4567,116.7289,312.1026,0
U099,Que le den candela - Celia Cruz,21.3966,316.6842,9.0542,14.7259,45.6624,45.4223,325.1441,91.0847,1
U025,No me culpes por sentir - Kevin Kaarl,67.5389,115.2409,11.4672,4.5418,3.0042,2.7533,47.8962,0.2509,1
U096,Yes or no - Jung Kook,52.2959,241.5816,37.8948,56.7956,51.3388,542.8072,311.4966,491.4684,0
U039,Hate you - Jung Kook,50.1551,194.9081,91.826,85.2836,67.497,240.7679,221.8614,173.2709,0
U119,West coast - Lana del rey,79.0846,130.5892,52.773,75.5235,97.6235,3.6159,205.4288,101.2394,0
U101,Los consejos - Greeicy,58.0326,43.0858,43.5359,74.1405,68.9559,27.7923,105.8156,96.7483,1
U098,You know i'm no good - Amy Winehouse,27.2403,122.4902,21.713,35.4133,107.4901,19.6982,153.1016,87.7919,1
U119,Soltera - Shakira,84.5936,265.1858,40.7321,34.7392,51.5225,3.943,345.5344,55.4656,1
U037,Young and beautiful - Lana del rey ,31.8155,55.6521,95.5386,86.2389,82.1652,7.6534,0.8813,74.5118,0
U096,Tears dry on their own - Amy Winehouse,14.3239,39.9673,30.3172,31.5631,71.8443,495.2111,67.9197,423.3667,0
U047,Mas fuerte - Greeicy,26.5292,423.9662,36.3511,26.678,17.8334,35.4073,449.4674,53.2408,1
U005,I'll change for you - Mitski,27.3289,433.0784,109.4719,103.1306,48.5522,151.0945,397.336,102.5422,0
U056,Bajo el agua - Manuel Medrano,15.0001,241.1755,24.3804,3.3652,10.4559,26.961,232.7022,37.4168,1
U021,Tierra - Josean Log,53.3478,579.6148,126.1106,74.6143,89.691,352.7329,672.3291,263.0419,0
U085,Soltera - Shakira,80.9332,477.6931,118.1945,103.9828,46.1333,145.9332,664.6655,99.7998,0
U017,Bajo el agua - Manuel Medrano,39.6554,167.7054,25.7035,4.2544,4.5406,208.4989,126.9403,213.0393,1
U023,Mentira - Greeicy,52.0011,181.5765,20.6516,27.5512,91.1957,64.5915,234.0437,155.7872,1
U068,Nobody - Mitski,36.1812,135.8196,69.6792,39.812,67.9214,181.3278,111.4299,113.4065,0
U038,Ultraviolence - Lana del rey,60.5,227.5086,73.776,127.2624,48.4023,34.5935,289.0948,82.9958,0
U022,Un violinista en tu tejado - Melendi,41.8354,23.3731,28.415,33.1216,18.4953,5.2466,39.4803,23.7418,1
U093,Aca entre nos - Vicente Fernandez,79.6162,183.7506,123.8528,123.5852,11.6517,78.0276,210.7501,89.6794,0
U046,Taco placero - Paquita la del barrio,73.1014,91.6195,34.2883,27.5414,40.2779,16.5112,193.6155,56.7891,1
U040,Pierdeme el respeto - Paquita la del barrio,44.7784,172.3075,49.8151,78.2257,44.2642,111.3389,238.6916,155.6032,0
U033,Waka waka - Shakira,36.9583,224.4665,48.5301,13.9354,4.2077,125.399,179.6006,129.6067,1
U046,Sin remitente - Melendi,73.1014,118.8805,28.0575,57.4827,21.3444,60.965,16.8846,39.6206,1
U061,Dont stop the music - Rihanna,57.2576,596.9114,168.9905,182.0058,124.6228,147.344,687.0796,22.7212,0
U003,Colapso - Kevin Kaarl,81.888,346.6309,147.3047,138.3982,70.8149,269.3439,273.395,198.529,0
U006,Donde nadie pueda ir - Manuel Medrano,76.6242,56.2734,111.3536,132.8727,110.2613,381.1509,121.6349,270.8896,0
U119,Tears dry on their own - Amy Winehouse,43.1315,211.0129,6.0406,7.2229,14.8238,37.5367,249.8994,52.3605,1
U082,Someone like you - Adele,63.5187,514.334,108.3601,61.9365,92.5615,153.9979,644.0729,61.4364,0
U023,Someone like you - Adele,67.5931,403.8986,11.7397,6.7104,31.4862,11.1666,471.9578,42.6528,1
U010,Aunque no te pueda ver - Alex Ubago,38.3206,492.2255,67.4611,56.2123,40.0452,72.5647,545.6771,32.5195,0
U099,Sin miedo a nada - Alex Ubago,80.1763,45.4464,66.0591,103.2767,13.9428,78.3344,21.7932,64.3915,0
U081,Milagrosa - Milo J,59.3309,229.0532,152.851,163.349,86.5664,613.5614,191.1963,526.995,0
U021,The girl is mine - Michael Jackson,53.3478,316.3127,60.5125,42.0891,50.6413,237.8967,409.027,187.2554,0
U010,Remember the time  Michael Jackson,41.8107,551.9878,122.9918,93.2144,86.9903,199.9165,608.9296,112.9261,0
U074,Ya para que - Greeicy,4.9026,577.9065,128.3635,98.9906,117.0689,89.276,610.5305,27.793,0
U060,The girl is mine - Michael Jackson,38.48,253.1623,25.5335,36.7813,107.0411,252.9654,324.3494,145.9243,0
U092,Just friends - Amy Winehouse,56.6499,371.3561,33.9703,6.9313,57.6077,204.2027,420.2769,261.8104,0
U031,You know i'm no good - Amy Winehouse,18.8064,228.47,82.9925,66.1433,119.489,72.9805,352.9703,46.5085,0
U026,Standing next to you - Jung Kook,60.9706,515.8794,148.8977,128.2882,53.1249,228.8226,591.6203,175.6977,0
U061,Never be alone - Shawn Mendes,57.6365,596.9114,38.4406,13.3942,35.0937,37.7092,687.4585,72.8029,0
U101,My love mine all mine - Mitski,15.9514,315.0441,45.2443,36.8696,67.7053,31.5784,335.6927,99.2837,0
U059,Cola - Lana del rey,19.4827,436.5408,109.9061,54.5169,81.26,225.4597,453.8557,144.1997,0
U004,Young and beautiful - Lana del rey ,36.2291,11.7094,98.1832,116.4396,108.5213,80.2388,96.1956,28.2825,0
U077,Set fire to the rain - Adele,10.4809,498.0637,144.7188,154.223,179.1925,4.9363,508.5446,174.2562,0
U115,Me arrepiento - Alex Ubago,50.4293,76.9142,3.2883,1.9208,46.9932,42.9565,187.9928,89.9496,1
U057,West coast - Lana del rey,51.1251,54.61,98.4466,88.5285,143.0667,176.1918,62.7336,33.1251,0
U073,Las de la intruicion - Shakira,70.7286,539.3047,187.5018,173.2361,95.2639,250.579,696.8644,155.3151,0
U058,Chachacha - Josean log,51.3542,49.5389,56.1639,39.2572,39.3055,124.789,151.0336,85.4836,0
U046,I bet on losing dogs - Mitski,71.9581,537.7443,52.5879,50.6797,19.1986,6.6835,638.5969,25.8822,0
U015,You da one - Rihanna,84.5936,131.582,15.3187,61.0993,58.601,93.1808,198.4289,34.5798,1
U108,Too little too late - Laufey,53.8606,150.5929,4.293,23.6987,36.7147,260.8362,170.7081,297.5508,0
U067,Un violinista en tu tejado - Melendi,67.7894,15.8114,23.6594,28.9414,18.7126,122.0604,127.4435,140.773,1
U098,In a lake portuguese -  Mitski,2.0104,378.5055,18.3338,10.4056,61.8196,32.453,379.8661,94.2726,1
U007,Por si acaso no regreso - Celia Cruz,26.6274,564.6975,146.9365,108.4932,123.7091,321.7787,690.2637,198.0696,0
U008,Colapso - Kevin Kaarl,23.3973,306.5868,76.5393,94.254,15.3333,219.4377,302.5607,204.1044,0
U023,Nobody - Mitski,84.5936,65.2525,5.064,4.9994,31.4862,11.1666,19.8073,42.6528,1
U028,Me arrepiento - Alex Ubago,54.5809,67.9779,36.9809,12.9275,7.3901,73.9149,180.3566,81.305,1
U088,Taco placero - Paquita la del barrio,62.9902,106.717,36.3004,48.2736,36.6036,60.6019,193.6365,97.2055,1
U063,Chicago - Michael Jackson,41.9008,56.9627,5.1201,19.4755,33.1168,99.4428,23.8839,132.5596,1
U091,Ultraviolence - Lana del rey,50.3965,346.9202,139.5953,175.5112,15.3969,135.9914,442.5897,120.5944,0
U064,Treat you better - Shawn Mendes,56.9236,472.7118,116.874,112.6835,15.6238,52.5226,623.9621,36.8989,0
U110,Chachacha - Josean log,77.6194,16.6457,0.0061,6.3695,3.5685,39.1783,79.8682,35.6097,1
U043,Me arrepiento - Alex Ubago,68.1244,87.55,31.4367,16.0274,32.5474,3.1529,232.8314,29.3945,1
U098,La ley del monte - Vicente Fernandez,84.5936,303.0902,27.1666,38.8652,114.2806,51.3061,391.0549,62.9745,0
U047,Lover girl - Laufey,22.6085,392.7653,0.868,23.8684,2.6311,77.9175,369.1289,80.5488,1
U006,Yes or no - Jung Kook,73.1341,93.7178,1.8841,34.8563,33.4218,249.8996,31.8464,216.4779,0
U016,The girl is mine - Michael Jackson,62.3968,43.5752,54.3929,45.5122,24.825,62.1925,134.0513,87.0175,1
U119,Rie y llora - Celia Cruz,54.791,389.663,16.1589,22.799,47.677,78.993,440.209,126.67,1
U112,Chicago - Michael Jackson,63.9171,412.9977,130.603,102.5693,99.3046,137.4132,567.3934,38.1086,0
U010,Para siempre - Vicente Fernandez,41.8107,46.6432,59.8045,79.7492,11.835,50.2341,10.2986,62.069,1
U025,Hate you - Jung Kook,51.4849,193.4022,90.8819,97.519,91.8011,160.3166,340.4853,68.5156,0
U063,Never be alone - Shawn Mendes,41.9008,267.8606,68.0243,80.9629,109.8777,17.5783,187.014,92.2994,0
U018,Milagrosa - Milo J,68.9154,242.3679,207.2141,189.6768,72.9552,494.2001,262.8247,421.2449,0
U091,Si supieras - Kevin Kaarl,50.3965,64.4348,32.859,23.1633,0.5304,29.3007,160.1043,29.831,1
U028,Un violinista en tu tejado - Melendi,54.5809,15.2866,22.5813,17.1285,24.1056,10.2534,97.0921,13.8522,1
U015,Si supieras - Kevin Kaarl,84.5936,267.5628,168.6887,182.7958,161.6235,274.0399,200.716,112.4164,0
U067,Somedoy - Jung Kook,51.7354,200.3104,115.0004,98.2539,67.9204,80.5037,327.5113,12.5833,0
U109,Hello - Adele,59.5561,553.5212,221.9176,189.974,90.5873,246.2411,665.4452,155.6538,0
U016,Top of the world - Shawn Mendes,62.3968,21.0939,36.5944,27.336,24.825,55.7251,111.57,80.5501,1
U021,From the start - Laufey,49.9119,345.052,5.5662,15.9878,57.434,229.0973,541.0261,286.5313,0
U119,Man down - Rihanna,31.422,44.2554,15.7991,4.8245,60.7589,23.4714,71.4323,84.2303,1
U059,Quimbara - Celia Cruz,58.3422,436.5408,89.4071,70.2875,59.2938,70.4721,492.7152,11.1783,0
U035,Estos celos - Vicente Fernandez,71.2139,135.2121,8.2008,12.6584,37.3913,50.084,25.2658,87.4754,1
U005,Top of the world - Shawn Mendes,28.6144,118.0757,15.8885,8.4835,32.7433,105.7842,97.8748,138.5275,1
U110,Stitches - Shawn Mendes,77.6194,163.6441,30.8543,47.9423,18.1179,13.6212,260.158,4.4966,1
U031,Someone like you - Adele,59.1592,524.5425,110.1603,64.4323,105.2227,171.4434,689.3956,66.2207,0
U089,There's nothing holding me back - Shawn Mendes,78.3497,289.8623,40.879,64.145,107.2452,142.2737,224.4127,35.0286,0
U006,You know i'm no good - Amy Winehouse,19.2709,8.4199,9.9149,16.5676,9.3347,251.9227,0.4117,242.588,1
U011,Borracho te recuerdo - Vicente Fernandez,84.5936,57.1475,40.4786,15.2833,39.9185,72.7241,145.5345,32.8056,1
U039,Young and beautiful - Lana del rey ,35.3002,379.3587,84.3645,80.2093,27.5181,297.374,421.1669,269.856,0
U058,La ley del monte - Vicente Fernandez,51.3542,418.6387,125.2794,118.5117,113.0216,177.8961,520.1334,64.8745,0
U027,Tres veces te engañe - Paquita la del barrio,49.3451,196.9492,34.8122,22.0693,6.4311,35.36,137.4122,41.791,1
U054,Love in the dark - Adele,84.5936,183.2008,14.4169,49.6263,37.3167,71.538,247.8886,34.2213,1
U020,Fragile - Laufey,81.1017,257.1339,33.7749,36.8841,4.8317,88.3991,325.8793,83.5674,1
U024,Chicago - Michael Jackson,74.3637,6.513,101.831,117.2395,40.2753,175.1716,143.0654,134.8963,0
U040,Los besos - Greeicy,18.2189,433.8563,133.6993,155.8213,123.4735,144.0011,473.681,20.5278,0
U027,Just friends - Amy Winehouse,45.4558,184.7895,12.1093,38.9367,33.959,353.0471,121.3632,387.006,0
U026,Where have you been - Rihanna,60.9706,559.3105,157.9212,134.3225,67.2269,193.579,635.0514,126.3521,0
U036,You da one - Rihanna,61.8251,47.1001,6.0014,21.9147,23.6534,44.2387,42.9186,20.5853,1
U050,Rie y llora - Celia Cruz,54.791,428.315,14.987,1.7816,27.5379,15.5673,482.8836,11.9706,1
U068,Young and beautiful - Lana del rey ,5.2723,214.0442,52.6069,38.101,71.7227,69.026,220.5635,2.6966,0
U041,Treat you better - Shawn Mendes,84.5936,201.9882,34.6382,24.5566,4.2036,291.6182,269.1941,295.8217,0
U018,La negra tiene tumbao - Celia Cruz,27.2257,139.8609,76.3178,80.7877,31.1528,341.1809,118.628,372.3338,0
U045,In my bed - Amy Winehouse,44.5906,135.0935,57.6261,94.7067,31.0751,186.63,118.9035,217.7051,0
U005,The girl is mine - Michael Jackson,28.6144,95.5944,33.687,26.6597,32.7433,112.2516,75.3935,144.9949,1
U054,Hombres malvados - Paquita la del barrio,84.5936,195.8625,44.1571,56.7325,1.5643,87.3432,131.1747,88.9074,1
U047,Hate you - Jung Kook,68.5396,24.1,0.6846,10.7593,47.8128,15.5497,43.4117,32.2631,1
U034,Para siempre - Vicente Fernandez,54.3008,34.8328,21.0568,47.718,31.3165,87.5676,50.2657,56.251,1
U020,No me culpes por sentir - Kevin Kaarl,81.4806,391.3463,115.2383,89.6271,145.415,268.7933,322.222,123.3783,0
U096,Let you break my heart again - Laufey,38.0072,105.3553,7.2218,19.0185,38.9911,456.5927,54.8628,417.6015,0
U004,Sigo aqui - Alex Ubago,67.138,112.1412,33.9057,41.0736,25.8382,74.4771,250.9551,48.6388,1
U057,You da one - Rihanna,56.6341,52.509,15.3331,6.7625,15.3157,150.028,49.8945,165.3437,1
U035,Loba - Shakira,71.2139,532.6476,124.2137,110.5128,121.0259,228.1934,642.5939,107.1675,0
U110,La luna - Josean Log,77.6194,218.7442,10.6417,10.886,70.9479,71.5413,315.2581,0.5935,1
U048,Pobre pistolita - Paquita la del barrio,84.5936,22.7672,99.7843,62.7883,121.1217,172.1635,103.0518,51.0418,0
U088,Limonar - Greeicy,18.3966,285.7418,80.4357,69.8062,75.7907,130.6896,328.0676,54.8989,0
U084,Te busco audio - Celia Cruz,56.9036,221.2984,80.9335,120.8862,32.4977,449.8517,64.6352,417.354,0
U051,La distancia - Manuel Medrano,69.1707,2.8272,124.7388,138.135,135.0809,528.6008,7.5753,393.5199,0
U040,Tierra - Josean Log,44.7784,194.4504,22.3957,65.2192,34.7388,35.6323,128.0663,70.3712,1
U026,Un violinista en tu tejado - Melendi,60.9706,62.373,38.4858,32.9971,49.3073,77.4597,13.3679,28.1524,1
U065,Top of the world - Shawn Mendes,30.3902,117.564,6.0053,14.3235,54.1072,192.6471,92.2062,138.5399,1
U078,La mujer que bota fuego - Manuel Medrano,84.5936,395.5798,218.4737,209.9384,68.5886,565.0876,395.5316,496.4989,0
U028,Rie y llora - Celia Cruz,24.7783,600.0844,151.0659,107.1957,109.3817,147.6445,682.6605,38.2628,0
U089,Love on the brain - Rihanna,78.3497,131.9824,59.7813,21.9421,24.6328,39.1542,197.4319,14.5215,1
U104,Chachacha - Josean log,33.0441,119.1233,11.9167,12.0451,14.0543,98.8873,91.354,112.9416,1
U089,Loba - Shakira,78.3497,298.4847,38.8422,2.3415,11.0896,16.9797,363.9342,5.8902,1
U086,La ley del monte - Vicente Fernandez,84.5936,283.2164,8.7527,34.2356,111.7154,32.8034,369.0394,78.912,1
U023,Remember the time  Michael Jackson,84.5936,457.8388,33.9629,62.1647,1.1599,1.9517,542.8985,0.7918,1
U110,Young and beautiful - Lana del rey ,46.7105,79.4491,56.9598,67.7221,52.8921,31.518,13.8441,84.4101,1
U043,Rincon - Milo J,68.1244,47.4626,18.6758,10.9108,15.1249,46.9027,97.8188,31.7778,1
U046,Bajo el agua - Manuel Medrano,73.1014,121.2314,33.3483,45.2363,21.3444,117.4238,19.2355,96.0793,1
U116,Taco placero - Paquita la del barrio,78.2254,0.1725,15.9298,8.1785,17.3232,91.0328,78.5799,73.7096,1
U018,Para siempre - Vicente Fernandez,80.3973,387.464,172.909,142.961,123.225,404.3475,355.5252,281.1225,0
U012,Hate you - Jung Kook,16.7057,209.7788,5.3947,26.7912,36.0248,47.5127,328.8826,11.4878,1
U109,Stitches - Shawn Mendes,65.0651,225.6111,108.823,118.3434,28.3457,35.4718,343.0441,7.126,0
U012,Los besos - Greeicy,6.2002,74.6192,14.4073,7.7479,28.1991,69.5137,54.99,97.7127,1
U069,Thriller - Michael Jackson,84.5936,404.7728,5.2833,37.6352,136.2234,53.1387,485.7256,83.0847,0
U061,Bajo el agua - Manuel Medrano,57.6365,93.2652,4.7309,0.8666,28.2037,63.9381,2.7181,35.7343,1
U035,Sabes - Alex Ubago,71.2139,302.4853,18.9464,42.4718,3.7347,35.9526,412.4316,39.6873,1
U029,Pierdeme el respeto - Paquita la del barrio,82.3671,10.3666,61.8385,22.3708,91.6084,32.7274,69.7354,58.881,1
U024,Hate you - Jung Kook,58.3097,243.6813,111.9423,85.5683,51.6104,213.1266,396.2877,161.5161,0
U108,No me culpes por sentir - Kevin Kaarl,65.788,437.0784,113.1692,129.1326,106.5769,367.6559,405.0359,261.079,0
U117,Washin machine - Mitski,45.2878,267.7497,3.9852,10.44,23.9389,62.8913,144.0013,38.9524,1
U094,Just friends - Amy Winehouse,56.9654,555.6356,97.1216,95.8163,107.3067,127.528,653.3502,20.2213,0
U010,La mujer que bota fuego - Manuel Medrano,41.8107,70.2581,20.7925,28.9283,32.1763,39.6185,13.3163,71.7948,1
U016,Bitch better have my money - Rihanna,36.8937,572.248,179.4132,204.7886,156.3716,151.8945,637.2209,4.4771,0
U107,No me culpes por sentir - Kevin Kaarl,72.1148,220.8592,51.1069,38.3767,25.9889,93.6988,137.5565,67.7099,1
U041,Doma - Josean log,84.5936,108.8516,87.6036,67.3071,66.7024,372.7586,176.0574,306.0561,0
U015,Si pudiera - Manuel Medrano,84.5936,198.8861,201.9579,213.8002,189.993,319.4329,265.7329,129.4399,0
U076,El chofer - Vicente Fernandez,44.1891,2.3417,71.8978,54.0726,53.4917,44.6668,104.1994,8.8249,1
U024,Bad - Michael Jackson,74.3637,198.0724,24.6325,14.3163,27.6386,69.6405,61.52,42.0018,1
U085,Thriller - Michael Jackson,80.9332,608.4828,99.2694,81.7807,49.1467,174.3015,795.4552,223.4482,0
U119,Ultraviolence - Lana del rey,84.5936,121.0488,14.373,50.4189,26.3363,44.3887,201.3974,18.0524,1
U045,You da one - Rihanna,68.532,26.3196,11.4079,61.8028,24.3835,82.0099,34.0711,106.3934,1
U116,Stitches - Shawn Mendes,78.2254,88.0746,3.9942,28.1147,29.115,82.9637,166.4819,112.0788,1
U029,Mujeres divinas - Vicente Fernandez,82.3671,86.9913,67.7675,35.3773,51.495,96.0607,6.8893,44.5657,1
U004,Que pides tu - Alex Ubago,67.138,62.2756,6.8164,17.0713,29.0776,7.9906,76.5383,21.087,1
U062,Dead women - Mitski,13.2417,405.3104,6.2154,23.5125,54.446,3.6693,408.0043,50.7767,1
U108,La ley del monte - Vicente Fernandez,65.788,119.0173,8.8032,16.8346,39.4544,221.2519,151.0598,260.7063,0
U004,Pobre pistolita - Paquita la del barrio,67.138,260.5385,56.7796,75.2512,25.446,94.0777,399.3524,119.5238,0
U091,Loba - Shakira,50.3965,572.3535,170.3853,157.922,110.7117,235.0347,668.023,124.3229,0
U064,I am - Milo J,54.2248,546.2616,13.4855,19.3532,15.2115,115.2746,694.813,100.0632,0
U031,MAI - Milo J,75.7808,358.8161,19.6465,56.3196,18.5624,24.6293,540.2908,6.067,1
U069,Standing next to you - Jung Kook,84.5936,361.3417,47.9675,1.7532,27.6328,12.3342,442.2945,39.967,1
U088,West coast - Lana del rey,57.4812,318.6564,29.7713,13.898,65.7303,155.3849,400.0668,221.1152,0
U046,La promesa - Melendi,73.1014,208.6763,0.3764,32.1109,51.6055,16.5112,310.6722,68.1167,1
U069,Valentine - Laufey,84.5936,279.5745,31.0553,75.3339,66.5138,112.7902,360.5273,46.2764,0
U055,Alguien como tu - Josean Log,59.0821,20.4206,3.19,4.7926,53.2142,6.986,118.4599,46.2281,1
U030,Aunque no te pueda ver - Alex Ubago,81.1035,270.1108,139.2569,151.7819,157.7788,103.0121,343.4779,54.7668,0
U100,A gritos de esperanza - Alex Ubago,60.5474,9.2453,34.9487,37.4382,38.1781,74.6753,116.8742,36.4971,1
U082,Tierra - Josean Log,80.5192,192.4998,24.479,14.6966,37.6045,32.0676,45.7604,5.5369,1
U039,First love late spring - Mitski,66.2091,272.2282,167.4352,153.019,179.4968,306.9218,283.1275,127.4251,0
U086,Azul celeste - Paquita la del barrio,84.5936,74.2917,24.8403,32.4947,27.6195,30.6099,160.1147,58.2295,1
U018,Hello - Adele,74.8883,180.8544,10.906,22.1907,0.9595,151.4191,207.2842,152.3786,1
U063,Azul celeste - Paquita la del barrio,41.9008,141.6777,1.4555,24.1738,126.5524,48.135,222.5243,174.6875,1
U082,No me culpes por sentir - Kevin Kaarl,80.5192,157.2342,35.3265,45.1986,32.413,59.2611,10.4948,26.8481,1
U111,Let you break my heart again - Laufey,32.7565,100.3195,32.3297,17.5919,72.3088,45.033,152.4665,117.3418,1
U009,La ley del monte - Vicente Fernandez,84.5936,157.3237,93.1755,117.631,86.3622,268.6053,228.6596,182.2431,0
U019,Borracho te recuerdo - Vicente Fernandez,65.9542,159.6122,88.6873,116.8412,29.1293,72.7999,335.148,101.9292,0
U080,Caminando por la vida - Melendi,11.5538,210.2537,25.3896,14.0372,1.0448,177.5125,193.1943,176.4677,1
U028,Smooth criminal - Michael Jackson,54.5809,600.0844,176.2566,99.3955,3.626,391.3111,712.4631,394.9371,0
U115,Easy on me - Adele,50.4293,615.3332,171.576,169.5998,71.053,253.1783,726.4118,182.1252,0
U059,La promesa - Melendi,63.4427,76.2719,49.3049,82.943,90.9069,9.87,137.5469,100.7769,0
U069,Soltera - Shakira,84.5936,273.9831,13.6418,15.4331,40.9434,81.507,354.9359,40.5637,1
U112,Tierra - Josean Log,63.9171,168.0793,28.9901,62.6817,6.0189,30.9116,13.6836,24.8927,1
U103,Set fire to the rain - Adele,53.7628,628.1006,140.3247,116.293,178.9275,188.9259,787.4528,9.9984,0
U074,Estos celos - Vicente Fernandez,68.8065,139.4466,6.2047,24.1806,61.6724,5.6551,42.9187,67.3275,1
U048,Me enamore - Shakira,22.175,252.2464,21.7006,8.8756,14.1275,81.3917,270.1124,95.5193,1
U029,Fragile - Laufey,81.9882,306.6213,48.9078,60.6319,63.6918,44.7667,386.3444,18.9251,0
U021,Say yes to heaven - Lana del rey,36.8219,212.3601,32.3073,19.3483,41.7348,72.655,103.1199,114.3898,1
U062,Pobre pistolita - Paquita la del barrio,23.8405,63.8701,26.1144,49.9318,53.1158,95.7665,77.1628,148.8824,1
U068,First love late spring - Mitski,36.1812,106.9137,30.4638,34.7087,80.256,59.4782,82.5241,139.7343,1
U023,Cheque al portamor - Melendi,84.5936,98.6008,113.6883,104.9433,59.6301,191.1169,13.5411,131.4868,0
U072,Say yes to heaven - Lana del rey,48.6854,281.3022,28.3579,23.4416,64.7057,278.044,92.2577,342.7497,0
U021,Tres veces te engañe - Paquita la del barrio,53.3478,175.0264,25.1683,7.1817,16.7484,52.5568,82.3121,35.8084,1
U107,The girl is mine - Michael Jackson,72.1148,7.1773,25.3387,24.6505,7.8693,48.3309,90.48,40.4616,1
U064,Top of the world - Shawn Mendes,56.9236,74.3928,81.5779,68.5828,1.7789,60.9733,225.643,59.1944,0
U037,Cheque al portamor - Melendi,62.7244,10.7758,3.9866,11.994,12.7524,59.9951,76.6665,47.2427,1
U020,I bet on losing dogs - Mitski,80.3373,334.1621,33.1576,0.9303,113.0081,167.8361,402.1431,54.8279,0
U079,Dead women - Mitski,35.3087,543.0846,78.8595,62.7312,110.0213,164.8277,587.4612,274.849,0
U089,Te quiero tanto - Kevin Kaarl,78.3497,168.2931,94.3607,159.5914,120.8205,176.4813,233.7426,55.6609,0
U029,Mercy - Shawn Mendes,82.3671,214.2368,11.7471,36.1815,4.5763,2.1962,294.3388,2.3801,1
U058,Too little too late - Laufey,39.4268,450.2143,112.1832,111.6476,110.2819,138.3118,539.7817,28.03,0
U029,Hate you - Jung Kook,66.3131,33.2158,2.2437,36.1815,11.9054,21.9358,30.8322,10.0305,1
U085,Para siempre - Vicente Fernandez,80.9332,21.3491,2.2341,1.1078,89.3907,24.6191,165.6233,114.0098,1
U073,Rehab - Amy Winehouse,39.8197,353.8539,129.5632,107.1386,114.3513,56.9555,480.5047,57.3959,0
U074,Billie Jean - Michael Jackson,68.8065,577.9065,110.7161,57.9828,37.2624,192.3477,674.4344,155.0853,0
U011,Mercy - Shawn Mendes,84.5936,315.7311,29.8879,0.5778,13.6172,48.0894,404.1181,61.7066,1
U007,Amor viejo - Kevin Kaarl,68.0895,131.273,36.4968,58.5281,27.8952,30.3186,298.3014,58.2138,1
U032,Tears dry on their own - Amy Winehouse,33.9113,276.3819,33.7098,54.0701,49.46,139.8837,310.2932,189.3437,0
U068,Somedoy - Jung Kook,20.1272,12.9109,79.1554,53.862,34.38,156.2008,21.2465,121.8209,0
U045,Where have you been - Rihanna,68.532,184.5869,11.6667,27.1169,42.5597,57.135,192.3383,99.6947,1
U109,Tierra - Josean Log,65.0651,176.9402,35.9654,61.4901,34.6116,56.1887,59.5072,21.5771,1
U074,Chachacha - Josean log,68.8065,8.1931,23.8787,9.3626,20.2571,20.4548,104.721,0.1977,1
U011,Retirada - Milo J,81.1035,46.2076,20.1849,46.7642,12.6053,75.0859,131.1045,87.6912,1
U063,Too little too late - Laufey,29.9734,98.8226,1.5359,15.5688,10.0428,10.7442,6.0487,0.7015,1
U016,Combustion - Josean Log,62.3968,458.3298,31.9084,16.8104,53.1829,15.3583,548.8059,68.5412,1
U044,In my blood - Shawn Mendes,84.5936,507.0776,1.0541,42.0158,9.0262,61.3858,608.718,52.3595,1
U054,Say yes to heaven - Lana del rey,68.0677,319.5497,4.5605,86.7544,16.8589,71.3181,367.7116,88.177,1
U109,Donde nadie pueda ir - Manuel Medrano,65.0651,298.5144,20.3682,23.5291,8.8941,97.8143,415.9474,106.7084,1
U010,San lucas - Kevin Kaarl,41.8107,113.9596,46.4107,51.5778,22.6032,3.7726,57.0178,18.8307,1
U021,Man down - Rihanna,0.1762,139.36,11.134,1.3738,56.0838,201.4458,285.246,257.5296,0
U084,Pobre pistolita - Paquita la del barrio,59.2101,120.1419,114.1701,112.228,116.4096,544.1979,274.4986,427.7882,0
U101,Thriller - Michael Jackson,58.0326,531.0398,91.793,106.2929,16.5401,103.3895,593.7696,86.8494,0
U032,Una y otra vez - Manuel Medrano,75.3734,117.4101,20.9843,41.0954,24.2956,137.5732,42.0367,161.8688,1
U032,Rehab - Amy Winehouse,44.4645,167.6646,21.8926,19.3411,78.5337,209.1035,212.1291,287.6373,0
U030,Summertime sadness - Lana del rey,83.8336,361.074,67.7909,77.5089,123.3664,60.0079,437.1713,63.3585,0
U021,Addicted to you - Shakira,67.3147,22.1504,85.5096,100.919,145.1008,120.4752,191.2264,265.576,0
U058,Sin remitente - Melendi,51.3542,68.5734,4.7423,11.3913,2.7486,64.8008,32.9213,67.5494,1
U033,Niño - Milo J,61.5342,463.8665,154.6309,147.1479,131.7873,581.4562,484.1565,449.6689,0
U027,Hello - Adele,43.8361,172.7694,69.4855,24.6186,25.1906,138.2199,107.7234,163.4104,0
U063,Valentine - Laufey,41.9008,142.6623,1.2803,6.4597,27.4723,70.6503,61.8157,98.1226,1
U048,Beso - Josean Log,84.5936,297.6549,132.5785,95.6915,114.8554,213.8383,217.3703,98.983,0
U083,Why why why - Shawn Mendes,84.5936,446.0354,18.7821,17.7412,5.2533,96.4286,540.1071,101.6819,1
U013,Rara vez - Milo J,52.7759,239.9618,8.3939,23.6193,0.0433,13.4525,307.8067,13.4956,1
U074,Si supieras - Kevin Kaarl,68.8065,20.4944,11.3165,35.7681,14.4973,21.9695,117.0223,7.4723,1
U049,"Volver, volver - Vicente Fernandez",53.9884,601.6097,136.3914,137.5283,47.1179,148.6249,687.5718,101.507,0
U062,There's nothing holding me back - Shawn Mendes,23.8405,213.7014,33.1742,58.8953,4.723,112.283,200.4086,107.56,1
U022,Set fire to the rain - Adele,19.9347,598.3104,200.9886,194.4069,167.4329,212.2192,639.2631,44.7864,0
U017,Tears dry on their own - Amy Winehouse,1.8067,337.5086,94.2176,116.8941,68.9277,20.9335,336.8116,89.8611,0
U007,In a lake portuguese -  Mitski,18.5145,501.0127,59.778,55.7305,89.778,41.6161,581.437,48.1619,0
U094,Waka waka - Shakira,29.9458,573.9281,169.9281,109.2318,130.1376,460.8035,644.6231,330.6659,0
U011,In my bed - Amy Winehouse,60.6522,466.8513,6.5673,7.208,88.5769,54.4091,531.2969,142.986,1
U054,Me arrepiento - Alex Ubago,84.5936,218.8693,152.606,181.0226,132.3636,186.7239,154.1815,54.3603,0
U017,Taco placero - Paquita la del barrio,39.6554,45.1455,41.9331,68.5233,14.3929,74.5639,85.9107,60.1709,1
U104,Treat you better - Shawn Mendes,33.0441,297.755,53.003,67.9533,10.5578,65.0726,325.5244,54.5148,0
U003,Treat you better - Shawn Mendes,81.888,202.2635,26.6735,5.5255,42.536,156.1724,275.4994,113.6363,1
U008,Chachacha - Josean log,23.3973,174.5707,3.0056,17.2895,37.5577,140.0809,170.5447,177.6385,1
U071,A gritos de esperanza - Alex Ubago,23.5753,174.1125,20.733,10.5651,29.408,154.7163,159.4273,184.1243,1
U059,Los besos - Greeicy,36.8832,272.8726,42.977,30.3943,62.1139,34.6474,307.5882,27.4664,1
U003,Yo vivire (I will survive) - Celia Cruz,74.3011,355.0986,9.5889,5.9117,30.9993,62.1995,420.7474,93.1989,1
U099,Aunque no te pueda ver - Alex Ubago,76.6862,269.1521,73.0037,102.108,4.5539,108.5149,332.9015,103.9609,0
U036,Ya para que - Greeicy,2.0788,205.3674,19.6914,8.8525,4.8903,113.8523,137.2819,118.7426,1
U064,Para siempre - Vicente Fernandez,56.9236,4.285,57.7275,61.9474,36.2564,2.1059,146.9652,38.3623,1
U023,Euphoria - Jung Kook,40.0,341.6683,57.2239,31.3812,97.6746,32.181,382.1344,65.4935,0
U117,Quedate - Manuel Medrano,51.2882,331.5017,107.1546,100.2644,120.0945,94.7005,358.6741,25.394,0
U026,Estos celos - Vicente Fernandez,60.9706,158.0426,13.4116,10.4724,101.1469,15.4696,82.3017,116.6166,1
U061,La negra tiene tumbao - Celia Cruz,4.4649,494.4044,130.5125,104.8809,91.7359,99.0735,531.7798,7.3375,0
U037,Retirada - Milo J,59.2343,106.7276,83.7893,34.9782,0.5179,163.3028,190.6798,163.8207,0
U052,Milagrosa - Milo J,55.3942,613.1287,23.9691,16.5061,8.4518,13.522,745.168,21.9738,1
U089,Waka waka - Shakira,47.4408,316.7772,71.6656,30.2091,8.2858,174.4853,351.3178,182.771,0
U070,Lo hecho esta hecho - Shakira,23.0004,629.7093,241.0581,225.0563,134.4263,236.5831,702.4425,102.1568,0
U020,Rie y llora - Celia Cruz,51.678,359.0505,10.9456,3.8591,17.9136,145.8343,398.3722,127.9207,1
U062,Me enamore - Shakira,38.5781,293.3493,104.1981,121.5957,82.1334,186.5383,244.2234,104.4049,0
U078,Easy on me - Adele,84.5936,257.867,33.8718,34.3127,20.353,292.4787,257.9152,312.8317,0
U023,Pobre pistolita - Paquita la del barrio,84.5936,128.7708,63.5399,47.8988,98.6798,109.6295,213.8305,10.9496,0
U073,Gitana - Shakira,57.9027,291.5269,148.0794,136.6447,143.6502,99.4657,436.2607,44.1845,0
U026,MAI - Milo J,60.5917,308.443,22.3053,42.3147,53.2184,3.4173,383.805,56.6358,1
U119,Rata de dos patas - Paquita la del barrio,84.5936,364.7746,25.4683,19.7675,36.5323,23.4714,445.1232,60.0036,1
U029,A veces a besos - Greeicy,70.4397,58.8435,17.5199,23.0724,63.6918,45.2451,127.0182,18.4467,1
U064,Dame tu aire - Alex Ubago,56.9236,57.5361,33.883,19.4326,5.4815,31.8385,93.7141,37.3199,1
U005,MAI - Milo J,28.2355,182.2109,28.8788,49.9843,28.2873,36.6668,202.0329,64.9542,1
U089,Fragile - Laufey,77.9708,239.749,32.6674,12.544,19.3092,93.1921,304.8196,73.883,1
U012,Rehab - Amy Winehouse,1.8508,55.3925,3.4954,47.7911,1.0998,109.8805,189.3512,108.7808,1
U055,San lucas - Kevin Kaarl,59.0821,103.9831,13.8004,5.2516,10.5154,6.4214,5.9438,16.9367,1
U107,Una y otra vez - Manuel Medrano,72.1148,42.9045,10.2646,17.7523,43.4949,73.027,40.3982,29.5321,1
U031,Top of the world - Shawn Mendes,76.1597,58.5295,25.1208,2.1482,14.1064,93.7467,240.3831,79.6403,1
U095,Si pudiera - Manuel Medrano,55.411,362.3033,81.4745,80.1152,98.6597,138.0967,416.6743,39.437,0
U089,Euphoria - Jung Kook,33.7561,200.6067,72.825,6.1715,31.2704,16.9797,221.4626,48.2501,1
U059,Somedoy - Jung Kook,47.3887,30.9791,57.185,32.1863,0.5262,87.2171,76.2001,86.6909,1
U086,Say yes to heaven - Lana del rey,68.0677,483.83,38.5403,60.7656,91.9184,193.6708,553.1271,101.7524,0
U011,Hate you - Jung Kook,68.5396,68.2785,15.8971,0.5778,30.0989,23.9574,140.6115,54.0562,1
U080,Te quiero tanto - Kevin Kaarl,11.5538,231.1823,5.6682,43.4104,44.0883,137.9488,214.1229,93.8605,1
U076,Te quiero tanto - Kevin Kaarl,52.1989,430.4418,23.4919,26.6049,20.2485,44.6668,540.3093,24.4183,1
U012,Quiero + - Greeicy,32.7597,194.8563,1.1178,25.1095,21.3226,47.5127,91.8065,26.1901,1
U073,La vida es un carnaval - Celia Cruz,51.8019,647.5338,162.5007,147.1818,152.3084,114.8209,786.1668,37.4875,0
U020,Tres veces te engañe - Paquita la del barrio,81.4806,328.0293,46.8881,22.6709,44.1671,163.6899,397.1536,207.857,0
U095,Sigo aqui - Alex Ubago,55.411,55.3997,20.3339,23.9797,61.7583,48.3808,1.0287,13.3774,1
U077,Soltera - Shakira,32.3816,367.274,125.203,140.5431,119.3765,0.0884,399.6556,119.465,0
U027,In a lake portuguese -  Mitski,37.2589,109.0846,50.8422,71.3401,1.2465,405.1983,37.0565,403.9517,0
U058,My you - Jung Kook,33.3962,499.6777,69.7488,64.9245,76.0002,80.7215,583.2144,4.7213,0
U118,Sabes - Alex Ubago,52.0939,362.1568,38.794,7.0732,14.8381,22.944,507.5148,8.1059,1
U016,A veces a besos - Greeicy,50.4694,216.2411,95.5726,71.4367,81.9001,101.0354,294.7899,19.1353,0
U059,In a lake portuguese -  Mitski,23.1613,311.3425,2.7021,27.6826,2.6634,38.27,286.0134,40.9334,1
U063,A veces a besos - Greeicy,29.9734,88.1463,10.285,0.9134,7.3345,84.7971,180.9202,77.4626,1
U016,Rolling in the deep - Adele,62.3968,572.248,204.7027,175.0902,108.9369,208.9818,662.7241,100.0449,0
U106,Un violinista en tu tejado - Melendi,54.3983,48.2712,6.9158,3.0792,25.424,90.1312,28.3984,115.5552,1
U090,Hello - Adele,49.2443,100.9455,3.9557,15.4404,14.9777,70.4129,29.1817,85.3905,1
U095,Un violinista en tu tejado - Melendi,55.411,168.417,68.1677,60.048,65.6257,158.0084,114.046,92.3827,0
U116,Only girl - Rihanna,70.6385,477.4982,149.6622,144.5239,149.7024,60.4945,548.3185,89.2078,0
U062,Standing next to you - Jung Kook,23.8405,380.7079,142.7902,140.9712,96.7332,272.8206,394.0006,176.0874,0
U052,Un violinista en tu tejado - Melendi,66.8761,8.5548,26.7614,12.3051,4.5844,14.7964,134.9665,19.3808,1
U053,Combustion - Josean Log,74.3209,220.0308,65.1542,89.5322,62.8778,61.2607,268.8906,1.6171,0
U024,Gitana - Shakira,61.5378,151.622,91.5268,77.0621,12.6135,232.9842,301.0003,245.5977,0
U021,Love in the dark - Adele,53.3478,76.0112,13.3299,17.7798,21.277,215.5111,16.7031,236.7881,1
U033,Why why why - Shawn Mendes,67.8672,170.5263,46.2577,80.6077,74.1291,415.9073,156.5693,341.7782,0
U083,Lover girl - Laufey,22.6085,499.9756,27.7242,29.0367,60.7176,34.0608,486.8452,26.6569,1
U120,Un violinista en tu tejado - Melendi,57.3892,393.741,200.7727,231.0544,19.3646,610.7159,535.4276,591.3513,0
U016,San lucas - Kevin Kaarl,62.3968,124.9003,0.6498,7.4708,28.4221,49.6038,34.4242,21.1817,1
U014,Too little too late - Laufey,72.6662,385.1124,13.4939,17.3936,77.1026,0.2004,469.2019,76.9021,1
U047,Nobody - Mitski,84.5936,130.326,23.8492,3.974,11.6352,40.146,46.7602,51.7811,1
U070,Addicted to you - Shakira,63.9309,439.4996,233.1452,229.5848,191.8597,177.6976,425.3015,14.1621,0
U116,Still with you - Jung Kook,78.2254,477.4982,40.6702,34.5562,86.5029,20.9451,555.9055,107.4481,0
U014,Love in the dark - Adele,84.5936,417.8015,27.9179,0.0686,39.5875,57.796,513.8183,18.2085,1
U012,Hello - Adele,27.2507,176.7739,89.0559,30.1339,4.8143,124.5473,68.2151,129.3616,0
U069,Only girl - Rihanna,77.0067,404.7728,92.2578,45.0252,6.0629,17.2038,478.1386,23.2666,0
U068,Te busco audio - Celia Cruz,33.8747,399.644,44.4399,11.7456,21.6673,177.2111,421.7271,155.5439,0
U066,Somedoy - Jung Kook,63.5107,99.5612,7.0808,31.4622,13.6722,317.7512,77.0841,304.079,0
U104,Estos celos - Vicente Fernandez,33.0441,266.763,18.1667,2.7729,67.8752,113.687,238.9937,45.8118,1
U076,Cola - Lana del rey,8.2389,610.1268,190.587,139.158,153.3434,273.9364,676.0342,120.593,0
U041,Smooth criminal - Michael Jackson,84.5936,348.5108,22.7932,35.5405,29.0058,52.1042,415.7166,23.0984,1
U084,Chachacha - Josean log,59.2101,329.5864,129.7202,145.1312,38.9029,565.6971,483.9431,526.7941,0
U105,Para siempre - Vicente Fernandez,82.6143,335.7283,119.5052,125.6632,58.417,154.2766,280.5235,95.8596,0
U011,Chicago - Michael Jackson,84.5936,305.4468,5.7858,32.249,41.434,13.9976,393.8338,27.4364,1
U079,Milagrosa - Milo J,34.4256,561.9132,30.8431,14.7036,53.7437,200.6843,605.4066,254.428,0
U006,Tears dry on their own - Amy Winehouse,35.1621,187.8311,9.4617,9.6238,53.9273,202.3035,211.7305,148.3762,0
U008,Never be alone - Shawn Mendes,23.3973,395.1427,10.5353,41.4308,11.3864,154.8806,399.1687,143.4942,0
U046,Combustion - Josean Log,73.1014,455.027,24.4683,5.5523,46.1052,0.9218,557.0229,47.027,1
U063,Rie y llora - Celia Cruz,12.0982,261.5481,18.8436,4.0971,5.7474,26.8835,150.8989,32.6309,1
U047,MAI - Milo J,84.2147,173.0987,89.1539,126.4369,98.2955,106.6681,256.2855,8.3726,0
U008,Azul celeste - Paquita la del barrio,23.3973,14.3956,56.0335,63.7059,28.0611,89.1673,10.3696,61.1061,1
U086,Nobody - Mitski,84.5936,70.4622,3.8422,37.6875,90.6586,99.6584,15.3609,8.9998,1
U013,You know i'm no good - Amy Winehouse,4.5774,188.6594,98.2411,88.4605,84.0997,114.5013,199.151,30.4017,0
U010,La promesa - Melendi,41.8107,222.9198,54.877,49.3004,7.6579,84.3241,279.8616,91.9819,0
U029,Sin miedo a nada - Alex Ubago,82.3671,9.2887,50.7075,52.3693,38.5773,6.4215,89.3907,32.1559,1
U020,Mercy - Shawn Mendes,81.4806,164.7494,26.88,12.4337,73.0998,135.362,233.8737,62.2622,1
U010,Quedate - Manuel Medrano,41.8107,16.0627,35.1744,50.4358,25.457,0.7742,40.8791,24.6827,1
U011,Pobre pistolita - Paquita la del barrio,84.5936,156.0758,49.8392,36.6919,63.8895,66.7246,244.4628,2.835,1
U074,First love late spring - Mitski,68.8065,52.5202,2.2383,8.0807,75.261,18.5673,149.0481,93.8282,1
U114,Milagrosa - Milo J,67.5071,219.2704,196.3547,180.013,45.844,555.9583,128.4079,510.1143,0
U085,My love mine all mine - Mitski,38.852,392.4871,52.7207,12.3574,2.0185,39.3336,537.3783,37.3151,1
U051,A gritos de esperanza - Alex Ubago,68.7918,381.2709,113.1985,133.0811,84.959,510.3121,371.2473,425.3531,0
U070,Un violinista en tu tejado - Melendi,56.7316,8.0258,8.3768,19.2503,4.4847,96.1857,114.4902,100.6704,1
U038,Rehab - Amy Winehouse,29.5911,208.7554,53.6264,49.3374,21.8315,27.7743,239.4327,49.6059,1
U025,Valentine - Laufey,67.5389,516.2701,94.5928,78.8636,108.7807,169.4791,679.4072,60.6984,0
U088,La ley del monte - Vicente Fernandez,62.9902,383.4291,94.4917,93.1525,98.1001,96.221,470.3485,1.8791,0
U025,Beso - Josean Log,67.5389,39.2226,24.1456,28.5017,4.079,75.8746,123.9145,71.7956,1
U098,Si hay algo - Josean Log,84.5936,44.5066,62.1808,52.8084,34.9503,67.9044,132.4713,102.8548,0
U100,Only girl - Rihanna,53.3394,615.1701,213.8464,208.1592,148.908,274.3426,734.0815,125.4346,0
U047,Loba - Shakira,84.5936,374.4728,52.1543,28.5766,12.1932,83.4936,458.0385,71.3003,0
U016,Que le den candela - Celia Cruz,3.6171,528.8169,102.4585,84.5458,39.2362,82.2809,560.5133,43.0447,0
U011,Taco placero - Paquita la del barrio,84.5936,39.019,54.4651,35.2195,47.3704,70.7358,127.4061,23.3654,1
U036,Cola - Lana del rey,17.8651,205.3674,12.0471,5.0225,7.9302,50.4042,157.2257,42.474,1
U053,Young and beautiful - Lana del rey ,43.412,298.5678,9.3047,16.7225,60.3977,55.499,280.6169,115.8967,1
U096,First love late spring - Mitski,55.786,300.4564,119.6429,113.0276,189.6954,568.217,366.8813,378.5215,0
U093,Too sad to dance - Jung Kook,78.4729,233.244,83.8801,116.1372,57.3005,84.1674,259.1002,141.468,0
U064,Tu jardin con enanitos - Melendi,56.9236,619.2344,76.5708,51.7214,22.2545,3.9082,770.4846,18.3463,0
U037,La mujer que bota fuego - Manuel Medrano,62.7244,76.5821,18.4873,33.5015,6.7764,106.4615,10.8602,99.685,1
U050,Donde nadie pueda ir - Manuel Medrano,84.5936,118.1072,115.9466,95.0086,61.6493,121.8238,202.4784,60.1745,0
U113,Man down - Rihanna,6.2563,105.7676,57.7788,18.6794,122.4407,25.5135,111.5534,96.9272,1
U072,I am - Milo J,62.5125,202.0169,150.3528,152.2946,44.6608,626.001,26.7995,581.3403,0
U007,Doma - Josean log,68.0895,380.2393,24.2838,38.9045,26.9952,24.9424,547.2677,51.9377,1
U059,Nobody - Mitski,63.4427,117.7514,47.7088,18.1363,34.0676,112.3441,56.4763,78.2765,1
U015,Mercy - Shawn Mendes,84.5936,89.2357,97.9921,87.373,126.8691,191.4812,156.0825,64.6121,0
U049,La mujer que bota fuego - Manuel Medrano,53.9884,45.5246,24.852,37.5677,10.7846,24.3669,40.4375,35.1514,1
U077,Aunque no te pueda ver - Alex Ubago,28.8915,407.1005,16.8992,11.9156,35.7327,99.0719,435.9919,134.8045,1
U035,Quedate - Manuel Medrano,71.2139,17.1104,20.8077,21.9817,45.5761,2.7266,92.8359,42.8495,1
U084,Si supieras - Kevin Kaarl,59.2101,317.2851,164.9154,171.5367,73.6573,608.1214,471.6418,534.4641,0
U089,Ultraviolence - Lana del rey,78.3497,73.0514,8.0522,19.9307,106.4044,116.023,138.5009,9.6187,1
U037,Valentine - Laufey,62.7244,451.6664,91.788,62.5092,59.1659,73.422,539.1087,14.2561,0
U034,Limonar - Greeicy,9.7072,296.6982,94.1765,98.4541,96.5825,16.6101,337.2031,79.9723,0
U112,In a lake portuguese -  Mitski,22.6869,498.6973,94.6146,95.2069,92.7429,4.5398,566.4889,88.2031,0
U038,La distancia - Manuel Medrano,60.5,256.4636,11.6869,3.7339,84.389,78.6136,318.0498,5.7754,1
U093,Addicted to you - Shakira,41.0463,43.0343,18.4716,16.5034,158.125,58.4646,50.6287,99.6604,1
U046,"Volver, volver - Vicente Fernandez",73.1014,562.6327,77.8313,47.4776,24.562,65.5604,664.6286,40.9984,0
U046,Tu jardin con enanitos - Melendi,73.1014,562.6327,24.1472,11.8881,2.7283,15.7765,664.6286,18.5048,1
U028,Standing next to you - Jung Kook,54.5809,562.9658,209.9648,178.4138,126.5378,316.5357,675.3445,189.9979,0
U099,Mercy - Shawn Mendes,80.1763,159.5017,27.0987,14.7259,20.0582,74.1091,226.7413,94.1673,1
U063,Young and beautiful - Lana del rey ,10.9919,364.6562,2.4703,17.27,4.473,4.8817,476.4117,9.3547,1
U102,Young and beautiful - Lana del rey ,53.6847,354.0064,49.3972,58.0065,90.6147,338.3264,328.5045,428.9411,0
U093,Las de la intruicion - Shakira,79.6162,125.0149,41.8091,42.3735,33.1592,87.8324,152.0144,54.6732,1
U078,Quimbara - Celia Cruz,79.4931,257.867,45.6772,36.3358,41.7779,380.5429,252.8146,422.3208,0
U056,Milagrosa - Milo J,3.5182,449.0011,20.0333,6.5068,26.2875,16.9686,445.9924,43.2561,1
U117,Hombres malvados - Paquita la del barrio,51.2882,247.6625,3.2266,6.6233,42.3621,28.223,274.8349,14.139,1
U113,Top of the world - Shawn Mendes,59.4279,93.6664,9.3982,40.2121,15.7156,17.4048,34.7089,33.1204,1
U105,When we were young - Adele,82.6143,203.1404,7.5715,8.881,48.1304,0.7602,258.3452,47.3702,1
U022,Aca entre nos - Vicente Fernandez,41.8354,548.817,110.859,103.3675,59.397,132.1445,611.6704,72.7475,0
U070,Mujeres divinas - Vicente Fernandez,56.7316,127.8676,43.0154,54.0515,12.3441,42.1868,234.332,29.8427,1
U024,Hello - Adele,68.8547,142.8714,17.4917,28.6432,20.3999,41.0666,0.81,20.6667,1
U036,Euphoria - Jung Kook,17.2315,57.996,12.1377,5.0225,26.9262,19.3638,9.2208,46.2899,1
U035,Sin remitente - Melendi,71.2139,105.6847,29.539,48.4889,2.4841,4.8955,4.2616,2.4114,1
U001,Vamonos a marte - Kevin Kaarl,48.3666,108.9038,0.3753,27.0295,35.7965,64.924,48.3825,29.1275,1
U086,Es que yo te quiero a ti - Kevin Kaarl,84.5936,477.5175,98.8669,131.8549,54.2416,22.1912,563.3405,32.0503,0
U001,Alguien como tu - Josean Log,48.7455,8.2168,15.6248,16.9795,21.9357,5.9168,52.6834,16.0189,1
U026,Bajo el agua - Manuel Medrano,60.9706,130.8661,40.0406,34.0565,61.2715,86.1777,55.1252,24.9061,1
U073,Colapso - Kevin Kaarl,70.7286,54.1957,1.3732,17.8433,10.0536,24.2999,103.3641,34.3535,1
U119,Valentine - Laufey,84.5936,270.7772,3.965,25.1616,25.9521,35.2262,351.1258,61.1783,1
U015,Rehab - Amy Winehouse,53.6847,3.8306,82.102,108.3729,75.4624,229.717,32.1073,154.2547,0
U101,Si hay algo - Josean Log,58.0326,71.8426,7.414,5.8132,47.1742,95.7943,134.5724,142.9686,1
U111,Taco placero - Paquita la del barrio,61.0367,257.4316,107.7096,78.5073,43.865,137.2818,416.4243,93.4168,0
U065,Colapso - Kevin Kaarl,30.3902,268.1394,79.3298,74.4485,68.5412,314.2693,242.7815,245.7281,0
U104,Mentira - Greeicy,0.4516,143.1269,111.6583,120.3983,126.4231,32.3501,138.3037,158.7733,0
U022,Treat you better - Shawn Mendes,41.8354,445.4753,124.6589,126.3725,23.9731,136.2971,508.3288,112.3242,0
U079,Alguien como tu - Josean Log,45.9075,10.8314,34.764,23.2038,4.7867,170.7006,44.144,165.9139,1
U046,Sin miedo a nada - Alex Ubago,73.1014,163.3835,19.9051,26.3677,13.2913,34.9323,265.3794,48.2237,1
U036,First love late spring - Mitski,61.8251,320.0189,150.2932,115.9238,187.4396,184.561,324.2005,2.8786,0
U056,Dead women - Mitski,4.4013,430.1725,27.9831,41.5208,82.5651,18.888,428.047,63.6771,1
U115,Hombres malvados - Paquita la del barrio,50.4293,99.921,111.7372,122.3693,86.9347,142.3372,210.9996,55.4025,0
U014,There's nothing holding me back - Shawn Mendes,84.5936,83.69,46.9033,47.9173,13.5417,24.6933,12.3269,38.235,1
U106,Doma - Josean log,54.3983,327.4406,36.3627,47.4212,40.0042,29.7279,404.1102,10.2764,1
U001,Euphoria - Jung Kook,4.1519,417.1564,169.1335,128.2472,181.6649,233.8638,433.463,52.199,0
U029,Una y otra vez - Manuel Medrano,82.3671,163.9042,38.7339,45.2549,7.4077,31.0983,83.8022,38.506,1
U095,Sangre para derramar - Milo J,54.651,141.2617,69.5255,97.1473,95.317,131.0667,194.8727,35.7497,0
U035,A gritos de esperanza - Alex Ubago,70.835,42.2744,19.5011,2.1596,39.8463,34.2317,67.293,5.6146,1
U068,Combustion - Josean Log,36.1812,304.5544,3.2426,34.7087,51.5528,63.2643,328.944,114.8172,1
U085,La negra tiene tumbao - Celia Cruz,27.7616,505.9758,98.8253,61.0655,64.9871,87.7857,639.7765,22.7985,0
U030,La distancia - Manuel Medrano,84.5936,115.1023,142.7751,138.471,187.9805,157.6814,191.9596,30.2991,0
U005,Aunque no te pueda ver - Alex Ubago,25.1243,342.1152,0.3053,21.6888,18.8984,69.2474,358.8259,88.1459,1
U068,Love in the dark - Adele,36.1812,282.1237,93.0843,53.862,48.7234,132.4841,306.5133,83.7608,0
U113,Que pides tu - Alex Ubago,59.4279,225.5953,49.6015,77.2963,31.1895,124.2581,166.6378,155.4476,0
U098,From the start - Laufey,18.6661,53.7083,36.5861,47.6713,110.1828,55.7312,69.0034,54.4516,1
U095,Pierdeme el respeto - Paquita la del barrio,55.411,28.0495,27.6001,12.2403,122.5679,40.6762,82.4205,81.8917,1
U029,Quedate - Manuel Medrano,82.3671,184.401,89.9388,56.9771,94.6906,109.9409,104.299,15.2503,0
U003,A gritos de esperanza - Alex Ubago,81.5091,269.3168,70.1413,61.4337,22.6158,220.6391,196.4599,198.0233,0
U120,My you - Jung Kook,39.4312,108.3679,132.0302,168.0444,47.42,547.0544,51.2767,594.4744,0
U016,Never be alone - Shawn Mendes,62.3968,572.248,17.2633,8.6128,35.3121,1.34,662.7241,33.9721,1
U081,Dead women - Mitski,60.214,210.2246,104.8346,115.3214,30.2888,577.7048,173.2509,547.416,0
U004,Rehab - Amy Winehouse,36.2291,327.1275,92.621,90.3654,103.4674,74.4771,435.0325,28.9904,0
U067,Love is a losing game - Amy Winehouse,14.4872,128.5799,86.699,74.0844,141.1197,6.6711,67.6015,147.7907,0
U066,There's nothing holding me back - Shawn Mendes,79.5647,331.8399,67.9731,79.4481,52.458,374.5706,293.3087,322.1126,0
U037,Una y otra vez - Manuel Medrano,62.7244,1.8899,47.0995,0.2718,22.8732,73.422,85.5524,50.5488,1
U047,Quiero + - Greeicy,84.5936,380.5351,5.8279,9.0776,33.1106,15.5497,464.1008,17.5608,1
U048,Desde que estamos juntos - Melendi,84.5936,204.6044,153.8733,130.897,93.89,240.9884,124.3198,147.0985,0
U100,Rara vez - Milo J,60.9263,285.2589,5.6429,1.161,25.7392,1.1273,411.7573,26.8665,1
U046,Washin machine - Mitski,23.4746,568.9452,91.8136,58.8489,74.6288,89.0047,574.3651,14.3759,0
U019,La ley del monte - Vicente Fernandez,65.9542,418.1958,132.8921,141.7839,98.1225,110.4073,593.7316,12.2848,0
U053,Nobody - Mitski,74.3209,220.3432,7.7676,15.0115,56.5964,56.8028,171.4833,0.2064,1
U081,Loba - Shakira,70.8128,179.5598,1.8454,13.4521,16.1438,343.7971,153.1849,359.9409,0
U055,Top of the world - Shawn Mendes,59.0821,42.0111,51.0446,40.0584,6.9183,111.7503,140.0504,118.6685,1
U117,Billie Jean - Michael Jackson,51.2882,267.7497,22.3731,8.7777,12.9749,144.8027,240.5773,157.7777,1
U011,Bored - Laufey,84.5936,4.2958,3.8242,1.1039,56.4557,24.0472,92.6828,32.4085,1
U012,Why why why - Shawn Mendes,32.7597,153.1463,14.5202,86.6782,51.5518,47.5127,50.0965,4.0391,1
U119,Tu jardin con enanitos - Melendi,84.5936,389.663,56.385,80.5774,25.4906,123.4548,470.0116,97.9642,0
U119,First love late spring - Mitski,84.5936,129.4108,83.2851,74.2416,103.0273,110.5426,49.0622,7.5153,0
U015,Colapso - Kevin Kaarl,84.5936,411.8802,213.0384,233.3548,179.7601,310.9724,345.0333,131.2123,0
U052,Fecha de caducidad - Melendi,66.8761,613.1287,33.8486,13.8284,5.9534,116.4549,756.65,122.4083,0
U039,Yo vivire (I will survive) - Celia Cruz,58.6222,253.1581,63.9695,86.9555,35.0555,177.2467,234.6718,142.1914,0
U101,Taco placero - Paquita la del barrio,58.0326,53.7141,23.7421,52.6079,8.1992,12.2029,116.444,4.0037,1
U013,Bad - Michael Jackson,52.7759,563.5605,171.3812,152.9272,57.6276,300.7546,631.4054,243.1272,0
U031,Sin miedo a nada - Alex Ubago,76.1597,204.1219,15.8716,29.1928,18.5624,87.3904,385.9755,68.8281,1
U054,Hate you - Jung Kook,68.5396,128.5165,62.3558,70.4616,54.2963,78.39,79.8827,24.0936,0
U100,Where have you been - Rihanna,60.9263,615.1701,178.5796,167.4151,129.3143,268.637,741.6685,139.3226,0
U113,I bet on losing dogs - Mitski,58.2846,426.2868,14.0354,5.4943,14.2643,52.0099,484.101,66.2741,1
U053,Stronger than me - Amy Winehouse,25.1885,333.949,39.1663,23.3008,70.8627,46.5775,333.6763,24.2852,1
U085,La distancia - Manuel Medrano,80.9332,362.5111,6.3725,11.3338,67.7122,7.7196,549.4835,59.9926,1
U112,Tears dry on their own - Amy Winehouse,22.455,438.933,134.2082,147.9696,93.8208,106.3102,551.8666,12.4894,0
U100,Tierra - Josean Log,60.9263,176.8048,4.6792,34.8967,34.6367,39.2239,50.3064,73.8605,1
U077,Promise - Laufey,32.3816,491.7512,109.8843,102.6708,110.5062,38.2633,524.1328,148.7695,0
U080,Estos celos - Vicente Fernandez,11.5538,306.4858,4.8798,4.6487,92.7746,156.5566,323.5452,63.7819,1
U095,Aunque no te pueda ver - Alex Ubago,51.9209,362.3033,23.4137,41.0701,60.1479,44.5508,413.1841,15.5972,1
U080,Si pudiera - Manuel Medrano,11.5538,319.9041,43.2608,47.2406,73.969,229.5742,302.8447,155.6052,0
U079,Back to black - Amy Winehouse,41.2131,409.0781,137.4383,123.5927,131.3729,74.7419,459.3591,206.1148,0
U119,Pierdeme el respeto - Paquita la del barrio,84.5936,29.2415,71.7581,65.0585,94.5413,99.0519,51.1071,4.5106,0
U070,Lover girl - Laufey,50.4705,598.5084,112.8432,112.5012,101.5002,13.4419,597.7707,88.0584,0
U062,Still with you - Jung Kook,23.8405,424.139,78.0885,77.7819,67.2294,161.843,437.4317,94.6135,0
U032,Retirada - Milo J,71.8833,8.7926,15.7055,5.8454,0.9045,47.6924,63.0907,48.5969,1
U053,Summertime sadness - Lana del rey,73.5609,333.949,5.196,34.9059,13.7374,14.4265,382.0488,28.1639,1
U109,Que pides tu - Alex Ubago,65.0651,68.0483,43.5617,38.7549,19.912,54.6732,49.3847,74.5852,1
U099,Hombres malvados - Paquita la del barrio,80.1763,155.2969,5.0908,0.9968,92.4005,58.9303,88.0573,151.3307,1
U005,Las de la intruicion - Shakira,28.6144,324.8493,119.4284,110.7909,38.033,259.0409,345.0502,221.0079,0
U053,Milagrosa - Milo J,62.839,333.949,118.6237,132.3578,22.2854,169.6139,371.3268,147.3285,0
U083,Say yes to heaven - Lana del rey,68.0677,531.1765,94.8239,25.853,47.7111,246.1367,608.7223,198.4256,0
U114,Como hacer para olvidarte - Manuel Medrano,76.2902,79.0305,195.8817,204.1802,52.8647,568.3774,161.1098,515.5127,0
U055,Bajo el agua - Manuel Medrano,59.0821,97.0114,11.458,10.1512,10.5154,46.9621,1.0279,36.4467,1
U008,Te busco audio - Celia Cruz,21.0908,376.3141,51.7923,6.9555,43.9629,24.2355,378.0336,68.1984,1
U095,Valentine - Laufey,55.411,328.0682,40.193,27.6566,2.0745,23.1495,382.4392,25.224,1
U043,Un violinista en tu tejado - Melendi,68.1244,4.2855,17.0371,20.2284,1.0517,66.8144,149.5669,65.7627,1
U062,Me arrepiento - Alex Ubago,23.8405,114.28,30.1937,24.5151,37.1947,30.1998,100.9873,67.3945,1
U076,Pierdeme el respeto - Paquita la del barrio,52.1989,184.9098,39.7737,37.4398,33.5404,50.4619,294.7773,84.0023,1
U029,Un violinista en tu tejado - Melendi,82.3671,206.8331,102.4061,70.1785,34.6662,150.0596,126.7311,115.3934,0
U091,My you - Jung Kook,32.4385,502.2723,81.6391,75.2361,70.9187,27.6575,579.9838,43.2613,0
U083,Cheque al portamor - Melendi,84.5936,56.464,56.1829,51.0128,44.665,27.826,37.6077,16.839,1
U094,Sangre para derramar - Milo J,60.0947,293.1242,21.7418,41.0128,8.9351,25.2415,393.9681,34.1766,1
U038,La vida es un carnaval - Celia Cruz,41.5733,502.4353,86.5639,89.3806,59.7886,30.0911,545.0948,29.6975,0
U076,Retirada - Milo J,48.7088,139.9897,99.5681,49.8057,27.2692,204.1684,246.3671,176.8992,0
U065,Mas fuerte - Greeicy,27.6742,433.5901,86.743,108.9706,66.4777,190.5037,400.8834,256.9814,0
U043,Bad - Michael Jackson,68.1244,619.6565,208.9967,197.8404,69.4917,248.6671,764.9379,179.1755,0
U068,Washin machine - Mitski,60.3948,418.4726,64.1027,29.6925,69.1812,151.3472,346.2862,82.1661,0
U065,Never be alone - Shawn Mendes,30.3902,433.5901,13.3258,21.6253,64.5943,249.7122,458.9479,185.1179,0
U079,Bajo el agua - Manuel Medrano,45.9075,128.2634,26.496,17.8452,37.9121,210.6767,73.288,248.5887,0
U023,Only girl - Rihanna,77.0067,489.0397,97.4262,89.919,84.8649,37.8866,566.5124,46.9782,0
U026,First love late spring - Mitski,60.9706,33.9242,9.4452,5.6275,114.7355,28.3818,109.6651,143.1173,1
U054,Estos celos - Vicente Fernandez,84.5936,397.8034,141.9314,154.2969,152.7075,157.4561,333.1156,4.7485,0
U106,Vamonos a marte - Kevin Kaarl,54.0194,100.0193,15.0469,8.83,28.4932,11.9677,23.7286,16.5255,1
U109,Dame tu aire - Alex Ubago,65.0651,68.0483,36.0701,26.6889,8.1407,40.6317,49.3847,48.7723,1
U029,Brooklyn baby - Lana del rey,48.6359,414.8504,67.8185,93.1066,37.0663,98.8046,461.2212,61.7384,0
U049,In my bed - Amy Winehouse,30.047,558.4288,153.8808,145.6036,118.2253,115.9024,620.4495,2.3229,0
U030,Standing next to you - Jung Kook,84.5936,317.6429,3.3726,9.4745,60.8244,89.8126,394.5002,150.637,1
U087,La vida es un carnaval - Celia Cruz,26.6801,192.0469,80.0849,61.2782,0.351,239.4631,121.9721,239.1121,0
U105,La ley del monte - Vicente Fernandez,82.6143,93.49,32.3295,51.5808,91.7914,84.5675,148.6948,176.3589,0
U091,Summertime sadness - Lana del rey,49.6365,621.8469,129.1166,105.477,44.0243,120.4578,716.7564,76.4334,0
U114,When we were young - Adele,78.989,128.3072,34.9729,16.515,10.4336,311.0689,48.9267,321.5025,0
U117,In a lake portuguese -  Mitski,35.3158,142.5514,40.8492,46.1394,8.7251,57.7422,28.7749,49.0171,1
U027,In my bed - Amy Winehouse,25.4037,184.7895,2.5007,38.9367,52.4581,340.7316,101.3111,393.1896,0
U098,Fecha de caducidad - Melendi,84.5936,503.7038,36.4965,51.5985,0.0632,21.7213,591.6685,21.7845,1
U113,Ultraviolence - Lana del rey,59.4279,182.561,56.3527,73.9228,35.3455,4.5962,241.5185,30.7493,1
U085,Si hay algo - Josean Log,80.9332,149.2856,0.0624,18.699,18.5126,24.8823,336.258,6.3698,1
U004,"Volver, volver - Vicente Fernandez",67.138,614.4949,95.6967,96.6598,55.913,139.1157,753.3088,83.2027,0
U046,Rata de dos patas - Paquita la del barrio,73.1014,537.7443,106.0005,88.4568,64.7512,84.2069,639.7402,19.4558,0
U062,Send my love - Adele,21.1417,125.8381,129.6777,123.4832,106.5188,194.2294,136.432,87.7106,0
U041,Never be alone - Shawn Mendes,84.5936,354.8233,89.2654,104.6061,20.1284,340.2326,422.0291,320.1042,0
U065,Nobody - Mitski,30.3902,120.7021,74.2411,78.3186,37.0091,114.9504,95.3442,151.9595,0
U066,Las de la intruicion - Shakira,79.5647,197.7714,18.7471,7.1999,0.4708,217.0642,236.3025,216.5934,0
U071,Yo vivire (I will survive) - Celia Cruz,16.3673,450.3029,100.4632,77.9105,83.0231,3.7233,457.78,79.2999,0
U012,Young and beautiful - Lana del rey ,1.8508,394.2294,2.0668,21.7169,3.9541,104.1188,528.1881,108.0729,1
U034,Estos celos - Vicente Fernandez,54.3008,122.354,9.0336,27.7279,36.7537,85.7653,37.2555,49.0114,1
U082,Vamonos a marte - Kevin Kaarl,80.1403,73.9565,15.6645,55.2486,12.8815,28.4057,72.404,15.5242,1
U059,Como hacer para olvidarte - Manuel Medrano,60.7439,138.2399,78.2095,123.3772,51.8349,126.4917,196.8161,74.6568,0
U057,Por si acaso no regreso - Celia Cruz,15.172,149.2628,7.9319,5.7821,2.2338,38.9522,105.186,41.186,1
U088,Bitch better have my money - Rihanna,37.4871,584.0427,173.9852,203.1581,167.1236,181.5487,645.4589,14.4251,0
U037,La luna - Josean Log,62.7244,242.5412,27.9371,29.4028,41.6748,32.3699,329.9835,9.3048,1
U105,Quimbara - Celia Cruz,77.5138,294.1036,14.2793,2.8815,95.9608,59.5845,344.2078,155.5453,1
U097,Fragile - Laufey,43.5248,457.0106,145.7674,139.2122,118.0037,26.8018,512.5467,144.8055,0
U077,Loba - Shakira,32.3816,448.5703,129.6339,138.6336,136.8325,58.5092,480.9519,78.3233,0
U002,Ya para que - Greeicy,7.8368,371.7745,66.4102,46.1691,161.9201,245.871,349.1559,407.7911,0
U019,My you - Jung Kook,47.9962,499.2348,77.3615,88.1967,61.1011,13.2327,656.8126,47.8684,0
U013,Mujeres divinas - Vicente Fernandez,52.7759,68.0313,14.0602,10.1164,29.7446,39.272,135.8762,69.0167,1
U049,Si supieras - Kevin Kaarl,53.9884,50.5101,46.729,56.811,8.5112,39.6634,136.4722,31.1522,1
U039,Rata de dos patas - Paquita la del barrio,66.2091,221.9572,58.6818,59.0099,39.9372,219.8506,211.0579,179.9134,0
U047,Washin machine - Mitski,11.9824,423.9662,18.2727,14.0935,10.3754,10.1654,410.9559,20.5407,1
U059,La negra tiene tumbao - Celia Cruz,10.2711,334.0338,52.2138,9.6791,59.2938,38.9466,342.1371,20.3473,1
U053,Beso - Josean Log,74.3209,346.742,83.5025,90.8141,67.3033,83.3349,297.8822,16.0316,0
U061,Tierra - Josean Log,57.6365,195.0635,9.9721,34.994,63.6563,13.5945,104.5164,50.0618,1
U100,Sangre para derramar - Milo J,60.1663,303.1653,19.1852,37.0038,16.9112,24.54,428.9037,41.4511,1
U003,Diamonds - Rihanna,81.888,330.066,15.3131,45.0209,38.5367,139.0735,403.3018,177.6102,0
U048,Man down - Rihanna,31.422,31.316,42.3672,24.9925,24.6531,108.479,58.4289,133.1322,1
U067,Alguien como tu - Josean Log,67.7894,33.1275,16.9462,24.6422,35.9504,90.8023,176.3824,54.8519,1
U071,Beso - Josean Log,23.9542,230.3881,5.8704,10.5651,37.1405,144.2399,215.324,107.0994,1
U051,Que me perdone tu perro - Paquita la del barrio,69.1707,243.1445,99.2043,105.9833,157.7738,464.1604,253.547,306.3866,0
U014,La mujer que bota fuego - Manuel Medrano,84.5936,99.2964,126.5854,135.4328,26.3548,119.777,3.2796,93.4221,0
U068,Promise - Laufey,36.1812,412.1601,78.2347,36.3998,65.4235,127.9029,436.5497,62.4795,0
U012,Si hay algo - Josean Log,32.7597,220.9098,75.1188,108.2276,58.1207,177.8825,323.9596,119.7619,0
U085,Rara vez - Milo J,80.9332,278.5716,22.6788,42.5571,30.0292,65.2335,465.544,35.2042,1
U024,Si pudiera - Manuel Medrano,74.3637,113.4217,229.8989,211.9955,131.216,365.2103,23.1307,233.9943,0
U034,Me arrepiento - Alex Ubago,54.3008,56.5801,1.641,1.0022,16.4098,115.0331,141.6786,98.6232,1
U036,Standing next to you - Jung Kook,61.8251,161.9363,8.0497,6.7369,19.5792,15.8798,157.7547,35.459,1
U046,Donde nadie pueda ir - Manuel Medrano,73.1014,252.4249,34.2425,47.3367,13.2913,108.7058,354.4208,95.4145,0
U075,Euphoria - Jung Kook,23.1036,64.8857,27.947,85.0477,62.9355,6.7934,95.1256,56.142,1
U074,Sigo aqui - Alex Ubago,68.8065,69.2403,16.5549,10.637,5.9654,22.3534,165.7682,28.3186,1
U042,Rolling in the deep - Adele,84.0393,207.6329,12.3233,42.7308,66.9191,128.7557,72.722,195.6748,1
U093,Dame tu aire - Alex Ubago,79.6162,449.839,193.0439,193.8311,33.9145,158.2361,422.8395,124.3215,0
U024,Washin machine - Mitski,22.2123,204.3849,92.985,88.9025,14.173,187.4115,28.7435,173.2385,0
U111,"Volver, volver - Vicente Fernandez",61.0367,213.5816,64.1666,58.5711,20.9749,88.2326,54.5888,109.2075,0
U063,Me enamore - Shakira,20.5178,137.0709,39.1504,47.7455,3.1911,109.4924,6.1943,112.6835,1
U028,There's nothing holding me back - Shawn Mendes,54.5809,31.4435,100.3488,96.3379,34.5276,155.9981,80.9353,121.4705,0
U112,Alguien como tu - Josean Log,63.9171,51.151,22.5551,32.1797,13.2651,41.2791,205.5467,28.014,1
U010,Si pudiera - Manuel Medrano,41.8107,492.2255,9.4003,17.1672,1.5334,20.9812,549.1673,22.5147,1
U024,I'll change for you - Mitski,18.4204,204.3849,62.0609,48.131,25.2536,189.8173,11.8892,164.5638,0
U103,Doma - Josean log,75.6635,382.1289,11.0296,5.5081,35.4383,31.8634,563.3818,67.3018,1
U050,Young and beautiful - Lana del rey ,53.6847,197.8893,1.3863,19.5855,28.8123,6.4345,144.427,35.2468,1
U088,Chachacha - Josean log,62.9902,14.3293,25.3762,13.898,24.384,43.1139,101.2487,18.73,1
U039,Valentine - Laufey,66.2091,127.9598,88.1151,103.939,50.5174,231.6054,117.0605,181.0881,0
U118,Ultraviolence - Lana del rey,52.0939,366.8858,151.1641,177.647,44.2839,116.1415,512.2438,71.8576,0
U016,Chachacha - Josean log,62.3968,2.5346,30.8042,15.5285,13.632,13.4597,93.0107,0.1722,1
U083,Top of the world - Shawn Mendes,84.5936,19.9776,15.7944,15.064,44.665,74.4276,74.0941,119.0926,1
U076,A gritos de esperanza - Alex Ubago,51.82,14.2886,51.9822,26.9748,48.7998,10.2067,95.2,38.5931,1
U097,Quedate - Manuel Medrano,43.9037,34.0117,6.9208,21.6032,40.3787,181.5094,21.9033,141.1307,1
U088,Sin remitente - Melendi,62.9902,103.783,26.0454,36.7505,17.6701,16.8743,16.8636,0.7958,1
U015,When we were young - Adele,84.5936,198.8861,24.477,34.436,96.814,93.1808,265.7329,3.6332,1
U050,Top of the world - Shawn Mendes,84.5936,116.5266,52.5498,42.6986,66.1053,28.1706,32.1554,94.2759,1
U043,Que pides tu - Alex Ubago,68.1244,57.114,37.7816,32.2944,6.0551,23.6733,88.1674,29.7284,1
U017,A gritos de esperanza - Alex Ubago,39.2765,101.9442,28.6274,34.1477,41.9028,122.7039,61.558,164.6066,1
U048,Las de la intruicion - Shakira,84.5936,274.807,6.0043,18.4234,11.2957,1.8594,355.0916,13.155,1
U003,Ultraviolence - Lana del rey,81.888,80.1719,3.7813,64.5087,36.751,125.7207,153.4077,88.9697,1
U051,Un violinista en tu tejado - Melendi,69.1707,378.539,165.9746,170.4238,110.357,587.3891,368.1365,477.0321,0
U118,Quedate - Manuel Medrano,52.0939,42.5611,36.9327,27.5633,27.0033,15.7352,187.9191,11.2681,1
U094,El chofer - Vicente Fernandez,52.8449,2.6561,52.3077,60.527,50.8461,109.8369,90.938,58.9908,0
U101,La promesa - Melendi,58.0326,170.7709,10.1698,7.0444,19.5268,12.2029,233.5007,7.3239,1
U112,Me arrepiento - Alex Ubago,63.9171,85.4766,30.2415,23.6795,9.9022,8.8757,239.8723,18.7779,1
U040,Soltera - Shakira,44.7784,466.7348,162.3053,178.0234,101.7996,206.4478,533.1189,104.6482,0
U076,Sigo aqui - Alex Ubago,52.1989,101.4606,47.0399,25.7004,27.2692,42.7573,211.3281,15.488,1
U016,Colapso - Kevin Kaarl,62.3968,129.4815,48.7407,61.436,39.259,65.8971,39.0053,26.6381,1
U119,Cola - Lana del rey,40.6336,395.9755,79.0552,36.6597,92.3425,124.4226,432.364,32.0801,0
U042,Say yes to heaven - Lana del rey,67.5134,207.6329,45.1667,149.568,25.5333,110.3033,56.1961,135.8366,0
U030,Pobre pistolita - Paquita la del barrio,84.5936,0.8051,113.3032,100.5139,210.6734,87.2415,77.6624,123.432,0
U007,Beso - Josean Log,68.0895,54.48,18.9188,25.7468,2.7175,52.0925,112.5484,54.81,1
U100,Donde nadie pueda ir - Manuel Medrano,60.9263,298.6498,20.2764,3.0643,8.869,2.4017,425.1482,11.2708,1
U104,Tres veces te engañe - Paquita la del barrio,33.0441,413.2564,121.1862,91.2996,42.987,240.299,441.0257,197.3119,0
U067,First love late spring - Mitski,67.7894,80.4858,5.3812,9.6832,46.7156,16.2189,223.7407,30.4967,1
U045,Soltera - Shakira,68.532,53.7972,31.6825,46.8311,15.1471,115.7326,61.5486,130.8798,1
U013,MAI - Milo J,52.397,319.0055,4.3979,34.0024,16.8269,66.1501,386.4715,82.9772,1
U041,Fragile - Laufey,84.2147,246.5942,20.4318,13.0029,97.0838,238.3356,313.4211,335.4194,0
U030,Ya para que - Greeicy,20.6897,361.074,24.3685,25.0639,36.3549,39.9195,374.0274,3.5646,1
U113,Pierdeme el respeto - Paquita la del barrio,59.4279,32.2707,29.7784,41.5546,32.8595,50.067,91.2282,17.2075,1
U064,MAI - Milo J,56.5447,374.6794,36.8106,10.115,6.2349,8.1441,525.5507,14.3789,1
U063,Lover girl - Laufey,65.3013,236.6597,5.1746,0.9134,5.992,0.88,48.611,6.8721,1
U035,Sangre para derramar - Milo J,70.4539,270.1362,34.6328,72.2824,15.243,15.9036,379.3225,0.6606,1
U072,Limonar - Greeicy,20.6177,16.9987,32.9911,20.2579,62.1933,404.4428,234.1109,466.6361,0
U089,Yes or no - Jung Kook,74.8596,118.5334,7.8578,48.4978,44.7388,156.7671,56.574,112.0285,1
U070,Sangre para derramar - Milo J,55.9716,317.7045,7.019,17.849,25.2066,69.244,423.4089,44.0374,1
U074,La vida es un carnaval - Celia Cruz,49.8798,577.9065,108.2077,78.698,109.6209,80.2188,655.5077,29.4022,0
U005,Yes or no - Jung Kook,25.1243,33.4331,65.7294,54.1899,48.5522,87.0411,16.7223,38.4888,1
U030,Te quiero tanto - Kevin Kaarl,84.5936,181.389,159.7251,186.9968,166.4099,104.9326,258.2463,61.4773,0
U094,Retirada - Milo J,57.3646,134.9919,79.978,56.2601,24.6236,269.3385,233.1057,244.7149,0
U010,Si hay algo - Josean Log,41.8107,123.9915,57.6328,62.158,59.0431,0.7327,180.9333,58.3106,1
U023,Summertime sadness - Lana del rey,83.8336,489.0397,18.0276,24.8938,11.3728,82.3959,573.3394,71.0231,1
U101,Que me perdone tu perro - Paquita la del barrio,58.0326,531.0398,24.4306,45.3301,24.7183,14.1912,593.7696,10.5271,1
U061,Sangre para derramar - Milo J,56.8765,284.9066,4.5339,36.9065,45.9308,28.2784,374.6937,17.6524,1
U096,"Volver, volver - Vicente Fernandez",55.786,218.6174,39.0587,59.9977,90.325,499.7923,152.1925,409.4672,0
U057,Bored - Laufey,56.6341,301.2726,33.6282,17.8295,10.1139,176.1918,303.8872,166.0779,0
U117,Man down - Rihanna,1.8834,83.9704,8.5029,5.4241,38.2879,58.0935,164.3145,19.8056,1
U103,Si hay algo - Josean Log,75.6635,168.9034,2.6768,20.0687,54.4656,13.0857,350.1563,41.38,1
U026,I'll change for you - Mitski,5.0273,559.3105,116.0454,110.8002,23.6211,117.845,579.1081,94.2238,0
U001,No me culpes por sentir - Kevin Kaarl,48.7455,192.1815,20.0373,16.9795,9.498,22.7428,131.2813,13.2448,1
U108,Just friends - Amy Winehouse,61.8987,270.1375,2.0357,33.702,22.1989,252.8598,298.2907,275.0587,0
U035,La promesa - Melendi,71.2139,221.8721,1.1051,23.1171,27.777,82.3717,331.8184,110.1487,1
U104,La luna - Josean Log,33.0441,116.2666,1.2689,29.3006,53.3251,131.2503,144.0359,77.9254,1
U077,Vamonos a marte - Kevin Kaarl,32.0027,175.3679,5.8921,12.8131,33.3241,110.4306,143.3652,143.7547,1
U050,Limonar - Greeicy,40.0,136.3266,3.2805,1.4021,23.7584,73.4809,176.1042,49.7225,1
U109,Send my love - Adele,62.3663,316.7338,197.0882,170.4862,125.023,129.8768,431.468,4.8538,0
U047,Sabes - Alex Ubago,84.5936,144.3105,91.0058,124.408,112.5674,108.7472,227.8762,3.8201,0
U054,Washin machine - Mitski,11.9824,319.5497,43.3985,73.7958,16.8589,52.6749,287.6615,35.816,0
U081,Taco placero - Paquita la del barrio,70.8128,248.2725,89.5615,87.4297,121.3315,489.6188,274.6473,368.2873,0
U095,Fragile - Laufey,55.0321,345.0374,83.1462,70.7624,32.7323,36.8179,399.0295,4.0856,0
U025,Addicted to you - Shakira,53.1236,451.2587,211.0005,201.4935,232.6045,262.2045,493.7333,29.6,0
U103,Rara vez - Milo J,75.6635,298.1894,20.0644,43.9268,42.949,27.2655,479.4423,70.2144,1
U119,Yes or no - Jung Kook,81.1035,70.536,1.537,18.0096,35.3293,85.1328,6.3225,120.4622,1
U014,In my bed - Amy Winehouse,60.6522,504.657,2.4434,27.3969,81.0859,20.4923,576.7324,60.5936,1
U041,I'll change for you - Mitski,28.6503,354.8233,23.6491,25.9898,71.6542,237.8572,366.0858,309.5115,0
U016,Para siempre - Vicente Fernandez,62.3968,57.5839,12.744,20.7006,62.8603,3.1423,32.8922,59.718,1
U030,Si hay algo - Josean Log,84.5936,98.1232,149.0852,145.8362,138.7809,174.8441,21.2659,36.0633,0
U109,Alguien como tu - Josean Log,65.0651,42.2901,29.5304,30.9881,41.8578,66.5562,159.7231,24.6984,1
U110,Borracho te recuerdo - Vicente Fernandez,77.6194,93.8705,24.9168,47.9423,57.1042,23.6786,190.3844,33.4256,1
U053,Retirada - Milo J,70.8308,136.1881,21.054,67.9832,22.2854,100.1504,90.8184,122.4358,1
U039,Too little too late - Laufey,54.2817,84.1201,85.2989,81.9105,13.0023,291.5115,61.2935,278.5092,0
U101,From the start - Laufey,45.2271,26.3723,91.3529,106.2929,122.4067,27.8413,66.9023,94.5654,0
U090,Beat it - Michael Jackson,54.7533,162.459,23.3636,59.9069,148.3424,217.0228,96.2042,365.365,0
U030,Me enamore - Shakira,22.175,230.2843,35.2195,28.85,75.4242,3.5303,244.723,78.9545,1
U017,La distancia - Manuel Medrano,39.6554,276.4995,17.0871,29.0938,8.2191,140.9926,317.2646,132.7734,1
U093,Cinnamon girl - Lana del rey,69.4551,12.1799,26.8168,44.3052,56.0261,58.4646,29.0183,2.4385,1
U110,Sangre para derramar - Milo J,76.8594,241.0629,56.5093,80.8115,63.3497,119.9656,336.8168,56.6159,0
U100,Me arrepiento - Alex Ubago,60.9263,76.7511,3.4278,4.1055,18.7156,61.2598,203.2495,79.9753,1
U034,Desde que estamos juntos - Melendi,54.3008,7.3586,0.5781,7.3404,5.0992,118.2913,92.4571,113.192,1
U104,Mas fuerte - Greeicy,25.0203,450.5901,98.4446,118.4997,96.1822,54.4785,420.2949,150.6608,0
U104,Cheque al portamor - Melendi,33.0441,137.0504,22.6816,12.0962,24.4027,158.8755,109.2811,134.4729,1
U038,Fecha de caducidad - Melendi,60.5,502.4353,7.6873,9.8892,70.2029,6.1506,564.0215,64.0523,1
U011,Quiero + - Greeicy,84.5936,472.9136,9.3846,1.1039,44.8011,23.9574,561.3006,68.7585,1
U029,Top of the world - Shawn Mendes,82.3671,136.3037,41.4583,21.0283,43.0333,0.0652,56.2017,42.9681,1
U007,Vamonos a marte - Kevin Kaarl,67.7106,47.2206,2.968,17.3467,41.5022,66.638,119.4289,25.1358,1
U107,My love mine all mine - Mitski,30.0336,319.8544,34.1764,13.3041,61.2432,2.2894,361.0759,63.5326,1
U105,Billie Jean - Michael Jackson,82.6143,294.1036,14.6076,63.4899,35.0806,34.2183,349.3084,0.8622,1
U094,Dont stop the music - Rihanna,60.4758,605.129,151.7826,177.8995,161.6185,200.8639,706.354,39.2454,0
U069,You know i'm no good - Amy Winehouse,27.2403,23.5592,20.5965,49.8932,33.0495,164.7199,47.1587,131.6704,1
U052,Si hay algo - Josean Log,66.8761,153.9315,8.1643,12.6185,29.0601,26.8292,297.4528,2.231,1
U083,Euphoria - Jung Kook,40.0,383.8051,114.7293,85.3117,112.6397,195.4719,433.2832,82.8323,0
U052,Tierra - Josean Log,66.8761,178.8462,13.6132,22.4961,42.8324,26.8292,35.3249,69.6616,1
U091,Sabes - Alex Ubago,50.3965,342.1912,27.2252,4.9374,14.0489,42.7939,437.8607,56.8427,1
U037,Que me perdone tu perro - Paquita la del barrio,62.7244,576.8647,50.1976,39.2451,51.8021,15.4928,664.307,67.2949,0
U013,Que me perdone tu perro - Paquita la del barrio,52.7759,569.873,46.1919,39.7557,60.3326,108.5018,637.7179,168.8345,0
U011,Valentine - Laufey,84.5936,391.1464,12.1862,19.2332,47.0785,14.7949,479.5334,61.8734,1
U028,Rata de dos patas - Paquita la del barrio,54.5809,575.196,160.3753,149.7622,98.237,203.1661,687.5747,104.9292,0
U074,Aunque no te pueda ver - Alex Ubago,65.3164,486.9433,13.4751,27.7274,4.355,26.1834,579.981,30.5384,1
U063,My you - Jung Kook,23.9428,148.286,40.8985,31.1543,24.2389,46.8461,49.4814,22.6072,1
U004,Smooth criminal - Michael Jackson,67.138,614.4949,139.7472,87.2723,5.7608,345.9072,753.3088,351.668,0
U035,Top of the world - Shawn Mendes,71.2139,30.9869,27.6728,13.9671,6.0812,107.1491,140.9332,101.0679,1
U106,La promesa - Melendi,54.3983,213.1434,25.2541,8.9868,16.8013,35.0858,289.813,51.8871,1
U069,Promise - Laufey,84.5936,398.4603,1.6769,53.3054,49.8137,119.6819,479.4131,69.8682,0
U023,Los consejos - Greeicy,84.5936,1.0857,48.372,24.8938,5.0056,129.2301,86.1454,124.2246,1
U117,A veces a besos - Greeicy,39.3608,88.2572,0.3041,20.2149,38.2879,60.4855,127.3569,22.1976,1
U033,Me arrepiento - Alex Ubago,67.8672,282.7516,127.3824,131.2817,136.6694,524.2412,296.7086,387.5718,0
U026,No me culpes por sentir - Kevin Kaarl,60.9706,197.3988,36.1851,28.6979,91.5326,63.0276,121.6579,28.505,1
U087,Billie Jean - Michael Jackson,45.6068,192.0469,77.5765,81.9934,72.7095,127.3342,140.8988,54.6246,0
U111,Somedoy - Jung Kook,44.9827,185.6676,35.1316,23.0303,36.2405,59.9347,360.7144,96.1752,1
U043,Tears dry on their own - Amy Winehouse,26.6623,441.0064,135.4034,140.3175,51.3712,112.033,544.8257,60.6618,0
U120,Retirada - Milo J,53.8991,242.1946,100.4107,170.8808,15.4972,339.6772,387.3713,324.18,0
U086,Que me perdone tu perro - Paquita la del barrio,84.5936,483.83,66.2555,86.3923,39.5074,4.804,569.653,34.7034,0
U096,Send my love - Adele,53.0872,73.371,25.5875,7.8549,12.0494,446.3674,142.4947,434.3179,0
U099,La negra tiene tumbao - Celia Cruz,27.0047,257.6083,15.9309,16.3978,97.9437,67.6789,271.6762,165.6227,1
U004,Still with you - Jung Kook,67.138,620.8074,108.7537,103.1013,94.8992,160.1542,759.6213,65.2549,0
U023,Dame tu aire - Alex Ubago,84.5936,194.0433,120.9947,118.1447,55.9275,181.6751,108.9836,125.7475,0
U067,Dead women - Mitski,57.1906,587.0435,27.1493,14.8852,78.8576,84.9294,719.6996,163.787,0
U047,Stronger than me - Amy Winehouse,35.4612,423.9662,55.2479,34.3383,2.6311,29.9207,458.3994,27.2895,1
U120,Bajo el agua - Manuel Medrano,57.3892,462.2341,202.3275,232.1138,31.3288,619.4339,603.9207,588.105,0
U090,Where have you been - Rihanna,54.7533,162.459,6.6491,11.4059,23.7744,2.6038,96.2042,26.3783,1
U007,Too sad to dance - Jung Kook,66.9462,626.211,103.422,66.098,124.9835,95.7904,792.0961,29.1932,0
U009,A veces a besos - Greeicy,72.6662,1.9304,97.5226,140.9773,91.8102,234.1367,61.339,142.3265,0
U108,Dont stop the music - Rihanna,65.4091,319.6309,56.6967,48.3812,76.5107,179.5239,351.2945,256.0346,0
U047,Billie Jean - Michael Jackson,84.5936,423.9662,36.6606,12.4312,47.2892,92.0768,507.5319,139.366,0
U023,Send my love - Adele,81.8948,190.7388,40.0234,25.6526,60.9548,11.1666,273.0997,72.1214,1
U058,Standing next to you - Jung Kook,51.3542,575.8212,188.3898,163.1998,111.6478,323.3423,677.3159,211.6945,0
U009,Chicago - Michael Jackson,84.5936,147.0394,102.6875,159.5394,132.2615,219.491,218.3753,87.2295,0
U088,Dame tu aire - Alex Ubago,62.9902,99.0403,16.5285,23.4447,10.3704,7.4325,12.1209,2.938,1
U020,Las de la intruicion - Shakira,81.4806,257.1339,46.9487,57.5313,40.7805,20.0257,326.2582,60.8062,1
U090,Pierdeme el respeto - Paquita la del barrio,54.7533,262.758,162.4885,130.9178,149.702,156.3103,329.0128,6.6084,0
U044,Taco placero - Paquita la del barrio,84.5936,85.2727,28.8175,44.9863,30.6263,28.3434,186.9132,2.2829,1
U054,Never be alone - Shawn Mendes,84.5936,319.5497,125.3889,163.6202,119.7221,157.4561,384.2375,37.734,0
U029,Caminando por la vida - Melendi,82.3671,214.2368,47.0625,28.9679,5.224,78.0862,294.3388,83.3102,1
U058,I'll change for you - Mitski,4.5891,619.2523,155.5375,145.7118,82.144,212.3647,664.8037,130.2206,0
U008,Easy on me - Adele,23.3973,395.1427,130.5353,112.6874,94.0183,26.0734,399.1687,67.9449,0
U002,Que pides tu - Alex Ubago,56.0671,311.3085,72.4877,87.4608,42.1252,379.2801,270.0232,421.4053,0
U049,Aunque no te pueda ver - Alex Ubago,50.4983,516.959,71.5206,64.8517,18.6535,87.8163,599.4309,69.1629,0
U024,Brooklyn baby - Lana del rey,40.6325,204.3849,46.3675,28.6432,26.4495,136.2578,34.1013,109.8082,1
U099,Rara vez - Milo J,80.1763,30.2041,105.5732,120.0204,2.9274,220.6981,97.4437,223.6254,0
U099,When we were young - Adele,80.1763,269.1521,46.4164,38.2111,50.1133,24.1913,336.3917,25.922,1
U072,La promesa - Melendi,65.2113,78.9667,111.0383,101.4428,61.5286,474.5305,251.4853,413.0019,0
U110,My you - Jung Kook,59.6614,433.4931,13.591,19.2978,33.1262,83.2458,512.049,116.372,1
U004,Sangre para derramar - Milo J,66.378,308.8026,15.2859,32.094,7.7205,8.2088,446.8565,0.4883,1
U012,Thriller - Michael Jackson,32.7597,238.2874,24.0882,7.7479,88.7548,21.3013,135.2376,110.0561,1
U010,Una y otra vez - Manuel Medrano,41.8107,4.4341,86.3793,62.158,61.8259,140.265,61.3759,78.439,0
U016,Tierra - Josean Log,62.3968,219.7269,11.2052,12.987,63.8747,52.6437,129.2508,11.231,1
U005,Una y otra vez - Manuel Medrano,28.6144,145.6762,18.6129,15.7431,2.8823,136.9477,125.4753,134.0654,1
U034,Que le den candela - Celia Cruz,4.4789,551.568,110.7713,111.5632,70.78,2.1444,577.8868,72.9243,0
U072,Treat you better - Shawn Mendes,65.2113,128.4671,46.9643,20.2579,13.8255,458.2038,44.0514,444.3782,0
U049,Gitana - Shakira,41.1625,251.9153,151.8319,160.74,123.9712,126.4965,325.0515,2.5253,0
U026,Never be alone - Shawn Mendes,60.9706,559.3105,3.1309,19.7957,68.1615,15.4696,635.0514,83.6311,1
U033,Aca entre nos - Vicente Fernandez,67.8672,206.174,59.338,56.8348,64.272,450.5116,192.217,386.2397,0
U065,Es que yo te quiero a ti - Kevin Kaarl,30.3902,427.2776,20.7836,15.8488,107.8911,236.8,452.6354,128.909,0
U114,Cinnamon girl - Lana del rey,68.8279,1.7937,19.667,26.2861,35.5647,283.3494,91.3353,318.9141,0
U001,Sangre para derramar - Milo J,47.9855,252.523,23.6958,58.378,3.036,10.2332,312.6632,13.2692,1
U021,Que le den candela - Celia Cruz,5.4319,168.929,12.4469,3.0555,13.4199,217.8083,17.435,231.2282,1
U023,Loba - Shakira,84.5936,439.5463,23.2411,27.5512,55.3146,32.181,524.606,23.1336,1
U011,Que me perdone tu perro - Paquita la del barrio,84.5936,516.3447,53.7766,42.4973,63.8895,72.7241,604.7317,8.8346,0
U043,Sabes - Alex Ubago,68.1244,346.3133,31.3657,12.9397,19.2347,11.9835,491.5947,31.2182,1
U042,Niño - Milo J,77.7063,511.901,229.5817,259.7024,85.0893,425.5603,653.1449,340.471,0
U049,Colapso - Kevin Kaarl,53.9884,93.8073,2.3793,6.252,9.6254,2.7309,7.8451,12.3563,1
U046,Why why why - Shawn Mendes,73.1014,483.8041,63.7308,2.2961,21.6644,63.2896,585.8,41.6252,0
U038,Why why why - Shawn Mendes,60.5,417.2942,42.6016,10.4503,28.6205,34.5935,478.8804,63.214,1
U019,I am - Milo J,63.2554,539.5241,1.4744,13.5991,31.041,76.6823,712.3611,45.6414,1
U049,Loba - Shakira,53.9884,558.4288,184.2553,191.5697,119.7533,245.3974,644.3909,125.6441,0
U106,Soltera - Shakira,54.3983,442.6226,146.142,144.5262,114.5456,122.3099,519.2922,7.7642,0
U045,Bitch better have my money - Rihanna,43.0289,184.5869,19.0263,32.1663,98.855,82.0099,166.8351,180.8649,1
U094,Colapso - Kevin Kaarl,60.8547,96.6005,44.7713,43.5353,2.0449,26.672,5.0035,28.7169,1
U101,Sabes - Alex Ubago,58.0326,251.3841,28.0111,26.3991,4.5155,58.622,314.1139,63.1375,1
U055,La distancia - Manuel Medrano,59.0821,347.1935,31.3326,23.197,23.2751,20.5442,445.2328,43.8192,1
U038,Quedate - Manuel Medrano,60.5,96.8161,40.4554,22.8213,119.6895,97.2832,35.2299,22.4063,1
U103,First love late spring - Mitski,75.6635,102.7143,3.2083,6.3677,35.4383,77.3016,283.9672,112.7399,1
U029,Valentine - Laufey,82.3671,289.6521,5.9546,17.5261,28.885,31.0983,369.7541,2.2133,1
U044,Where have you been - Rihanna,84.5936,562.5984,101.5077,50.615,116.8056,117.4783,664.2388,0.6727,0
U104,La negra tiene tumbao - Celia Cruz,20.1275,348.0831,90.4477,79.3905,91.9398,52.3227,322.6807,144.2627,0
U113,"Volver, volver - Vicente Fernandez",59.4279,451.1752,39.2788,2.2922,58.0249,6.867,510.1327,51.1579,1
U010,Limonar - Greeicy,2.7829,284.8878,132.9242,130.4853,116.064,154.4118,297.236,38.3477,0
U081,Por si acaso no regreso - Celia Cruz,29.3507,167.5397,10.2879,39.0589,5.1577,257.5962,99.7026,252.4385,0
U044,Mentira - Greeicy,52.0011,255.1352,59.9999,28.9913,142.7301,20.7058,324.1831,122.0243,0
U025,Si pudiera - Manuel Medrano,67.5389,550.5052,27.0747,28.9082,12.1955,8.2329,713.6423,3.9626,1
U074,Te quiero tanto - Kevin Kaarl,68.8065,398.2215,6.9931,62.9423,12.9861,24.2629,494.7494,37.2489,1
U091,Vamonos a marte - Kevin Kaarl,50.0176,51.5847,34.8593,6.4753,7.2033,66.0949,43.7059,58.8915,1
U085,Sin miedo a nada - Alex Ubago,80.9332,202.9211,16.8353,25.8134,46.8994,77.1302,389.8935,124.0297,1
U069,Diamonds - Rihanna,84.5936,379.7402,1.1855,19.2412,43.5145,135.3055,460.693,91.791,1
U094,San lucas - Kevin Kaarl,60.8547,92.0193,3.3196,10.4299,8.792,42.9653,9.5846,34.1733,1
U042,Tres veces te engañe - Paquita la del barrio,84.0393,170.2992,52.3057,123.038,0.5469,14.9085,35.3883,14.3616,1
U085,Gitana - Shakira,68.1073,252.4759,90.202,71.2436,67.8072,85.6299,426.6224,17.8227,0
U082,My love mine all mine - Mitski,38.438,383.4794,49.9568,6.4822,54.8191,32.1483,488.1376,22.6708,1
U012,Estos celos - Vicente Fernandez,32.7597,479.0657,84.9703,110.6265,134.436,126.5788,582.1155,7.8573,0
U010,Vamonos a marte - Kevin Kaarl,41.4318,90.2429,44.6698,31.4836,37.6366,61.206,33.68,23.5693,1
U014,Treat you better - Shawn Mendes,84.5936,401.3153,28.4269,33.8758,18.4859,20.4923,497.3322,38.9783,1
U055,Taco placero - Paquita la del barrio,59.0821,115.8395,56.1786,62.6265,29.4489,86.9729,213.8789,116.4217,0
U050,Just friends - Amy Winehouse,80.7043,385.1341,4.008,7.881,28.8123,7.4044,465.616,21.4079,1
U070,Quedate - Manuel Medrano,56.7316,30.4579,20.8441,32.4517,55.5397,56.067,136.9223,0.5273,1
U083,Me arrepiento - Alex Ubago,84.5936,7.2425,62.3426,68.4152,67.7936,11.9053,86.8292,55.8883,1
U037,Thriller - Michael Jackson,62.7244,576.8647,117.56,100.2079,10.5437,133.0735,664.307,143.6172,0
U092,You know i'm no good - Amy Winehouse,3.1859,39.6359,35.2842,20.3468,68.0727,204.2027,35.0927,272.2754,0
U111,Sangre para derramar - Milo J,60.2767,92.1107,175.1492,187.3249,42.6586,235.5571,251.8635,192.8985,0
U077,The girl is mine - Michael Jackson,32.3816,30.6091,50.8915,60.2641,21.8878,56.0677,1.7725,77.9555,1
U099,Dead women - Mitski,69.5775,341.2867,66.949,77.2593,50.1133,184.8415,397.9275,234.9548,0
U050,Mercy - Shawn Mendes,84.5936,234.0139,22.8386,14.5112,27.6483,26.0396,318.3851,53.6879,1
U025,Si hay algo - Josean Log,67.5389,182.2712,21.1578,16.0826,69.7052,29.9468,345.4083,39.7585,1
U047,Los besos - Greeicy,58.0341,260.298,19.1174,8.284,16.4111,37.5507,317.3043,53.9618,1
U079,Stronger than me - Amy Winehouse,3.2249,561.9132,188.6331,170.3622,146.8918,15.5071,567.7561,131.3847,0
U098,Mujeres divinas - Vicente Fernandez,84.5936,1.8621,62.4679,42.9308,6.3542,55.5311,89.8268,49.1769,1
U059,Alguien como tu - Josean Log,63.4427,136.2038,74.7616,90.7098,103.3446,84.0889,74.9288,19.2557,0
U102,Para siempre - Vicente Fernandez,84.5936,351.3215,124.4111,126.926,42.3382,362.5887,294.9107,320.2505,0
U022,Estos celos - Vicente Fernandez,41.8354,119.0427,53.4892,55.6463,33.3443,87.6827,56.1893,121.0272,1
U098,Ya para que - Greeicy,20.6897,503.7038,62.5359,67.9639,137.3763,67.0202,527.7646,70.3561,0
U095,In my blood - Shawn Mendes,55.411,397.7457,25.6775,14.6408,56.8709,56.9378,452.1167,113.8086,1
U010,Quiero + - Greeicy,41.8107,539.7576,133.8694,145.2761,95.8412,131.1025,596.6994,35.2612,0
U054,Loba - Shakira,84.5936,270.0563,9.5169,31.1257,5.7097,20.6533,334.7441,14.9436,1
U069,Que le den candela - Celia Cruz,25.8139,361.3417,12.6041,56.6785,74.3709,117.3979,383.5148,43.027,0
U070,Amor viejo - Kevin Kaarl,56.7316,134.7713,9.1253,27.6819,6.0531,91.0434,241.2357,84.9903,1
U013,Ultraviolence - Lana del rey,52.7759,294.9463,106.1203,138.6003,1.653,157.2685,362.7912,158.9216,0
U109,Beso - Josean Log,65.0651,65.6563,60.7307,64.0316,28.3453,10.2609,51.7767,18.0844,1
U008,Bajo el agua - Manuel Medrano,23.3973,295.0339,53.7068,55.6916,4.4964,256.5279,291.0079,252.0314,0
U094,MAI - Milo J,60.4758,354.2615,4.2035,13.2311,16.8451,79.1768,455.4865,62.3318,1
U093,Dont stop the music - Rihanna,79.2373,233.244,34.1302,12.0181,111.6123,12.8546,259.8646,124.4669,1
U046,Mujeres divinas - Vicente Fernandez,73.1014,67.1035,2.8451,9.3757,26.209,54.7069,169.0994,28.4979,1
U004,Te quiero tanto - Kevin Kaarl,67.138,441.1224,10.3577,11.2317,18.8175,76.3866,579.9363,57.5691,1
U097,Sin miedo a nada - Alex Ubago,43.9037,159.678,46.1521,26.211,15.7346,77.99,215.593,93.7245,1
U110,Si pudiera - Manuel Medrano,77.6194,462.1045,68.4583,63.7794,66.6924,126.9956,558.6184,60.3032,0
U041,Love on the brain - Rihanna,84.5936,138.8276,47.5457,47.489,91.7602,184.2977,206.0334,276.0579,0
U029,West coast - Lana del rey,76.8581,149.4641,42.8534,32.8358,94.6906,69.9404,224.0571,164.631,0
U021,Bad - Michael Jackson,53.3478,206.0476,52.7008,68.1965,28.2692,78.877,113.3333,107.1461,0
U029,First love late spring - Mitski,82.3671,110.5359,73.3655,31.5539,100.0944,44.2181,30.4339,55.8763,1
U052,Soltera - Shakira,66.8761,482.339,126.2964,135.3003,93.706,197.6447,625.8603,103.9386,0
U108,A gritos de esperanza - Alex Ubago,65.4091,304.7845,62.6938,96.0891,38.9536,305.011,273.1209,266.0574,0
U094,Para siempre - Vicente Fernandez,60.8547,24.7029,16.7134,38.6013,25.6462,89.4268,76.901,115.073,1
U051,Send my love - Adele,66.4719,55.1564,8.2964,26.6265,1.8608,359.698,47.4527,361.5588,0
U107,You da one - Rihanna,72.1148,377.5828,119.9248,89.9578,114.5944,138.0329,460.8856,23.4385,0
U003,Lo hecho esta hecho - Shakira,48.1568,355.0986,109.7639,107.0296,81.9278,35.0527,394.6032,46.8751,0
U053,Promise - Laufey,74.3209,327.6365,16.3231,18.4237,54.0985,3.3779,376.4963,50.7206,1
U105,Dame tu aire - Alex Ubago,82.6143,388.9794,143.3497,168.178,16.6791,188.221,333.7746,171.5418,0
U045,Dont stop the music - Rihanna,68.1531,184.5869,12.5737,12.6235,66.8878,125.6096,191.9594,192.4974,1
U038,Promise - Laufey,60.5,496.1228,84.8164,73.7104,20.5862,36.8643,557.709,16.2781,0
U066,Mercy - Shawn Mendes,79.5647,105.3869,55.0816,52.2975,32.7901,372.4519,143.918,339.6618,0
U079,Vamonos a marte - Kevin Kaarl,45.5286,111.5184,50.0135,13.1538,52.9455,99.8598,56.9219,152.8053,1
U083,Quedate - Manuel Medrano,84.5936,68.0749,64.2749,51.0128,96.3223,35.4481,25.9968,60.8742,1
U037,Just friends - Amy Winehouse,58.8351,527.3713,100.9329,74.5344,82.1652,21.4923,610.9243,60.6729,0
U056,Tierra - Josean Log,15.0001,342.9738,9.6774,32.4954,24.9967,23.3826,334.5005,48.3793,1
U110,Summertime sadness - Lana del rey,76.8594,553.0677,61.0685,49.5387,6.2318,9.5545,648.8216,3.3227,0
U103,No me culpes por sentir - Kevin Kaarl,75.6635,128.6087,29.9482,40.6931,12.2354,14.1078,52.6442,1.8724,1
U006,Loba - Shakira,76.6242,323.3003,48.5841,15.983,0.2274,110.1122,388.6618,110.3396,0
U063,Fragile - Laufey,41.5219,159.6315,41.6729,36.6461,7.3345,84.3187,78.406,76.9842,1
U049,Cheque al portamor - Melendi,53.9884,20.2817,47.3259,59.0752,4.8086,22.0995,106.2438,17.2909,1
U023,Bajo el agua - Manuel Medrano,84.5936,201.1369,135.8024,119.2041,63.2272,247.5757,116.0772,184.3484,0
U050,Los besos - Greeicy,58.0341,270.9593,10.9542,33.5545,53.0573,28.1706,328.7711,24.8866,1
U119,Young and beautiful - Lana del rey ,53.6847,236.5413,0.2144,1.4319,48.9514,100.9948,187.1016,149.9462,1
U092,Easy on me - Adele,60.5392,420.8495,99.152,74.5211,57.6077,59.5476,473.6596,117.1553,0
U108,Alguien como tu - Josean Log,65.788,253.1137,108.7567,129.1326,119.0146,350.8299,221.0712,231.8153,0
U107,Si supieras - Kevin Kaarl,72.1148,21.562,33.4452,31.7387,11.5719,42.8262,61.7407,54.3981,1
U006,Stitches - Shawn Mendes,76.6242,16.6299,22.8988,38.0584,90.8097,247.8648,48.7316,157.0552,0
U012,Caminando por la vida - Melendi,32.7597,37.6738,54.7009,91.9406,42.7062,147.5347,65.376,104.8285,0
U077,Bad - Michael Jackson,32.3816,491.7512,164.1048,170.5497,100.7983,102.952,524.1328,2.1538,0
U054,Set fire to the rain - Adele,62.6929,319.5497,5.568,15.5363,48.0697,32.9196,362.3368,80.9893,1
U014,Never be alone - Shawn Mendes,84.5936,554.1504,83.0541,113.9253,42.8179,28.1221,650.1672,14.6958,0
U052,Para siempre - Vicente Fernandez,66.8761,16.7032,10.336,30.2097,41.818,76.3306,126.8181,118.1486,1
U043,I am - Milo J,65.4256,546.6837,9.8925,18.5574,26.4092,93.0679,689.2663,66.6588,0
U038,Pierdeme el respeto - Paquita la del barrio,60.5,77.2183,12.3551,11.785,116.6073,20.0697,138.8045,96.5376,1
U079,When we were young - Adele,45.9075,470.95,192.2249,178.2016,110.0213,44.2051,525.9254,65.8162,0
U007,Brooklyn baby - Lana del rey,34.3583,626.211,151.2299,151.6892,110.1655,213.4033,759.5082,103.2379,0
U065,La vida es un carnaval - Celia Cruz,11.4635,433.5901,84.5441,90.5766,73.7136,175.1485,440.0212,248.8621,0
U109,Niño - Milo J,58.7321,104.4992,9.9683,6.6217,13.8084,91.3678,6.6008,77.5594,1
U091,Los besos - Greeicy,23.837,458.1787,137.3484,137.6294,114.9296,113.9904,527.2888,0.9392,0
U104,There's nothing holding me back - Shawn Mendes,33.0441,187.2503,34.5266,53.9118,5.6136,60.8716,159.4809,55.2581,1
U099,Los consejos - Greeicy,80.1763,127.8387,31.8821,27.835,36.2257,112.3449,60.5991,148.5707,1
U050,Man down - Rihanna,31.422,82.9074,14.6272,16.1929,40.6198,71.0889,114.1069,30.4691,1
U024,Only girl - Rihanna,66.7768,204.3849,15.0817,16.1354,37.9459,108.3777,60.2455,146.3235,1
U056,Pierdeme el respeto - Paquita la del barrio,15.0001,23.7841,17.742,45.5019,34.5221,99.0892,32.2574,133.6113,1
U070,Chachacha - Josean log,56.7316,59.9959,63.5344,56.593,34.5746,11.5433,166.4603,23.0312,1
U063,Too sad to dance - Jung Kook,40.7575,267.8606,12.7757,16.4704,4.473,20.7437,185.8707,25.2166,1
U080,Lover girl - Laufey,95.6483,379.6664,74.5124,66.0775,56.0805,139.8583,255.4049,195.9389,0
U072,Rie y llora - Celia Cruz,35.4087,274.9897,14.7236,23.4416,65.9728,462.3564,72.6685,528.3292,0
U019,A gritos de esperanza - Alex Ubago,65.5753,5.606,61.3951,62.5294,19.7145,26.6482,169.5509,6.9337,1
U077,Where have you been - Rihanna,32.3816,498.0637,168.5522,160.2573,146.7891,58.5092,530.4453,88.2799,0
U079,In a lake portuguese -  Mitski,40.6965,436.7149,106.8235,86.231,101.2213,124.8817,405.0862,226.103,0
U046,San lucas - Kevin Kaarl,73.1014,128.2031,8.0899,29.8335,21.3444,64.0403,26.2072,42.6959,1
U003,Somedoy - Jung Kook,65.834,50.4631,15.7424,28.4189,1.194,95.152,6.7187,96.346,1
U037,West coast - Lana del rey,57.2154,311.4784,42.98,12.1473,64.4097,112.2641,393.4117,176.6738,0
U052,Donde nadie pueda ir - Manuel Medrano,66.8761,296.6084,29.2104,15.4649,0.6733,14.7964,440.1297,15.4697,1
U004,Soltera - Shakira,67.138,490.0177,139.1297,152.6107,111.0924,177.2906,628.8316,66.1981,0
U103,La distancia - Manuel Medrano,75.6635,382.1289,8.9869,12.7035,5.266,30.2484,563.3818,24.9824,1
U097,Te quiero tanto - Kevin Kaarl,43.9037,385.5547,18.7393,7.8352,16.4924,110.091,441.4697,126.5834,1
U074,Mercy - Shawn Mendes,68.8065,377.2929,59.3801,59.6547,20.2571,60.5892,473.8208,40.332,0
U046,Doma - Josean log,73.1014,322.9735,11.485,6.3235,74.8084,48.3025,424.9694,26.506,1
U088,Milagrosa - Milo J,51.5083,584.0427,26.9891,27.6457,1.8385,63.3407,659.4801,61.5022,0
U047,Still with you - Jung Kook,84.5936,423.9662,17.3474,19.0233,21.456,7.7596,507.5319,29.2154,1
U021,Someone like you - Adele,36.3473,127.219,6.7285,2.0188,40.475,166.6674,17.5042,207.1424,1
U105,Man down - Rihanna,29.4427,57.6165,28.4778,60.1363,86.3434,52.4909,55.5834,138.8343,1
U031,Si supieras - Kevin Kaarl,76.1597,52.2715,15.8646,36.0648,17.809,9.057,234.1251,8.752,1
U083,Doma - Josean log,84.5936,285.2048,33.4637,13.7138,101.7261,15.1635,379.2765,86.5627,1
U063,Stitches - Shawn Mendes,41.9008,121.563,23.6352,2.5098,75.483,22.7785,202.4096,98.2614,1
U031,Yo vivire (I will survive) - Celia Cruz,68.5728,609.6836,96.6793,57.6861,101.4866,179.2689,783.9502,77.7822,0
U003,Yes or no - Jung Kook,78.3979,111.4129,12.1287,3.9198,24.9146,166.4648,41.6672,191.3795,1
U100,Mercy - Shawn Mendes,60.9263,414.5565,72.8316,106.4555,42.87,145.4617,541.0549,102.5916,0
U063,Top of the world - Shawn Mendes,41.9008,283.2935,48.6932,45.0141,99.3906,39.4868,364.1401,138.8774,0
U091,Que pides tu - Alex Ubago,50.3965,61.2361,33.6411,24.2921,11.2409,7.1371,34.4334,4.1039,1
U047,Soltera - Shakira,84.5936,293.1765,47.7234,30.4861,5.2628,24.896,376.7422,30.1586,1
U018,A gritos de esperanza - Alex Ubago,80.0184,382.0475,157.2303,148.1331,51.4246,418.3975,350.4876,366.9729,0
U032,Set fire to the rain - Adele,53.4727,461.3445,87.9171,95.2663,145.9747,101.2653,514.8172,247.24,0
U046,When we were young - Adele,73.1014,477.982,132.3806,115.1201,50.7648,137.458,579.9779,86.6932,0
U118,Quiero + - Greeicy,52.0939,598.3814,135.6277,122.4036,94.2949,116.1415,743.7394,21.8466,0
U053,Rie y llora - Celia Cruz,44.5183,327.6365,7.0686,38.0896,59.1233,33.4972,346.6937,92.6205,1
U093,Me enamore - Shakira,17.1976,102.4543,57.5054,51.9213,58.5824,4.5813,67.0352,54.0011,1
U106,Mujeres divinas - Vicente Fernandez,54.3983,71.5706,27.7228,31.722,8.5952,36.1323,148.2402,44.7275,1
U091,Cinnamon girl - Lana del rey,40.2354,400.7828,192.3766,161.752,89.4102,237.8793,486.2912,148.469,0
U063,Stronger than me - Amy Winehouse,7.2316,267.8606,50.9413,57.2933,5.992,106.9582,137.8815,100.9662,0
U009,Quiero + - Greeicy,84.5936,314.5062,106.2863,126.1865,128.8944,257.446,385.8421,128.5516,0
U014,Lover girl - Laufey,22.6085,522.9495,20.2044,33.8758,73.0518,11.4238,511.7642,84.4757,1
U088,Donde nadie pueda ir - Manuel Medrano,62.9902,267.5224,32.2304,26.6045,9.617,64.6151,354.4418,54.9981,1
U019,Amor viejo - Kevin Kaarl,65.9542,123.8714,8.8831,21.7455,16.2213,45.2865,299.4072,29.0652,1
U092,Cinnamon girl - Lana del rey,50.3781,199.7854,95.9447,56.7274,56.3333,59.5476,242.4344,115.8809,0
U018,Rolling in the deep - Adele,80.3973,242.3679,19.0497,11.4286,48.5722,192.2234,274.3067,240.7956,0
U053,Ya para que - Greeicy,10.417,333.949,38.2264,17.5391,100.7489,5.6619,318.9049,95.087,1
U101,Un violinista en tu tejado - Melendi,58.0326,90.6437,42.3397,19.1104,22.6985,137.4199,27.9139,160.1184,1
U117,Aunque no te pueda ver - Alex Ubago,47.7981,176.7865,74.8679,94.4879,54.5923,21.3616,146.1239,33.2308,0
U044,Limonar - Greeicy,40.0,264.2975,15.3178,23.4537,81.768,41.7443,321.3443,40.0237,1
U109,Combustion - Josean Log,65.0651,501.1165,79.079,65.3135,23.9198,11.8133,618.5495,35.7331,0
U070,Tres veces te engañe - Paquita la del barrio,56.7316,592.3756,172.8039,135.8475,63.5073,350.7296,698.84,287.2223,0
U020,Quiero + - Greeicy,81.4806,321.9319,6.3767,14.1154,41.9159,111.23,391.0562,69.3141,1
U033,Limonar - Greeicy,23.2736,42.6335,31.5649,33.8298,23.6771,392.598,101.1841,368.9209,0
U105,In my bed - Amy Winehouse,58.6729,244.6102,29.4884,68.4482,93.035,103.8599,275.8736,196.8949,0
U038,Borracho te recuerdo - Vicente Fernandez,60.5,43.2381,27.1456,55.6318,83.1109,14.1732,104.8243,68.9377,1
U085,La promesa - Melendi,80.9332,248.2139,2.6934,31.5566,85.2136,58.7091,435.1863,143.9227,1
U103,Back to black - Amy Winehouse,70.9691,475.2655,77.1386,59.6958,111.4865,98.6769,651.824,12.8096,0
U110,Fragile - Laufey,77.2405,444.8386,96.1624,87.0982,64.6996,47.919,540.9736,16.7806,0
U106,Desde que estamos juntos - Melendi,54.3983,14.2282,9.7029,0.942,5.2389,29.7279,62.4414,34.9668,1
U069,Someone like you - Adele,67.5931,319.6317,6.5713,51.6042,47.3158,66.257,383.584,18.9412,1
U002,Sangre para derramar - Milo J,55.3071,59.7697,94.59,136.6261,5.3271,395.4795,100.295,400.8066,0
U007,Sin remitente - Melendi,68.0895,61.6147,15.2587,24.9017,26.4688,12.2799,105.4137,14.1889,1
U095,Para siempre - Vicente Fernandez,55.411,176.5654,31.0703,17.5332,112.0281,66.8814,122.1944,45.1467,1
U068,Bored - Laufey,36.1812,93.5763,64.8667,34.7084,58.1006,173.6367,69.1867,115.5362,0
U075,Standing next to you - Jung Kook,67.6972,168.826,32.035,73.2883,16.4301,42.037,53.4083,25.6069,1
U075,Si hay algo - Josean Log,67.6972,246.9401,184.4928,209.65,61.5264,222.6197,362.3578,161.0934,0
U067,Te busco audio - Celia Cruz,65.4829,587.0435,80.2849,32.6463,55.2077,101.514,727.9919,46.3063,0
U014,Euphoria - Jung Kook,40.0,406.779,66.8007,22.3992,124.9739,149.9873,458.2022,25.0135,0
U013,Sigo aqui - Alex Ubago,52.7759,61.2068,27.2554,11.3835,9.0484,94.9007,129.0517,103.9491,1
U112,Somedoy - Jung Kook,47.8631,218.3339,154.5017,155.0758,90.6057,130.0269,356.6756,39.4212,0
U113,Set fire to the rain - Adele,37.5272,457.4877,102.2276,71.923,173.0203,50.0666,494.5445,122.9537,0
U047,Back to black - Amy Winehouse,79.8992,271.1311,4.0531,12.4312,12.8878,60.3283,350.0024,47.4406,1
U052,Never be alone - Shawn Mendes,66.8761,613.1287,14.8553,0.8963,14.2698,78.1329,756.65,92.4027,0
U006,Tres veces te engañe - Paquita la del barrio,76.6242,335.46,55.5225,13.1157,47.3276,65.7644,400.8215,113.092,0
U092,Stitches - Shawn Mendes,60.5392,31.4259,2.4705,1.144,13.4023,200.1448,84.236,186.7426,1
U035,Pierdeme el respeto - Paquita la del barrio,71.2139,156.924,7.2926,12.6246,42.4939,74.4869,266.8703,116.9808,1
U029,Somedoy - Jung Kook,66.3131,9.2887,36.2537,57.0168,14.5416,52.5045,73.3367,37.9629,1
U119,In my blood - Shawn Mendes,84.5936,340.4547,18.4805,38.1774,28.8443,1.4379,420.8033,27.4063,1
U022,Cinnamon girl - Lana del rey,31.6743,377.2463,207.895,182.6475,103.7714,268.6367,429.9386,164.8654,0
U057,Never be alone - Shawn Mendes,56.6341,210.7763,116.3826,112.6698,101.8965,303.2625,208.1617,201.366,0
U046,Es que yo te quiero a ti - Kevin Kaarl,73.1014,562.6327,2.3654,25.199,71.5312,2.8643,664.6286,68.6668,1
U090,Lover girl - Laufey,52.4488,131.2581,98.5897,85.4746,4.2557,164.0149,42.1988,168.2708,0
U117,El chofer - Vicente Fernandez,43.2784,340.0354,46.9302,49.0253,29.9802,23.2821,375.2176,6.6981,1
U100,Si pudiera - Manuel Medrano,60.9263,524.2069,31.1342,19.9717,20.2539,17.51,650.7053,37.7638,1
U063,Somedoy - Jung Kook,25.8468,137.7011,29.0188,33.031,41.8157,92.0565,234.6017,133.8722,1
U061,Azul celeste - Paquita la del barrio,57.6365,187.3731,105.0094,118.5309,51.7684,103.4225,277.9202,155.191,0
U100,Beso - Josean Log,60.9263,65.5209,20.0861,37.4382,28.3704,85.1517,60.9775,113.522,1
U103,Quedate - Manuel Medrano,75.6635,28.8492,19.7816,31.7909,30.0345,11.5788,210.1021,41.6133,1
U033,First love late spring - Mitski,67.8672,269.7189,112.7414,88.4561,170.6019,482.0612,283.6759,311.4593,0
U091,Rata de dos patas - Paquita la del barrio,50.3965,590.646,150.6906,144.8598,78.2655,156.9087,686.3155,78.6432,0
U093,Pierdeme el respeto - Paquita la del barrio,79.6162,191.973,165.7292,146.0234,86.1922,98.0865,164.9735,11.8943,0
U023,La luna - Josean Log,84.5936,154.7162,89.7378,63.5465,88.5525,163.4917,239.7759,74.9393,0
U062,Una y otra vez - Manuel Medrano,23.8405,154.6156,19.0789,4.6095,21.5595,147.6962,141.3229,126.1367,1
U001,San lucas - Kevin Kaarl,48.7455,132.6205,1.3656,6.9353,20.7631,7.4906,71.7203,13.2725,1
U045,Te quiero tanto - Kevin Kaarl,68.532,4.9019,160.4545,210.6735,77.1278,216.6366,12.6533,139.5088,0
U053,I bet on losing dogs - Mitski,73.1776,302.7481,37.0346,33.3002,35.9712,55.499,350.4646,19.5277,1
U074,Dead women - Mitski,58.2077,559.0779,19.5298,2.8787,50.3122,50.1432,645.007,100.4555,1
U054,Euphoria - Jung Kook,40.0,172.1783,24.4659,27.2957,48.0697,20.6533,192.2725,27.4163,1
U046,Si hay algo - Josean Log,73.1014,109.748,3.1322,19.2533,15.0955,67.0802,211.7439,82.1758,1
U046,Caminando por la vida - Melendi,73.1014,368.3316,23.5501,2.9663,30.51,36.7324,470.3275,67.2424,1
U067,Mujeres divinas - Vicente Fernandez,67.7894,104.0304,10.9792,5.8598,1.8838,68.0615,247.2853,69.9453,1
U090,Cinnamon girl - Lana del rey,44.5922,58.6051,23.5761,29.1996,7.4837,0.2408,135.021,7.7244,1
U018,Mujeres divinas - Vicente Fernandez,80.3973,259.4738,175.3678,150.6746,93.6514,441.4756,227.535,347.8242,0
U046,Desde que estamos juntos - Melendi,73.1014,18.6953,15.1748,42.0397,29.5653,48.3025,83.3006,18.7372,1
U103,Rolling in the deep - Adele,75.6635,628.1006,196.8072,151.9121,155.3847,274.7112,809.3535,119.3265,0
U041,Dead women - Mitski,73.9948,335.9947,80.0734,73.9809,58.8708,396.0309,392.6017,454.9017,0
U056,A gritos de esperanza - Alex Ubago,14.6212,175.4143,29.9505,35.0369,47.8181,58.834,167.3199,11.0159,1
U068,Que me perdone tu perro - Paquita la del barrio,36.1812,418.4726,7.2659,8.8928,62.2446,76.8654,442.8622,139.1101,1
U024,You da one - Rihanna,74.3637,46.1176,43.2597,59.2946,0.176,138.9582,90.4347,139.1342,0
U054,Retirada - Milo J,81.1035,150.5874,66.6436,116.648,97.0005,20.6533,89.3897,117.6538,0
U111,Just friends - Amy Winehouse,57.1474,170.4007,56.2858,50.4958,73.5832,133.2706,7.5186,206.8538,0
U031,Chachacha - Josean log,76.1597,39.9702,19.3306,9.6593,52.5634,51.4813,221.8238,1.082,1
U072,From the start - Laufey,38.0484,276.1099,9.5156,11.8945,80.4049,434.4863,551.8883,514.8912,0
U030,Sin remitente - Melendi,84.5936,326.7517,180.2749,184.0656,175.2208,168.7289,249.8944,6.4919,0
U047,Aca entre nos - Vicente Fernandez,84.5936,374.4728,22.8904,46.8734,53.4827,50.154,458.0385,3.3285,1
U095,A gritos de esperanza - Alex Ubago,55.0321,171.1489,15.3916,22.7053,40.2277,80.9314,117.1568,40.7037,1
U011,Washin machine - Mitski,11.9824,516.3447,3.0602,3.912,67.5363,1.7577,508.1557,65.7786,1
U094,Young and beautiful - Lana del rey ,29.9458,27.3878,91.7273,107.5208,107.3067,113.6891,43.3072,6.3824,0
U069,Let you break my heart again - Laufey,9.1996,285.1982,2.0457,30.4048,44.7889,76.4823,272.3578,31.6934,1
U106,Si pudiera - Manuel Medrano,54.3983,482.4491,20.2226,23.1464,7.61,70.2195,559.1187,62.6095,1
U103,Estos celos - Vicente Fernandez,75.6635,89.2525,7.1747,22.4676,21.8497,64.3894,92.0004,86.2392,1
U046,Sigo aqui - Alex Ubago,73.1014,60.279,16.0403,8.1086,5.5128,0.9218,162.2749,6.4345,1
U105,Tres veces te engañe - Paquita la del barrio,82.6143,256.7699,7.8245,51.5808,47.008,201.5117,311.9747,154.5037,0
U051,Too sad to dance - Jung Kook,68.0274,243.1445,43.5579,92.7299,23.8065,456.1378,252.4037,432.3314,0
U012,In my blood - Shawn Mendes,32.7597,182.7666,16.1993,58.4624,73.8416,4.5619,79.7168,69.2796,1
U040,Nobody - Mitski,44.7784,43.2323,138.4311,143.5633,95.4272,221.6978,109.6165,126.2707,0
U007,Fragile - Laufey,67.7106,517.9819,132.3192,119.2145,136.791,159.3654,684.6314,22.5744,0
U115,Quiero + - Greeicy,50.4293,571.9021,100.051,110.3219,45.7763,151.2904,682.9807,105.514,0
U043,Si hay algo - Josean Log,68.1244,166.7718,51.9628,45.152,23.424,25.1888,312.0532,48.6129,1
U116,I bet on losing dogs - Mitski,77.0821,446.2973,2.3698,31.3168,3.7561,100.8605,523.5613,104.6165,1
U014,Smooth criminal - Michael Jackson,84.5936,547.8379,29.0045,44.8597,51.6953,260.0063,643.8547,311.7016,0
U069,Too little too late - Laufey,72.6662,235.7348,28.2391,53.3054,28.9987,172.6963,304.7603,143.6975,0
U020,Desde que estamos juntos - Melendi,81.4806,222.2775,100.9203,91.7891,123.3748,222.8221,153.1532,99.4473,0
U046,Para siempre - Vicente Fernandez,73.1014,60.8867,5.3039,1.6621,55.7826,17.5788,41.1092,38.2038,1
U117,You da one - Rihanna,51.2882,109.4824,53.7105,19.1679,38.2879,111.3446,82.3101,73.0567,1
U101,Borracho te recuerdo - Vicente Fernandez,58.0326,71.8426,37.7286,72.5441,0.7473,14.1912,134.5724,13.4439,1
U114,Rie y llora - Celia Cruz,49.1864,212.9579,70.6624,85.7448,35.5647,419.8416,103.7748,455.4063,0
U087,Tears dry on their own - Amy Winehouse,4.1447,7.0843,101.2052,66.5924,67.3818,228.1087,85.5259,160.7269,0
U094,La negra tiene tumbao - Celia Cruz,7.6831,502.622,113.3046,100.7746,128.7316,152.5934,551.0542,23.8617,0
U005,Combustion - Josean Log,28.6144,319.1602,11.2025,2.0421,61.1012,65.4174,339.3611,126.5186,1
U101,La luna - Josean Log,58.0326,196.7163,2.1701,35.4878,14.591,62.0539,259.4461,47.463,1
U073,Washin machine - Mitski,25.8474,647.5338,146.6212,124.8043,116.8637,145.0384,708.5175,28.1747,0
U055,Say yes to heaven - Lana del rey,42.5562,593.1652,161.6629,80.9754,85.4578,283.4594,674.6786,198.0015,0
U022,Hate you - Jung Kook,25.7814,150.2442,133.0648,139.4816,65.0669,166.7488,197.0436,101.6821,0
U055,Un violinista en tu tejado - Melendi,59.0821,28.5183,9.9032,9.0918,1.4488,38.2441,69.521,39.693,1
U115,Chicago - Michael Jackson,50.4293,404.4353,103.6498,76.969,42.4092,189.2454,515.5139,146.8361,0
U087,Brooklyn baby - Lana del rey,11.8756,192.0469,49.3469,23.3964,48.0722,158.0919,107.1676,110.0196,0
U008,El chofer - Vicente Fernandez,15.3875,212.6424,20.5397,9.8083,37.5577,136.2728,216.6262,173.8305,1
U043,Sin remitente - Melendi,68.1244,61.8567,20.7731,6.9226,13.0159,19.0736,83.4247,6.0577,1
U008,Retirada - Milo J,19.9072,74.9944,48.21,5.5414,11.3352,23.2288,74.4585,11.8936,1
U016,Que pides tu - Alex Ubago,62.3968,110.835,3.6089,9.7482,9.3511,51.1282,20.3589,41.7771,1
U118,Por si acaso no regreso - Celia Cruz,10.6318,580.299,190.3966,134.451,118.2972,301.3857,684.1948,183.0885,0
U052,Dame tu aire - Alex Ubago,66.8761,69.9543,13.5085,12.3051,0.0801,42.3862,73.567,42.4664,1
U098,Send my love - Adele,81.8948,205.4029,77.1645,66.0653,122.6924,118.1611,290.6688,4.5313,0
U085,La mujer que bota fuego - Manuel Medrano,80.9332,44.964,36.7779,51.9287,45.3794,65.2335,142.0084,19.854,1
U113,Sin remitente - Melendi,59.4279,230.338,66.61,102.6681,12.1185,119.6584,171.3805,131.7769,0
U053,Niño - Milo J,67.9879,385.5849,134.2649,148.224,52.7664,164.4418,343.0581,111.6754,0
U101,Too little too late - Laufey,46.1052,362.0018,68.8372,90.6227,123.7648,16.1681,412.8043,139.9328,0
U019,Milagrosa - Milo J,54.4723,618.8094,11.4113,20.9857,1.8161,49.1544,782.8632,47.3383,1
U060,Rincon - Milo J,38.48,397.9211,102.6411,113.4253,112.7472,389.5155,469.1082,276.7683,0
U024,Que pides tu - Alex Ubago,74.3637,478.6981,195.8476,179.8623,91.0752,341.9809,615.2505,250.9057,0
U083,Mercy - Shawn Mendes,84.5936,330.5629,13.9168,42.1458,6.208,72.2966,424.6346,78.5046,1
U074,My love mine all mine - Mitski,26.7253,361.9108,56.3051,9.2747,35.174,18.5673,416.3575,16.6068,1
U053,When we were young - Adele,74.3209,242.9858,42.7581,31.1402,33.9922,75.2755,291.8456,41.2833,1
U054,Si supieras - Kevin Kaarl,84.5936,237.8624,147.0432,165.8844,105.5324,185.0807,173.1746,79.5483,0
U062,Los besos - Greeicy,2.719,260.4708,79.8585,105.0892,105.0965,116.5327,247.2041,11.4363,0
U051,Someone like you - Adele,52.1702,158.0034,19.9873,58.9895,27.6078,359.698,151.4054,332.0902,0
U098,First love late spring - Mitski,84.5936,21.6825,68.0659,39.1074,54.9536,3.6885,66.2822,51.2651,1
U109,Treat you better - Shawn Mendes,65.0651,462.1996,119.0611,119.9398,18.283,43.7294,579.6327,25.4465,0
U100,When we were young - Adele,60.9263,524.2069,146.3467,159.3925,72.9251,243.7621,650.7053,170.8369,0
U071,Gitana - Shakira,11.1283,94.296,93.0222,88.0886,114.8055,79.6555,96.5342,194.461,0
U088,Only girl - Rihanna,55.4033,584.0427,201.8924,184.619,130.422,212.1292,663.3751,81.7073,0
U101,Bad - Michael Jackson,58.0326,524.7273,149.6199,158.5016,93.2419,178.0616,587.4571,84.8198,0
U012,My love mine all mine - Mitski,9.3215,22.2917,22.4605,77.1712,37.5896,113.6666,122.8393,76.077,1
U061,West coast - Lana del rey,52.1275,331.5251,56.3766,37.5355,76.2639,164.7799,416.5632,241.0438,0
U010,Estos celos - Vicente Fernandez,41.8107,134.1644,47.7813,59.7591,17.2722,52.0364,77.2226,69.3086,1
U015,Aca entre nos - Vicente Fernandez,84.5936,240.3559,106.2071,123.4871,116.0573,201.9535,307.2027,85.8963,0
U118,The girl is mine - Michael Jackson,52.0939,113.1397,103.2117,81.6883,24.654,100.6079,258.4977,75.9539,0
U015,Loba - Shakira,84.5936,240.3559,31.1624,48.0371,50.3814,68.3059,307.2027,17.9245,1
U091,Un violinista en tu tejado - Melendi,50.3965,0.1634,12.8966,12.2261,4.1341,36.004,95.8329,40.1382,1
U037,Colapso - Kevin Kaarl,62.7244,124.8648,40.96,64.8172,27.1864,79.3637,37.4224,52.1773,1
U059,Sigo aqui - Alex Ubago,63.4427,72.1254,33.641,58.9407,44.8142,5.7194,10.8504,39.0947,1
U117,Lover girl - Laufey,55.9139,236.5488,15.1555,20.2149,36.9454,25.1916,102.1743,62.1371,1
U002,In my blood - Shawn Mendes,56.0671,316.2537,0.613,24.838,43.7732,207.475,357.539,251.2483,0
U061,Hello - Adele,52.1275,535.3979,195.9243,163.4779,61.5426,288.8353,620.436,227.2927,0
U107,Pierdeme el respeto - Paquita la del barrio,72.1148,110.6331,12.84,5.1318,40.7058,9.2013,193.9358,49.9071,1
U071,Que pides tu - Alex Ubago,23.9542,232.7801,11.2986,14.7116,11.1168,188.6522,217.716,199.769,1
U065,In my blood - Shawn Mendes,30.3902,378.0693,38.9027,39.8621,36.9853,127.6953,403.4271,90.7101,0
U108,Como hacer para olvidarte - Manuel Medrano,63.0892,21.33,112.2046,161.8,67.5049,393.2327,50.6737,325.7278,0
U079,Set fire to the rain - Adele,24.0068,561.9132,200.6244,180.1899,198.8139,15.5071,594.9879,183.3068,0
U097,Para siempre - Vicente Fernandez,43.9037,64.5922,31.5509,50.9166,26.7567,130.5011,8.6772,103.7444,1
U041,Un violinista en tu tejado - Melendi,84.5936,266.8602,130.8821,117.8075,1.2742,433.1619,199.6544,431.8877,0
U036,Someone like you - Adele,44.8246,120.2263,33.3465,43.1141,39.2622,62.7114,99.0442,23.4492,1
U101,Bajo el agua - Manuel Medrano,58.0326,159.1368,43.8945,20.1698,10.7343,146.1379,96.407,156.8721,1
U037,Un violinista en tu tejado - Melendi,62.7244,44.8188,16.5727,25.1954,4.3853,107.7359,42.6235,103.3506,1
U111,Por si acaso no regreso - Celia Cruz,19.5746,158.3806,7.8602,30.1365,72.3088,94.7408,42.0744,22.432,1
U055,Para siempre - Vicente Fernandez,59.0821,36.6667,27.1942,33.423,44.9536,52.8829,61.3726,97.8364,1
U050,Si pudiera - Manuel Medrano,84.5936,343.6643,126.8044,111.916,90.7722,101.9121,428.0355,11.1399,0
U050,Diamonds - Rihanna,84.5936,409.5949,24.7329,51.9485,28.8123,36.8188,493.9661,8.0065,1
U080,Cheque al portamor - Melendi,11.5538,176.7732,9.3947,13.972,49.3021,201.7451,193.8326,152.443,0
U105,Sangre para derramar - Milo J,81.8543,17.9012,157.9604,205.2773,41.7059,218.4619,36.5436,176.756,0
U029,Gitana - Shakira,69.5412,58.8435,22.6592,44.6877,76.1293,2.0782,126.1196,74.0511,1
U114,Sabes - Alex Ubago,78.989,60.3853,184.8184,183.1007,67.8944,478.4348,139.7658,410.5404,0
U113,Quimbara - Celia Cruz,54.3274,457.4877,100.5359,75.9342,132.0581,18.4199,511.3446,113.6382,0
U027,Stronger than me - Amy Winehouse,0.2127,234.2829,30.9674,12.7911,44.424,264.8095,125.6134,309.2334,0
U016,Una y otra vez - Manuel Medrano,62.3968,6.5066,39.3188,3.1094,10.8006,86.8886,83.9695,76.088,1
U110,Too sad to dance - Jung Kook,76.4761,553.0677,67.2652,33.9817,52.8921,15.656,648.4383,68.5482,0
U004,La vida es un carnaval - Celia Cruz,48.2113,620.8074,125.5585,130.4086,141.4245,132.3425,740.6946,9.082,0
U037,Aca entre nos - Vicente Fernandez,62.7244,527.3713,65.8713,45.0505,36.5164,29.6552,614.8136,6.8613,0
U038,My you - Jung Kook,42.542,382.8607,15.8198,26.9873,7.1195,73.7404,426.4889,80.8599,1
U053,There's nothing holding me back - Shawn Mendes,74.3209,303.8914,43.6485,48.9474,15.7308,25.1436,255.0315,9.4128,1
U008,Dame tu aire - Alex Ubago,23.3973,287.9403,38.8991,54.6322,2.8033,190.6273,283.9143,193.4305,0
U038,Tears dry on their own - Amy Winehouse,19.0379,317.4727,65.4436,84.0664,7.2422,41.4455,337.5968,48.6877,0
U043,Fecha de caducidad - Melendi,68.1244,625.969,77.6471,46.3619,11.5895,64.4369,771.2504,76.0264,0
U034,Sin miedo a nada - Alex Ubago,54.3008,189.4374,35.658,23.0124,11.1748,35.0565,274.5359,46.2311,1
U052,Washin machine - Mitski,29.6999,613.1287,96.8457,90.7207,88.5934,182.9141,660.074,94.3207,0
U075,Dead women - Mitski,57.0984,193.4285,168.6098,190.747,25.8571,227.1143,67.412,201.2572,0
U090,Just friends - Amy Winehouse,50.864,112.9656,85.5505,78.9957,6.2093,144.4143,42.8215,138.2051,0
U060,Quiero + - Greeicy,38.48,232.0794,6.8825,3.934,37.4002,237.4318,160.8923,200.0316,0
U106,San lucas - Kevin Kaarl,54.3983,123.736,16.7878,11.2642,13.4598,45.4657,47.0664,58.9255,1
U020,Standing next to you - Jung Kook,81.4806,321.9319,69.8445,67.359,0.7575,23.0569,391.0562,23.8144,0
U028,MAI - Milo J,54.202,355.5294,38.7618,7.8109,20.1945,91.1304,467.5292,70.936,1
U088,Cheque al portamor - Melendi,62.9902,3.5978,9.2221,10.2433,14.073,16.8743,83.3216,2.8013,1
U001,Las de la intruicion - Shakira,48.7455,456.2987,142.1497,130.1789,95.1365,266.0762,517.1989,170.9397,0
U049,Brooklyn baby - Lana del rey,20.2572,607.9222,196.9912,209.1589,84.9082,223.2229,660.1531,138.3148,0
U008,La ley del monte - Vicente Fernandez,23.3973,194.5291,72.1211,61.965,111.2738,86.9738,198.5551,198.2476,0
U059,Rehab - Amy Winehouse,32.5338,142.8609,25.0743,9.6489,32.815,5.7194,173.227,38.5345,1
U110,Aunque no te pueda ver - Alex Ubago,74.1293,462.1045,10.3975,24.7343,28.1806,33.4497,555.1282,5.269,1
U013,Vamonos a marte - Kevin Kaarl,52.397,103.5586,1.3843,30.4356,9.8466,87.372,36.0926,97.2187,1
U009,I bet on losing dogs - Mitski,83.4503,326.7364,133.0672,139.3716,199.9866,314.0521,396.929,114.0654,0
U055,Someone like you - Adele,42.0816,508.0241,136.0841,102.3425,84.198,189.447,589.0629,105.2489,0
U052,Desde que estamos juntos - Melendi,66.8761,25.4882,10.1427,10.1679,15.6007,45.6069,169.0095,61.2076,1
U120,Los consejos - Greeicy,57.3892,260.0115,114.8971,137.8035,26.8928,501.0883,401.6981,527.9812,0
U031,Treat you better - Shawn Mendes,76.1597,456.8485,60.4169,46.2489,27.9513,85.296,638.7022,57.3448,0
U120,Beat it - Michael Jackson,57.3892,227.9425,25.647,7.578,74.9472,120.0506,86.2559,45.1035,1
U031,Set fire to the rain - Adele,54.259,609.6836,136.7466,114.2833,171.4111,161.2181,769.6365,10.193,0
U003,Thriller - Michael Jackson,81.888,355.0986,11.2153,26.6269,54.1722,56.9067,428.3344,2.7345,1
U046,Me arrepiento - Alex Ubago,73.1014,30.5262,17.3939,48.3779,40.8759,45.0443,132.5221,4.1684,1
U027,Te quiero tanto - Kevin Kaarl,49.3451,54.5979,105.3291,154.9035,55.7448,370.7382,4.9391,314.9933,0
U045,Addicted to you - Shakira,52.1305,5.6228,40.0281,15.898,113.4005,54.2904,118.5339,167.6909,1
U054,Rolling in the deep - Adele,84.5936,319.5497,62.0505,20.0828,24.5269,52.8657,384.2375,28.3388,1
U071,Combustion - Josean Log,23.9542,336.3847,24.2187,11.847,32.715,122.1657,351.4488,89.4507,1
U088,La distancia - Manuel Medrano,62.9902,338.071,11.4544,8.8441,30.4298,5.8268,424.9904,24.603,1
U054,Send my love - Adele,81.8948,21.2488,7.2654,33.0243,11.3499,22.6943,83.2378,34.0442,1
U067,Colapso - Kevin Kaarl,67.7894,95.8574,48.0467,68.5632,4.0885,93.6882,47.3976,89.5997,1
U106,Smooth criminal - Michael Jackson,54.3983,567.0998,146.7595,79.1878,2.3076,290.9265,643.7694,293.2341,0
U089,When we were young - Adele,78.3497,257.0149,45.5276,15.9426,57.5222,41.8546,322.4644,15.6675,1
U056,In my blood - Shawn Mendes,15.0001,393.4803,71.0196,72.383,31.1749,196.7032,401.9536,165.5282,0
U086,Yo vivire (I will survive) - Celia Cruz,77.0067,483.83,0.5195,46.1447,86.9225,107.4839,562.066,20.5613,0
U111,From the start - Laufey,42.223,337.518,40.0988,24.8223,86.7409,97.2376,599.7706,183.9785,0
U098,Que le den candela - Celia Cruz,25.8139,460.2727,29.7054,28.628,66.1687,67.0202,489.4577,0.8515,0
U008,Stitches - Shawn Mendes,23.3973,5.7191,33.8538,37.0223,23.0083,114.5238,9.7451,137.5322,1
U041,You know i'm no good - Amy Winehouse,27.2403,26.3903,12.0626,4.6622,95.7413,303.9337,16.5378,399.675,0
U046,Una y otra vez - Manuel Medrano,73.1014,9.8094,31.8787,19.2533,17.8783,72.4521,92.1865,54.5738,1
U027,Waka waka - Shakira,18.4362,203.082,60.6972,25.5212,56.7899,19.7716,112.6361,76.5614,1
U013,Bajo el agua - Manuel Medrano,52.7759,120.3036,22.1332,25.7442,24.88,23.4449,52.4587,1.4353,1
U107,Rincon - Milo J,72.1148,137.5815,51.7689,51.9935,2.1632,88.2192,54.2788,90.3824,1
U034,Hello - Adele,48.7918,533.4856,183.0598,168.4883,92.868,165.3608,613.0751,72.4929,0
U067,Por si acaso no regreso - Celia Cruz,26.3273,544.3586,142.2718,91.1477,103.9887,235.1792,646.1513,131.1905,0
U001,Nobody - Mitski,48.7455,10.2356,106.8456,91.8666,115.4765,190.5162,71.1359,75.0397,0
U054,A veces a besos - Greeicy,72.6662,36.4572,47.0796,83.5707,2.5099,55.0807,16.3033,52.5708,1
U083,Only girl - Rihanna,77.0067,531.1765,154.9316,143.8495,99.83,201.1775,617.6612,101.3476,0
U068,Que pides tu - Alex Ubago,36.1812,264.6104,38.7599,61.2673,7.721,3.2222,240.2208,4.4989,1
U051,MAI - Milo J,68.7918,7.723,149.7941,179.7414,114.2681,506.5121,2.3006,392.2439,0
U085,Dont stop the music - Rihanna,80.5543,608.4828,137.3033,138.1904,97.874,136.0562,795.0763,38.1822,0
U071,Pierdeme el respeto - Paquita la del barrio,23.9542,25.0859,8.5245,21.0301,52.9322,114.4611,40.15,61.5289,1
U117,From the start - Laufey,51.9715,289.6624,14.0707,11.9375,39.6381,30.442,420.0946,9.1961,1
U017,Beat it - Michael Jackson,39.6554,522.4712,202.271,235.4374,39.0778,290.8844,563.2363,329.9622,0
U049,Man down - Rihanna,0.8168,256.2021,154.8914,153.9155,111.5337,167.2714,288.9925,55.7377,0
U068,Beso - Josean Log,36.1812,262.2184,21.5909,35.9906,55.9783,41.1901,237.8288,97.1685,1
U118,Para siempre - Vicente Fernandez,52.0939,11.9806,61.5628,56.8767,13.3813,35.2731,157.3386,48.6544,1
U055,No me culpes por sentir - Kevin Kaarl,59.0821,163.5441,7.6025,4.7926,40.7765,23.812,65.5048,16.9644,1
U070,Valentine - Laufey,56.7316,504.511,116.7375,106.9549,68.0359,84.9722,610.9754,16.9363,0
U091,Say yes to heaven - Lana del rey,33.8706,621.8469,184.4627,102.2933,88.1431,285.6995,700.9905,197.5563,0
U019,Smooth criminal - Michael Jackson,65.9542,612.4969,162.2943,107.4537,33.4151,330.6289,788.0327,364.044,0
U095,In my bed - Amy Winehouse,31.4696,403.7731,58.9465,39.6818,39.4239,16.4647,434.2027,55.8886,0
U037,I'll change for you - Mitski,6.7811,576.8647,137.9585,118.6019,68.5431,87.5688,608.3637,19.0256,0
U016,Back to black - Amy Winehouse,57.7024,419.4129,85.0341,82.8739,65.0387,32.9475,505.1946,32.0912,0
U029,Sigo aqui - Alex Ubago,82.3671,93.8158,54.5723,34.1102,30.7988,40.432,13.7138,9.6333,1
U035,Summertime sadness - Lana del rey,70.4539,582.141,82.945,58.0678,54.3385,113.6165,691.3273,59.278,0
U023,Young and beautiful - Lana del rey ,53.6847,143.4771,22.1363,6.7104,35.2875,123.4684,89.3263,158.7559,1
U074,El chofer - Vicente Fernandez,60.7967,29.8786,41.4128,17.7352,20.2571,24.2629,58.6395,4.0057,1
U111,La mujer que bota fuego - Manuel Medrano,61.0367,433.5527,175.706,158.5317,15.3584,261.2244,592.5455,245.8659,0
U095,Chicago - Michael Jackson,55.411,242.3686,46.5934,14.6408,7.719,51.942,296.7396,59.661,1
U056,Es que yo te quiero a ti - Kevin Kaarl,15.0001,442.6886,11.3333,16.6721,39.7309,87.5985,451.1619,127.3293,1
U028,Si hay algo - Josean Log,54.5809,147.1997,57.507,42.0521,48.5813,51.879,259.5784,3.2976,1
U063,Summertime sadness - Lana del rey,41.1408,267.8606,6.579,0.9134,51.1333,45.9542,186.254,97.0875,1
U084,Que le den candela - Celia Cruz,0.4304,196.6959,58.0659,76.1139,13.2987,496.8759,16.4405,483.5772,0
U061,Bored - Laufey,57.6365,84.8625,121.195,108.2345,56.6889,164.7799,175.4096,108.091,0
U014,Quimbara - Celia Cruz,79.4931,554.1504,46.2111,38.1698,84.0117,64.7677,645.0666,19.244,0
U108,Rara vez - Milo J,65.788,10.2803,103.2854,132.3663,51.3925,380.8136,21.7622,329.421,0
U091,Combustion - Josean Log,50.3965,507.9287,69.1584,50.8507,32.5909,73.6236,603.5982,106.2144,0
U105,Too sad to dance - Jung Kook,81.471,294.1036,34.1859,90.4841,74.5359,114.1523,348.1651,188.6883,0
U098,Borracho te recuerdo - Vicente Fernandez,84.5936,44.5066,17.0382,13.9225,12.9712,13.6987,132.4713,26.6699,1
U115,Te quiero tanto - Kevin Kaarl,50.4293,435.6482,13.1745,13.9568,18.6508,90.8321,546.7268,109.4828,1
U052,Cheque al portamor - Melendi,66.8761,25.4882,6.2021,0.8963,3.7827,32.9444,169.0095,36.7271,1
U062,Sabes - Alex Ubago,23.8405,144.4833,30.2647,27.6028,23.882,45.3362,157.776,69.2182,1
U081,Yo vivire (I will survive) - Celia Cruz,63.2259,229.0532,23.137,54.4599,11.4207,379.3192,195.0913,367.8986,0
U071,Te quiero tanto - Kevin Kaarl,23.9542,270.6179,7.7573,43.0146,0.8567,120.2562,285.682,121.1129,1
U078,I'll change for you - Mitski,28.6503,257.867,62.0279,57.835,6.7309,371.0573,201.9719,377.7883,0
U039,Love on the brain - Rihanna,66.2091,37.1624,18.048,26.3471,21.0342,163.8991,26.2631,142.865,1
U045,Why why why - Shawn Mendes,68.532,99.4458,89.216,147.9635,42.9299,156.1783,107.1972,113.2484,0
U082,Quiero + - Greeicy,80.5192,556.044,73.5351,58.5439,71.0861,98.3022,702.7834,27.2161,0
U037,Hello - Adele,57.2154,515.3512,182.5277,138.0897,73.3968,236.3195,597.2845,162.9227,0
U044,Me arrepiento - Alex Ubago,84.5936,24.1794,80.4997,120.9056,31.2243,89.8989,125.8198,58.6746,0
U021,Mercy - Shawn Mendes,53.3478,11.7465,48.5998,3.0555,12.1843,246.4951,80.9678,234.3108,0
U079,Limonar - Greeicy,1.3139,263.6123,138.2679,112.1555,131.3729,6.654,273.9941,138.0269,0
U016,Si pudiera - Manuel Medrano,62.3968,481.2848,37.6602,41.8814,49.4919,74.3576,571.7609,24.8657,0
U118,Hello - Adele,46.5849,580.299,223.5658,177.647,110.8032,288.2015,720.148,177.3983,0
U056,A veces a besos - Greeicy,3.0727,92.9942,97.1004,90.9451,120.7781,177.0617,89.5402,56.2836,0
U112,Te quiero tanto - Kevin Kaarl,63.9171,444.2106,40.1277,11.6435,38.2446,38.9999,598.6063,0.7553,1
U106,There's nothing holding me back - Shawn Mendes,54.3983,64.4281,70.8517,76.1302,35.846,55.6135,12.2416,19.7675,1
U080,La luna - Josean Log,11.5538,76.5438,14.5558,27.4248,78.2245,174.1199,59.4844,95.8955,1
U115,Summertime sadness - Lana del rey,49.6693,615.3332,105.1087,95.5311,24.3927,135.7568,725.6518,111.364,0
U013,Beat it - Michael Jackson,52.7759,569.873,205.8413,213.9476,68.4984,475.9384,637.7179,544.4368,0
U107,Back to black - Amy Winehouse,67.4204,383.015,55.9799,62.0122,97.733,19.0859,461.6233,78.6471,0
U021,Si supieras - Kevin Kaarl,53.3478,345.052,119.2964,98.4783,46.9387,329.0538,437.7663,282.1151,0
U087,Why why why - Shawn Mendes,45.6068,106.9058,124.0472,140.2085,88.7601,234.9607,55.7577,146.2006,0
U070,Que pides tu - Alex Ubago,56.7316,53.3737,29.1213,31.3163,11.5915,53.0446,53.0907,64.6361,1
U077,Desde que estamos juntos - Melendi,32.3816,89.5768,11.2361,4.9251,10.0698,152.1262,57.1952,162.196,1
U100,Diamonds - Rihanna,60.9263,590.1375,120.4031,143.8928,99.3306,156.2409,716.6359,56.9102,0
U072,Fecha de caducidad - Melendi,65.2113,281.3022,82.5982,87.3753,29.8411,468.4962,108.7836,438.6551,0
U002,Smooth criminal - Michael Jackson,56.0671,365.462,60.4431,17.2598,7.2868,41.3635,406.7473,48.6503,1
U118,Rara vez - Milo J,52.0939,311.9013,36.6499,15.4274,45.9802,54.5795,457.2593,100.5596,1
U098,Hombres malvados - Paquita la del barrio,84.5936,11.7084,25.742,42.3571,112.9068,53.5122,76.2563,59.3945,1
U050,Lover girl - Laufey,22.6085,403.4266,9.0312,1.4021,39.2773,12.1962,380.5957,51.4736,1
U067,Bored - Laufey,67.7894,93.8232,100.7117,79.1003,91.641,97.9396,237.0781,6.2986,0
U014,Colapso - Kevin Kaarl,84.5936,147.5791,149.0581,166.7485,46.7648,92.6792,51.5622,45.9144,0
U105,Pierdeme el respeto - Paquita la del barrio,82.6143,131.1134,116.035,120.3703,68.9568,128.0714,75.9086,59.1146,0
U113,Tears dry on their own - Amy Winehouse,17.9658,272.5251,48.0203,30.7268,76.5056,11.4482,290.0205,65.0574,1
U035,Que me perdone tu perro - Paquita la del barrio,71.2139,582.141,33.4953,29.2574,32.9685,80.3834,692.0873,113.3519,0
U009,Tu jardin con enanitos - Melendi,84.5936,351.6248,161.5079,201.9394,178.0597,336.5121,422.9607,158.4524,0
U075,Tres veces te engañe - Paquita la del barrio,67.6972,174.9234,54.9914,117.9764,26.9795,182.67,59.5057,209.6495,0
U080,MAI - Milo J,11.1749,159.9998,13.7735,36.491,44.8461,168.6089,142.5615,123.7627,1
U069,Un violinista en tu tejado - Melendi,84.5936,216.9107,139.416,163.0385,130.065,293.9481,135.9579,163.8831,0
U082,Top of the world - Shawn Mendes,80.5192,48.321,23.3206,0.3476,1.4452,76.3012,195.0604,74.856,1
U049,Desde que estamos juntos - Melendi,53.9884,20.2817,43.3853,48.011,7.0094,34.762,106.2438,41.7714,1
U018,Stronger than me - Amy Winehouse,31.2649,242.3679,49.4241,34.0182,20.1929,278.0087,225.1742,298.2016,0
U004,Alguien como tu - Josean Log,67.138,48.0628,7.2149,9.3045,32.6922,3.8924,186.8767,28.7998,1
U100,Aunque no te pueda ver - Alex Ubago,57.4362,524.2069,26.9266,19.0734,18.2579,111.0559,647.2151,92.798,0
U061,Beso - Josean Log,57.6365,83.7796,34.7374,37.5355,57.39,32.3333,6.7675,89.7233,1
U058,Billie Jean - Michael Jackson,51.3542,619.2523,143.0013,106.6026,56.3108,296.6819,720.747,240.3712,0
U065,Lover girl - Laufey,76.8119,402.3892,49.5239,58.4242,51.2754,233.0139,320.5449,284.2894,0
U115,La luna - Josean Log,50.4293,281.0097,33.3985,56.8784,52.787,54.661,392.0883,107.4478,0
U040,Loba - Shakira,44.7784,548.0311,166.7362,176.1139,119.2556,265.0454,614.4152,145.7899,0
U008,I am - Milo J,20.6985,315.8574,59.2966,93.418,17.8897,274.0634,317.1846,256.1738,0
U002,Aunque no te pueda ver - Alex Ubago,52.577,280.8113,48.4782,80.5489,40.4962,308.9636,318.6064,349.4597,0
U045,Mentira - Greeicy,35.9395,122.8763,29.8411,48.7406,68.4842,153.9075,147.7174,222.3917,0
U021,Back to black - Amy Winehouse,48.6534,59.525,29.8713,4.7274,39.2224,267.1417,37.8837,306.3641,0
U113,Te quiero tanto - Kevin Kaarl,59.4279,277.8027,46.0602,105.5993,20.9294,55.8621,336.7602,76.7915,0
U058,Milagrosa - Milo J,39.8723,619.2523,3.7986,2.2865,13.083,18.3344,709.265,5.2514,1
U040,Man down - Rihanna,8.3932,245.8044,137.3723,138.4597,111.036,186.9194,259.0168,75.8835,0
U119,Someone like you - Adele,67.5931,310.8344,33.6616,1.4319,45.1501,11.307,374.1825,33.8431,1
U048,Billie Jean - Michael Jackson,84.5936,383.0361,28.497,28.3461,26.6097,21.7698,463.3207,4.8399,1
U085,Nobody - Mitski,80.9332,54.1906,94.3203,69.5227,39.7609,161.1832,241.1631,121.4223,0
U011,Nobody - Mitski,84.5936,37.9475,8.6367,6.2075,66.2765,31.7383,50.4396,34.5382,1
U108,Colapso - Kevin Kaarl,65.788,382.0986,139.8572,173.0536,87.1527,353.7158,350.056,266.5631,0
U055,Te quiero tanto - Kevin Kaarl,59.0821,413.4802,14.3826,25.3288,1.7045,73.293,511.5195,74.9974,1
U055,Quimbara - Celia Cruz,53.9816,593.1652,160.9787,156.2047,109.4242,147.575,686.1039,38.1507,0
U066,Cheque al portamor - Melendi,79.5647,281.64,125.1813,145.4561,71.2471,472.5745,243.1089,401.3274,0
U016,Alguien como tu - Josean Log,62.3968,0.4966,17.6402,17.515,71.1209,63.0112,89.9795,8.1097,1
U038,Que le den candela - Celia Cruz,1.7203,459.0042,73.8892,70.3373,3.971,39.1483,461.8107,43.1193,0
U076,I'll change for you - Mitski,3.7444,610.1268,153.7373,133.4294,96.3302,128.4344,664.051,32.1041,0
U004,Love is a losing game - Amy Winehouse,15.1386,113.6446,96.4303,108.0311,144.3779,80.2388,57.1072,64.139,0
U016,No me culpes por sentir - Kevin Kaarl,62.3968,184.4613,22.0527,17.515,58.6832,79.8372,93.9852,21.154,1
U038,Sabes - Alex Ubago,60.5,222.7796,38.5941,43.3114,77.8481,58.604,284.3658,19.2441,1
U101,San lucas - Kevin Kaarl,58.0326,166.1085,18.6361,4.767,10.7343,92.7544,103.3787,103.4887,1
U034,Just friends - Amy Winehouse,50.4115,545.5057,101.465,104.933,101.6364,49.4664,626.7149,151.1027,0
U012,Por si acaso no regreso - Celia Cruz,8.7024,176.7739,55.8867,13.0621,2.6797,137.7315,32.2619,135.0518,1
U117,Yo vivire (I will survive) - Celia Cruz,43.7013,267.7497,12.8844,8.7777,18.943,100.6974,232.9903,81.7543,1
U068,Rehab - Amy Winehouse,5.2723,124.7927,47.0447,12.0268,66.6688,63.2643,118.2734,3.4045,1
U086,Mentira - Greeicy,52.0011,176.3668,21.8734,5.1369,150.3681,46.2335,229.5973,104.1346,1
U042,Love is a losing game - Amy Winehouse,1.7627,526.8191,106.3744,136.6094,63.9314,316.6175,744.0065,380.5488,0
U084,Dont stop the music - Rihanna,58.8312,240.127,12.7112,0.6609,71.8695,470.862,85.3914,542.7315,0
U101,Mujeres divinas - Vicente Fernandez,58.0326,29.1981,7.7011,15.6908,5.8697,83.421,91.9279,89.2907,1
U095,Top of the world - Shawn Mendes,55.411,97.8876,7.2199,10.8978,73.9928,8.014,43.5166,65.9788,1
U055,West coast - Lana del rey,53.5731,327.7789,49.6495,28.2509,58.5756,181.7559,420.3092,240.3314,0
U056,La promesa - Melendi,15.0001,88.7322,9.3443,9.7602,19.8052,106.974,97.2055,126.7792,1
U004,Hate you - Jung Kook,51.084,172.7412,90.7217,111.3653,68.5424,136.8449,295.5011,68.3026,0
U033,Bored - Laufey,67.8672,256.3815,17.4109,19.039,32.2453,367.9027,270.3385,335.6574,0
U084,Bitch better have my money - Rihanna,33.707,240.127,18.8888,44.1289,103.8367,427.2623,60.2671,531.099,0
U107,Too little too late - Laufey,60.1874,366.8121,57.7693,67.0572,117.3027,13.1209,438.1875,104.1817,0
U004,Fragile - Laufey,66.7591,512.5783,137.3858,135.8157,120.3288,159.6758,651.0133,39.347,0
U027,Love on the brain - Rihanna,49.3451,18.2872,48.8129,26.63,40.4429,233.4111,41.2498,273.8539,0
U005,Brooklyn baby - Lana del rey,5.1168,433.0784,125.1653,122.6184,47.3563,204.654,419.5481,157.2978,0
U061,Young and beautiful - Lana del rey ,26.7276,35.6054,108.9352,111.6271,70.311,60.1692,24.0328,10.1418,0
U055,Donde nadie pueda ir - Manuel Medrano,59.0821,276.6449,12.3522,12.2516,2.4623,38.2441,374.6842,35.7819,1
U046,Alguien como tu - Josean Log,73.1014,3.7994,25.0803,39.8777,64.0432,77.4477,98.1965,13.4045,1
U095,Borracho te recuerdo - Vicente Fernandez,55.411,5.9307,11.9006,31.6065,89.0715,34.7797,48.4403,54.2918,1
U042,Azul celeste - Paquita la del barrio,84.0393,201.9054,108.5473,121.2971,94.0046,273.3642,336.8163,179.3595,0
U110,Pobre pistolita - Paquita la del barrio,77.6194,192.7988,15.5562,26.5337,81.0752,17.6791,289.3127,63.3962,1
U114,Retirada - Milo J,75.4989,250.8667,98.785,115.6384,45.844,286.194,333.7373,240.35,0
U002,Limonar - Greeicy,11.4735,73.4736,16.9849,6.2759,116.515,227.1165,70.1653,343.6315,0
U087,Rehab - Amy Winehouse,14.6979,101.633,113.0224,101.3214,38.3081,297.3285,183.69,259.0205,0
U076,Dame tu aire - Alex Ubago,52.1989,72.9562,12.459,10.3679,18.7373,9.6877,36.9113,28.4249,1
U099,Brooklyn baby - Lana del rey,46.4451,360.1153,52.4669,42.1992,61.7008,26.8917,393.6237,34.809,0
U090,First love late spring - Mitski,54.7533,362.9273,174.0155,140.1009,158.188,167.801,429.1821,9.6131,0
U094,Set fire to the rain - Adele,38.954,605.129,152.1896,157.3718,169.6938,215.7656,684.8322,46.0718,0
U099,Only girl - Rihanna,72.5894,360.1153,113.9161,86.9778,126.0962,54.7718,419.7679,71.3243,0
U093,Soltera - Shakira,79.6162,102.4543,53.239,46.2257,59.8716,2.9776,129.4538,62.8493,1
U029,Lover girl - Laufey,24.835,383.6495,2.0603,23.0724,62.3493,40.432,356.5494,102.7814,1
U065,Mentira - Greeicy,2.2023,126.1269,99.9567,110.8692,96.7186,168.3753,118.8922,265.0939,0
U056,Mentira - Greeicy,17.5924,141.5379,132.0736,143.3901,164.8788,156.0232,117.4187,8.8556,0
U099,Me enamore - Shakira,17.7577,229.3256,31.0337,20.8239,77.8007,1.9725,234.1466,79.7732,1
U044,Young and beautiful - Lana del rey ,53.6847,69.9184,17.212,5.2703,86.8219,38.1711,0.8131,124.993,1
U059,Addicted to you - Shakira,57.2198,246.3311,143.2936,115.3255,138.6934,158.5363,186.9436,19.8429,0
U068,In my blood - Shawn Mendes,36.1812,362.9518,34.3408,1.3555,6.073,168.5829,387.3414,174.6559,0
U052,Me arrepiento - Alex Ubago,66.8761,74.7097,12.3618,16.5061,26.9113,48.8651,218.231,75.7764,1
U034,Si hay algo - Josean Log,54.3008,135.8019,18.8851,30.1268,39.5616,137.069,220.9004,176.6306,0
U053,Que me perdone tu perro - Paquita la del barrio,74.3209,333.949,54.6457,63.7163,73.5696,47.6596,382.8088,25.91,0
U090,Love on the brain - Rihanna,54.7533,53.5367,24.6283,13.429,0.2746,24.7783,119.7915,25.053,1
U011,La mujer que bota fuego - Manuel Medrano,84.5936,137.1021,122.4615,115.2439,18.8638,194.6784,48.7151,175.8145,0
U088,Beso - Josean Log,62.9902,96.6483,8.1321,13.898,46.8564,22.9383,9.7289,69.7947,1
U007,Cheque al portamor - Melendi,68.0895,38.5705,1.5646,1.6055,30.0659,12.2799,205.5989,17.786,1
U051,Dead women - Mitski,58.5719,224.3159,115.1659,126.5972,50.212,550.2581,224.1196,500.0461,0
U091,Te quiero tanto - Kevin Kaarl,50.3965,442.1619,37.1824,4.0109,0.9808,75.5331,537.8314,74.5522,1
U032,Bad - Michael Jackson,75.3734,455.032,107.3031,111.593,67.5805,3.2496,530.4054,70.83,0
U021,Amor viejo - Kevin Kaarl,53.3478,282.5779,156.7609,156.3477,52.812,389.2162,375.2922,336.4042,0
U018,Dame tu aire - Alex Ubago,80.3973,440.7151,196.7535,185.4758,81.4871,438.2919,408.7763,356.8047,0
U036,A veces a besos - Greeicy,49.8977,150.6395,59.4078,61.2975,23.6534,95.0978,166.7484,71.4444,0
U117,Mas fuerte - Greeicy,6.7762,267.7497,22.0636,30.3315,52.1477,17.3186,182.5128,34.8291,1
U038,Para siempre - Vicente Fernandez,60.5,127.3966,15.8253,6.4921,106.0675,46.2749,65.8104,59.7926,1
U104,Why why why - Shawn Mendes,33.0441,365.449,52.2834,21.1754,15.009,34.6209,393.2183,49.63,1
U100,MAI - Milo J,60.5474,364.3026,1.6469,9.2221,8.869,78.4753,490.4221,69.6063,1
U046,Estos celos - Vicente Fernandez,73.1014,148.4079,6.7193,21.6522,61.2198,15.7765,46.412,45.4434,1
U098,Why why why - Shawn Mendes,84.5936,418.5627,1.5822,31.259,41.5192,62.4654,506.5274,20.9462,1
U113,Retirada - Milo J,55.9378,12.6494,30.016,29.1887,27.9501,103.6395,42.818,75.6894,1
U101,Addicted to you - Shakira,62.6299,340.8301,182.4287,191.2241,210.0735,136.4634,282.8974,73.6101,0
U004,Es que yo te quiero a ti - Kevin Kaarl,67.138,614.4949,20.2308,23.9832,40.1802,70.691,753.3088,110.8711,0
U051,Where have you been - Rihanna,69.1707,243.1445,30.4324,3.1042,6.1772,316.3504,253.547,322.5276,0
U093,No me culpes por sentir - Kevin Kaarl,79.6162,523.4653,203.9961,189.5319,71.4753,200.9866,496.4658,129.5113,0
U083,La ley del monte - Vicente Fernandez,84.5936,330.5629,47.5309,52.383,67.5081,85.2693,424.6346,17.7612,0
U006,Azul celeste - Paquita la del barrio,76.6242,36.7446,0.7191,11.3748,141.8791,222.5083,28.6169,80.6291,0
U039,Hello - Adele,60.7001,191.6446,2.6246,28.3585,36.2865,68.7079,175.2363,32.4215,1
U025,Cheque al portamor - Melendi,67.5389,53.8279,6.7914,4.3604,36.8624,36.062,216.965,0.8004,1
U105,Fecha de caducidad - Melendi,82.6143,294.1036,95.9926,142.0445,22.5524,114.1523,349.3084,91.5999,0
U113,Doma - Josean log,59.4279,211.516,27.0675,38.8619,41.3455,106.9959,270.4735,65.6503,1
U061,MAI - Milo J,57.2576,346.0439,13.0044,9.1248,20.1506,25.6569,436.2121,45.8076,1
U120,Chicago - Michael Jackson,57.3892,17.0446,86.0116,156.3656,38.5421,400.7655,124.642,439.3076,0
U079,Only girl - Rihanna,38.3206,561.9132,259.7246,226.9683,186.0042,74.7856,609.3016,111.2185,0
U053,Una y otra vez - Manuel Medrano,74.3209,244.8056,57.7438,103.2332,1.1057,10.2696,195.9458,9.1639,1
U059,Si supieras - Kevin Kaarl,63.4427,120.8713,61.5124,84.0718,53.3461,50.0423,59.5963,3.3038,0
U089,Cinnamon girl - Lana del rey,68.1886,126.914,60.8335,6.1715,32.3911,14.1351,182.2024,18.2559,1
U014,You know i'm no good - Amy Winehouse,27.2403,172.9368,5.8513,13.9814,73.0518,8.1768,211.6003,64.875,1
U071,Remember the time  Michael Jackson,23.9542,419.102,68.2416,29.2024,56.4329,9.0161,434.1661,47.4168,0
U012,Loba - Shakira,32.7597,188.794,47.4442,12.5447,23.9812,51.5306,85.7442,27.5494,1
U099,Washin machine - Mitski,16.3997,360.1153,5.8494,18.0601,73.9773,24.262,330.7789,98.2393,1
U029,Smooth criminal - Michael Jackson,82.3671,408.5379,51.2692,12.0885,62.3978,230.9981,488.6399,293.3959,0
U050,Stitches - Shawn Mendes,84.5936,45.2039,27.4918,0.1943,42.1977,11.4623,129.5751,53.6599,1
U013,Como hacer para olvidarte - Manuel Medrano,50.0771,271.5721,17.3131,53.053,16.0691,25.8716,336.7182,9.8024,1
U104,A gritos de esperanza - Alex Ubago,32.6652,173.8253,9.5352,12.0451,9.3624,129.5393,146.4349,138.9018,1
U044,A gritos de esperanza - Alex Ubago,84.2147,61.817,42.1232,79.3619,25.6694,76.4834,39.4445,102.1528,1
U103,Me enamore - Shakira,13.2449,497.3109,116.5425,96.9175,117.8223,191.4601,616.1452,73.6378,0
U112,You know i'm no good - Amy Winehouse,6.5638,242.682,134.6614,141.0258,138.4134,56.691,339.7244,81.7224,0
U003,Too little too late - Laufey,69.9606,186.0606,11.7405,10.9567,53.0525,176.4643,247.3691,229.5167,0
U092,Yes or no - Jung Kook,57.0491,45.662,27.2534,2.0581,43.9856,202.1796,3.658,246.1653,1
U051,Cinnamon girl - Lana del rey,59.0096,22.0804,13.5054,20.8979,25.0809,313.5058,22.3218,288.4249,0
U050,La distancia - Manuel Medrano,84.5936,188.6558,72.2618,59.56,82.4621,63.0355,273.027,19.4266,0
U068,Dead women - Mitski,25.5824,399.644,8.6957,29.5067,45.3172,9.2323,413.4348,54.5494,1
U038,Top of the world - Shawn Mendes,60.5,48.7188,8.0251,13.1275,68.0322,12.5925,12.8674,80.6247,1
U060,Washin machine - Mitski,58.096,275.5105,19.3273,1.0819,14.665,211.7167,107.7474,197.0517,1
U080,Sigo aqui - Alex Ubago,11.5538,97.7989,17.8798,8.8949,37.0676,139.8583,114.8583,102.7908,1
U051,Los besos - Greeicy,42.6112,79.4763,41.5228,45.0205,0.4385,437.3947,63.3194,437.8331,0
U060,Aunque no te pueda ver - Alex Ubago,34.9899,184.5473,59.5258,85.1298,93.1962,295.9696,109.87,202.7733,0
U020,Mujeres divinas - Vicente Fernandez,81.4806,136.4787,82.9004,59.1251,120.0185,229.2265,67.3544,109.208,0
U040,Only girl - Rihanna,37.1915,597.5245,240.9213,238.4817,148.8059,270.751,656.3216,121.9453,0
U053,Beat it - Michael Jackson,74.3209,333.949,105.0037,110.4756,81.7354,319.777,382.8088,401.5123,0
U037,When we were young - Adele,62.7244,485.9015,147.6014,134.1016,55.7597,138.4279,573.3438,82.6682,0
U065,Sin remitente - Melendi,30.3902,254.2356,51.2065,48.1325,57.7043,294.9007,228.8778,237.1964,0
U041,Yes or no - Jung Kook,81.1035,111.6882,20.0934,22.9509,71.6542,301.9106,47.9725,373.5649,0
U115,From the start - Laufey,52.8304,57.9211,122.5813,127.6835,84.2107,144.5562,65.7399,60.3454,0
U109,Quedate - Manuel Medrano,65.0651,15.7833,35.2845,39.8903,47.2192,57.6956,133.2163,10.4764,1
U029,Taco placero - Paquita la del barrio,82.3671,62.4753,36.3243,1.5398,65.5639,24.8426,17.6268,40.7213,1
U074,Para siempre - Vicente Fernandez,68.8065,51.9254,5.8185,4.1905,56.2352,3.8528,44.6025,60.0879,1
U007,San lucas - Kevin Kaarl,68.0895,70.9373,4.7089,2.7475,26.4688,9.2046,96.0911,17.2642,1
U085,Lover girl - Laufey,26.2689,577.2819,69.6031,49.6283,54.0272,43.1197,657.0522,10.9076,0
U001,Que me perdone tu perro - Paquita la del barrio,48.7455,564.5278,44.4323,43.1618,14.6895,86.0538,625.428,100.7433,0
U048,Let you break my heart again - Laufey,9.1996,263.4615,29.0303,0.4005,11.5712,83.9259,249.9529,95.4972,1
U010,Yo vivire (I will survive) - Celia Cruz,34.2238,583.1887,155.2134,141.9225,113.5805,194.6237,632.5435,81.043,0
U035,Tierra - Josean Log,71.2139,209.8339,20.1268,0.3819,32.9685,1.2197,99.8876,31.7488,1
U020,Cheque al portamor - Melendi,81.4806,222.2775,96.9797,80.7249,111.5568,235.4846,153.1532,123.9278,0
U060,Top of the world - Shawn Mendes,38.48,275.6436,43.332,54.9575,107.0411,259.4328,346.8307,152.3917,0
U048,Tierra - Josean Log,84.5936,408.9388,157.3438,98.233,121.1217,259.7661,328.6542,138.6445,0
U054,Addicted to you - Shakira,36.0689,129.34,57.7628,33.5129,86.5071,23.4979,73.3653,63.0092,1
U065,Chachacha - Josean log,30.3902,136.1233,0.2151,2.516,15.6502,234.9125,110.7655,219.2622,1
U022,Niño - Milo J,35.5024,121.2235,15.5661,13.0544,8.1183,1.1999,64.7031,9.3183,1
U054,Easy on me - Adele,84.5936,319.5497,15.6817,9.502,14.3174,23.4979,384.2375,37.8153,1
U031,Estos celos - Vicente Fernandez,76.1597,107.6695,10.7528,24.4773,29.3661,36.6816,74.1841,66.0478,1
U012,Yo vivire (I will survive) - Celia Cruz,25.1728,238.2874,22.4618,28.4631,3.5833,16.0085,127.6506,19.5917,1
U088,Too sad to dance - Jung Kook,61.8469,584.0427,92.6353,54.2492,80.8446,66.6362,669.8188,14.2085,0
U092,Vamonos a marte - Kevin Kaarl,60.1603,252.5821,61.5726,98.5493,25.8736,231.332,200.1509,205.4584,0
U037,Milagrosa - Milo J,51.2425,576.8647,13.7804,29.3964,0.5179,106.4615,652.825,105.9436,0
U062,La luna - Josean Log,23.8405,89.8155,0.0835,34.2841,42.9885,41.9043,103.1082,84.8927,1
U095,Somedoy - Jung Kook,39.357,47.7048,70.4921,67.1473,16.4179,44.5557,86.0218,60.9736,1
U003,Los consejos - Greeicy,81.888,132.8554,37.0418,5.5255,1.7564,188.0885,59.6196,186.3322,1
U083,Sigo aqui - Alex Ubago,84.5936,22.5103,28.9084,28.1459,32.4305,34.0608,116.582,66.4912,1
U115,Love on the brain - Rihanna,50.4293,399.3375,167.3165,167.5767,77.5369,228.1592,510.4161,150.6222,0
U105,Standing next to you - Jung Kook,82.6143,250.6725,30.7809,6.8927,90.4176,60.8787,305.8773,29.5389,1
U111,Billie Jean - Michael Jackson,61.0367,219.8941,31.7964,45.5375,34.1279,17.1231,60.9013,17.0047,1
U082,Why why why - Shawn Mendes,80.5192,514.334,57.8971,3.0248,40.8569,98.3022,661.0734,57.4453,0
U039,Si hay algo - Josean Log,66.2091,206.0391,161.5501,166.72,89.5929,371.1377,216.9384,281.545,0
U053,Somedoy - Jung Kook,58.2669,71.6127,17.2438,0.9615,23.055,31.6758,38.8069,8.6208,1
U033,Back to black - Amy Winehouse,63.1728,102.8323,32.3945,22.3926,23.6771,460.6859,84.1809,437.0088,0
U094,Sigo aqui - Alex Ubago,60.8547,96.4628,27.4498,32.1548,24.6236,107.9274,198.0667,83.3037,1
U053,Borracho te recuerdo - Vicente Fernandez,74.3209,125.2482,41.3477,36.5023,49.5986,47.6596,76.3884,1.939,1
U012,Washin machine - Mitski,63.8163,238.2874,13.5626,30.1254,1.4126,21.7976,38.6616,23.2102,1
U016,Caminando por la vida - Melendi,62.3968,371.6344,30.9902,19.3964,23.4323,22.2959,462.1105,45.7282,1
U003,No me culpes por sentir - Kevin Kaarl,81.888,401.6107,120.6167,94.4772,90.2391,283.284,328.3749,193.0449,0
U046,Gitana - Shakira,60.2755,212.9383,93.2718,70.6893,101.4153,43.432,302.1083,57.9833,0
U036,Te quiero tanto - Kevin Kaarl,61.8251,25.6824,155.048,170.7854,125.1647,178.8654,21.5008,53.7007,0
U102,Tu jardin con enanitos - Melendi,84.5936,272.1979,105.5678,137.152,16.1727,360.7864,328.6087,376.9591,0
U031,Lover girl - Laufey,31.0424,578.4827,68.6394,46.2489,119.489,53.3799,653.1342,66.1092,0
U110,"Volver, volver - Vicente Fernandez",77.6194,546.7552,54.4733,47.9423,0.2838,27.3589,643.2691,27.0751,0
U011,The girl is mine - Michael Jackson,84.5936,12.3281,41.8006,39.6114,24.8398,39.491,76.0589,14.6512,1
U115,Quedate - Manuel Medrano,50.4293,16.0818,1.356,15.4816,75.5219,19.4137,127.1604,94.9355,1
U055,First love late spring - Mitski,59.0821,67.7789,19.1374,29.5328,63.9794,67.5974,165.8182,131.5767,1
U065,Remember the time  Michael Jackson,30.3902,402.3892,45.3422,21.1533,6.6828,101.8321,427.747,108.5149,0
U016,Chicago - Michael Jackson,62.3968,361.3501,90.4077,52.8746,41.4488,115.6811,451.8262,74.2323,0
U085,Si pudiera - Manuel Medrano,80.9332,517.5196,48.1701,63.6898,76.0223,46.5962,704.492,29.4261,0
U047,Tears dry on their own - Amy Winehouse,43.1315,239.0036,13.0319,2.9698,41.9615,8.6977,281.1072,33.2637,1
U011,Somedoy - Jung Kook,68.5396,110.783,18.1129,20.2575,32.7351,6.6113,183.116,26.1238,1
U043,Beso - Josean Log,68.1244,54.722,54.9506,57.5711,42.2022,20.739,90.5594,62.9412,1
U107,Sin miedo a nada - Alex Ubago,72.1148,130.2884,1.709,24.8667,12.3253,35.5072,213.5911,23.182,1
U120,Smooth criminal - Michael Jackson,57.3892,221.63,47.0974,148.7874,47.0962,229.6582,79.9434,182.562,0
U097,Azul celeste - Paquita la del barrio,43.9037,155.7014,102.639,126.7399,15.8832,62.9855,211.6164,47.1022,0
U074,Sabes - Alex Ubago,68.8065,298.2508,16.9503,53.994,28.0158,8.4763,394.7787,19.5394,1
U045,When we were young - Adele,68.532,93.6237,20.5662,35.1395,13.8295,82.0099,101.3751,68.1804,1
U006,Euphoria - Jung Kook,32.0306,225.4223,82.5669,19.813,42.5874,110.1122,246.1902,152.6995,0
U085,Que pides tu - Alex Ubago,80.9332,74.6002,14.1188,31.5566,35.8815,23.3668,112.3722,12.5147,1
U099,Azul celeste - Paquita la del barrio,80.1763,49.423,9.5722,2.7478,45.5606,63.3299,17.8166,17.7692,1
U030,Bitch better have my money - Rihanna,59.0905,361.074,19.7557,55.843,9.5729,29.6941,412.4281,20.1212,1
U098,Somedoy - Jung Kook,68.5396,98.1421,41.5533,49.4633,59.6824,93.0341,170.0528,33.3517,1
U005,First love late spring - Mitski,28.6144,92.3079,16.0187,2.0421,89.8044,61.6313,72.107,151.4357,1
U113,Los consejos - Greeicy,59.4279,30.4663,15.5296,3.8886,70.3401,57.7716,28.4912,128.1118,1
U114,MAI - Milo J,78.6101,31.5971,182.9665,185.1296,53.6225,476.3557,111.3565,422.7331,0
U015,Rolling in the deep - Adele,84.5936,289.8493,40.405,3.1714,31.5642,36.0935,356.6961,4.5293,1
U048,Where have you been - Rihanna,84.5936,383.0361,25.915,34.2854,42.8293,30.353,463.3207,73.1824,1
U085,El chofer - Vicente Fernandez,72.9234,0.6977,37.8284,20.8179,12.8984,45.0292,179.6603,57.9276,1
U049,Como hacer para olvidarte - Manuel Medrano,51.2896,309.6213,30.0319,17.5056,10.0224,36.786,392.8846,46.8084,1
U082,Tu jardin con enanitos - Melendi,80.5192,593.1626,18.3135,17.209,21.9208,19.2361,739.902,2.6847,1
U075,First love late spring - Mitski,67.6972,313.1292,190.3779,195.949,151.4303,158.4038,428.5469,6.9735,0
U110,Caminando por la vida - Melendi,77.6194,352.4541,0.1921,2.5016,6.2318,74.9339,448.968,81.1657,1
U002,Pierdeme el respeto - Paquita la del barrio,56.0671,53.4425,52.6646,51.7191,21.9238,305.089,12.1572,283.1652,0
U034,Rolling in the deep - Adele,54.3008,594.9991,213.0155,202.1076,140.4807,124.5565,680.0976,15.9241,0
U085,There's nothing holding me back - Shawn Mendes,80.9332,29.3576,42.9042,35.5868,32.5663,79.2368,157.6149,111.8031,1
U076,From the start - Laufey,51.0608,52.7147,132.8987,115.0354,123.11,98.3909,59.3224,24.7191,0
U031,Por si acaso no regreso - Celia Cruz,34.6976,548.1701,130.1042,73.0871,107.7496,300.9919,688.5615,193.2423,0
U035,West coast - Lana del rey,65.7049,316.7547,26.2777,2.1596,45.5761,177.1547,421.192,222.7308,0
U082,I am - Milo J,77.8204,520.1898,44.7718,88.2836,15.5452,99.9467,664.2304,84.4016,0
U098,Para siempre - Vicente Fernandez,84.5936,126.1281,60.0091,35.2172,35.9278,18.403,38.1634,17.5248,1
U008,Borracho te recuerdo - Vicente Fernandez,23.3973,64.0545,27.9163,37.0223,15.978,124.5812,60.0285,108.6032,1
U004,Addicted to you - Shakira,53.5245,430.5977,210.8403,215.3398,209.3458,238.7328,448.7491,29.387,0
U094,Estos celos - Vicente Fernandez,60.8547,112.2241,4.6902,18.6112,31.0834,91.2291,10.6202,122.3126,1
U030,Dont stop the music - Rihanna,84.2147,361.074,11.8443,11.0532,22.3943,13.9056,437.5524,8.4887,1
U115,Soltera - Shakira,50.4293,484.5435,141.9465,149.8856,73.6241,191.7361,595.6221,118.1118,0
U119,Una y otra vez - Manuel Medrano,84.5936,182.7791,48.6535,87.9426,10.3406,35.2262,102.4305,24.8856,1
U058,Set fire to the rain - Adele,29.4535,619.2523,173.5799,163.1998,158.1532,234.5258,698.8463,76.3726,0
U020,Hate you - Jung Kook,65.4266,82.7032,12.8892,12.4337,56.6181,111.23,29.6329,54.6118,1
U113,Bajo el agua - Manuel Medrano,59.4279,232.6889,71.9008,90.4217,12.1185,176.1172,173.7314,188.2356,0
U025,When we were young - Adele,67.5389,550.5052,150.4062,150.456,105.3745,234.485,713.6423,129.1105,0
U046,In a lake portuguese -  Mitski,13.5026,443.7469,46.9792,23.1495,41.9648,31.6288,459.1387,73.5936,1
U039,Treat you better - Shawn Mendes,66.2091,100.323,100.2319,98.3927,108.5908,271.2196,89.4238,162.6288,0
U113,Why why why - Shawn Mendes,59.4279,372.3466,25.1783,42.8893,55.1273,4.5962,431.3041,50.5311,1
U048,Tres veces te engañe - Paquita la del barrio,84.5936,345.7024,6.0649,16.437,14.6823,145.5236,425.987,160.2058,1
U112,Los consejos - Greeicy,63.9171,135.9416,101.7175,121.1314,87.6553,37.0904,290.3373,50.565,0
U069,Hate you - Jung Kook,68.5396,43.2934,34.7662,56.6785,83.4934,121.9527,21.6054,38.4592,0
U050,When we were young - Adele,84.5936,343.6643,50.6765,67.4482,2.4068,124.34,428.0355,121.9332,0
U027,Euphoria - Jung Kook,4.7515,86.9115,61.8566,10.8594,96.3461,211.2366,17.2191,307.5825,0
U099,I'll change for you - Mitski,24.233,360.1153,36.7735,22.7114,62.8967,26.6678,371.4116,89.5646,1
U119,Rehab - Amy Winehouse,53.6847,102.2956,5.7766,27.5061,43.8975,106.7565,151.7353,150.6541,1
U042,Hello - Adele,78.5303,146.1194,17.6324,76.3501,19.3064,87.9514,5.6995,107.2578,1
U100,Waka waka - Shakira,30.0174,583.9692,172.4847,113.2408,122.1615,460.102,679.5587,337.9404,0
U047,Donde nadie pueda ir - Manuel Medrano,84.5936,107.4459,107.7834,120.2791,98.2955,187.5451,191.0116,89.2497,0
U078,La vida es un carnaval - Celia Cruz,65.6669,257.867,77.0725,76.229,53.2562,398.869,238.9885,452.1252,0
U097,Rehab - Amy Winehouse,12.9948,271.5598,101.0026,93.7619,101.1423,112.0005,296.5659,213.1429,0
U069,Treat you better - Shawn Mendes,84.5936,251.9377,43.1721,69.7876,124.5872,152.4044,332.8906,27.8171,0
U019,Si pudiera - Manuel Medrano,65.9542,527.8462,4.6878,5.1195,38.7175,30.5171,703.382,8.2004,1
U017,Mercy - Shawn Mendes,39.6554,321.8576,66.5103,103.165,46.5947,51.9175,362.6227,98.5121,0
U089,Quiero + - Greeicy,78.3497,304.547,7.4842,35.3127,56.3934,116.023,369.9965,59.6297,1
U118,Bitch better have my money - Rihanna,26.5908,641.8125,228.232,240.9647,205.8506,190.3099,761.6673,15.5407,0
U045,Love is a losing game - Amy Winehouse,13.7446,549.8651,74.3819,91.4107,48.4326,212.7844,624.3902,261.2169,0
U016,Si hay algo - Josean Log,62.3968,113.0508,10.5723,3.1094,8.0178,52.6437,203.5269,60.6616,1
U111,Washin machine - Mitski,35.5393,219.8941,50.1843,47.1998,71.0417,64.7883,35.6747,135.83,1
U040,Sangre para derramar - Milo J,44.0184,285.5197,7.8897,6.6813,17.0133,20.9484,351.1438,37.9618,1
U008,Mujeres divinas - Vicente Fernandez,23.3973,106.699,17.5134,19.831,9.361,193.811,102.673,184.45,1
U083,Para siempre - Vicente Fernandez,84.5936,98.6554,39.6448,21.6994,82.7003,15.5602,4.5837,98.2605,1
U064,Beso - Josean Log,56.9236,55.1441,58.5436,56.7753,31.0045,1.4677,96.1061,29.5368,1
U068,The girl is mine - Michael Jackson,36.1812,110.2002,19.2419,6.0069,23.1949,110.0985,85.8106,133.2935,1
U088,Love in the dark - Adele,62.9902,447.6938,122.8073,103.7506,57.8453,114.2323,534.6132,56.387,0
U069,Combustion - Josean Log,84.5936,290.8546,83.1542,124.4139,166.79,184.3205,371.8074,17.5305,0
U059,Love in the dark - Adele,63.4427,300.1919,71.1139,32.1863,14.8696,63.5004,361.4669,48.6308,0
U093,In my blood - Shawn Mendes,79.6162,177.7232,112.4516,119.1423,20.4952,0.4725,204.7227,20.0226,0
U100,Sin remitente - Melendi,60.9263,72.6556,14.0914,13.2103,0.8159,45.3391,53.8428,44.5231,1
U026,Sigo aqui - Alex Ubago,60.9706,50.6443,9.348,3.0712,45.4399,32.1679,126.3852,77.6077,1
U094,La luna - Josean Log,60.8547,270.8055,24.1258,50.6847,16.5333,73.6658,372.4094,90.199,1
U070,Still with you - Jung Kook,56.7316,629.7093,131.0586,117.3463,77.4131,99.119,736.1737,21.7058,0
U098,Back to black - Amy Winehouse,79.8992,350.8687,12.281,26.9561,91.9712,17.6868,434.139,74.2844,1
U010,Only girl - Rihanna,34.2238,583.1887,254.3809,245.2981,170.6953,235.8514,632.5435,65.1561,0
U029,Chachacha - Josean log,82.3671,154.863,47.2485,32.8358,4.5763,42.3306,74.761,37.7542,1
U039,Cola - Lana del rey,22.2491,253.1581,5.0949,42.1177,15.873,71.9566,198.2987,87.8297,1
U110,Beso - Josean Log,77.6194,127.6233,17.238,6.3695,74.8089,59.3539,31.1094,15.455,1
U013,Standing next to you - Jung Kook,52.7759,526.4419,166.8051,136.6005,89.5164,291.5554,594.2868,202.0391,0
U112,Caminando por la vida - Melendi,63.9171,423.282,71.1855,69.0911,81.2881,0.5638,577.6777,81.8519,0
U063,El chofer - Vicente Fernandez,33.891,339.9245,36.9493,29.7238,60.9336,1.0295,428.7809,61.9631,1
U022,Love in the dark - Adele,41.8354,461.9615,181.0037,160.3169,82.0465,173.6008,524.8149,91.5544,0
U111,Soltera - Shakira,61.0367,89.1044,20.7336,2.6202,76.1543,50.0577,69.8884,126.2121,1
U103,Sin miedo a nada - Alex Ubago,75.6635,222.5389,19.4497,27.1831,26.0788,115.0982,403.7918,89.0195,1
U077,La negra tiene tumbao - Celia Cruz,20.79,395.5567,105.8338,97.6258,138.2303,58.2359,374.7666,196.4663,0
U100,Sabes - Alex Ubago,60.9263,335.5144,3.4988,7.1932,5.4029,76.3962,462.0128,81.799,1
U062,El chofer - Vicente Fernandez,15.8307,183.6461,28.0984,44.1264,24.3909,78.0754,178.3632,53.6845,1
U117,Just friends - Amy Winehouse,47.3989,218.2563,2.1163,13.736,26.4804,5.591,187.1946,32.0714,1
U096,There's nothing holding me back - Shawn Mendes,55.786,412.9105,70.916,72.4428,113.8452,528.3138,479.3353,414.4685,0
U038,Stitches - Shawn Mendes,60.5,113.0117,33.0831,55.6318,44.1246,4.1158,174.5979,40.0087,1
U056,Sangre para derramar - Milo J,14.2401,136.9963,24.1834,39.4051,7.2712,8.6987,144.7096,15.9699,1
U005,You know i'm no good - Amy Winehouse,28.7389,51.8648,73.7602,72.4786,72.6393,85.018,14.7124,12.3787,0
U055,Si hay algo - Josean Log,59.0821,133.968,25.0225,15.8318,25.9245,3.3815,232.0073,22.5432,1
U088,La mujer que bota fuego - Manuel Medrano,62.9902,69.4041,31.696,31.7508,8.097,63.3407,17.5153,55.2436,1
U090,La distancia - Manuel Medrano,54.7533,83.5127,161.8203,146.4367,117.4837,214.8542,149.7675,97.3706,0
U099,Yes or no - Jung Kook,76.6862,106.3962,6.969,26.2293,62.8967,90.7212,42.6467,153.618,1
U086,A veces a besos - Greeicy,72.6662,127.8231,13.0998,57.5819,106.2674,67.272,201.7188,38.9954,1
U100,Aca entre nos - Vicente Fernandez,60.9263,565.6767,64.6166,70.3414,53.6818,134.9894,692.1751,81.3074,0
U071,Como hacer para olvidarte - Manuel Medrano,21.2554,152.002,28.7778,55.1458,0.8567,242.938,164.3673,243.7947,0
U050,Love is a losing game - Amy Winehouse,2.317,299.8245,3.1392,11.177,64.6689,6.4345,297.7298,71.1033,1
U091,La luna - Josean Log,50.3965,287.5234,57.4064,66.8243,33.1554,39.362,383.1929,72.5172,0
U081,My you - Jung Kook,52.8548,109.4786,86.9008,96.138,23.6492,551.1743,65.1457,527.5251,0
U070,Si hay algo - Josean Log,56.7316,170.5121,43.3025,44.1739,28.9604,54.5601,276.9765,83.5206,1
U120,Pierdeme el respeto - Paquita la del barrio,57.3892,197.2745,160.2051,183.2467,76.3068,493.3837,338.9611,417.0769,0
U098,Mercy - Shawn Mendes,84.5936,303.0902,6.4475,28.628,40.5645,38.3334,391.0549,2.2311,1
U019,Top of the world - Shawn Mendes,65.9542,67.6553,69.5668,74.3369,14.0506,99.5656,243.1911,113.6162,0
U119,Stronger than me - Amy Winehouse,35.4612,395.9755,48.2566,38.5914,59.4164,1.0817,427.1916,58.3347,1
U069,Cinnamon girl - Lana del rey,74.4325,183.7087,40.064,13.5126,44.7889,20.0648,254.5004,24.7241,1
U118,Never be alone - Shawn Mendes,52.0939,641.8125,66.0821,27.5633,14.1669,37.0754,787.1705,22.9085,0
U083,Tierra - Josean Log,84.5936,260.7984,63.594,29.413,83.7147,33.9412,166.7267,49.7735,1
U097,Desde que estamos juntos - Melendi,43.9037,22.4008,11.0722,10.539,0.5394,161.2248,33.5142,160.6854,1
U094,Vamonos a marte - Kevin Kaarl,60.4758,68.3026,1.5787,9.6643,23.8254,100.3987,32.9224,76.5733,1
U080,My love mine all mine - Mitski,30.5274,194.8716,57.63,28.8066,4.0718,143.6444,135.731,147.7162,0
U053,Why why why - Shawn Mendes,74.3209,248.8079,25.8917,81.6838,4.8918,1.1071,297.6677,3.7847,1
U024,Aunque no te pueda ver - Alex Ubago,70.8736,113.4217,171.8381,172.9504,92.7042,271.6644,26.6209,178.9601,0
U105,Lo hecho esta hecho - Shakira,48.8831,294.1036,76.0787,37.628,117.927,87.3652,315.5772,30.5618,0
U107,Sabes - Alex Ubago,72.1148,256.1944,39.079,49.9646,1.9466,29.333,339.4971,27.3864,1
U108,Beso - Josean Log,65.788,361.0601,77.5564,96.0891,105.5021,294.5346,329.0176,189.0325,0
U072,Azul celeste - Paquita la del barrio,65.2113,128.2361,35.0227,4.8293,54.8322,441.1049,300.7547,386.2726,0
U080,Que me perdone tu perro - Paquita la del barrio,11.5538,410.8673,36.8163,37.2671,88.3518,126.2572,393.8079,37.9054,0
U095,Sin remitente - Melendi,55.411,234.5592,64.4317,73.3538,77.5899,110.2676,180.1882,32.6777,0
U089,Diamonds - Rihanna,78.3497,322.9455,19.584,0.4429,31.1167,129.3758,388.395,98.2592,1
U030,Borracho te recuerdo - Vicente Fernandez,84.5936,98.1232,103.9426,79.1053,186.7024,93.241,21.2659,93.4614,0
U115,No me culpes por sentir - Kevin Kaarl,50.4293,141.3761,8.8106,6.5794,57.7228,6.2729,30.2975,51.4498,1
U075,La vida es un carnaval - Celia Cruz,48.7705,212.2571,79.9319,109.1703,33.4516,96.7523,77.9127,130.2039,0
U053,Rata de dos patas - Paquita la del barrio,74.3209,302.7481,16.378,4.4769,47.9786,22.0244,351.6079,25.9541,1
U012,Love on the brain - Rihanna,32.7597,22.2917,68.3833,32.1453,10.438,29.3561,80.7581,18.9181,1
U095,I bet on losing dogs - Mitski,54.2677,422.0656,16.2137,34.8086,75.4441,42.6191,475.2933,32.8251,1
U016,Sigo aqui - Alex Ubago,62.3968,63.5818,23.4804,14.2541,12.5905,15.3583,154.0579,27.9487,1
U070,Para siempre - Vicente Fernandez,56.7316,0.1226,45.4742,61.7651,41.9177,5.0587,106.3418,36.859,1
U028,Yo vivire (I will survive) - Celia Cruz,46.994,606.3969,155.0876,121.8166,103.1187,245.77,711.1886,142.6512,0
U017,Para siempre - Vicente Fernandez,39.6554,107.3607,12.9487,39.3198,29.8976,108.6539,66.5956,78.7562,1
U051,Taco placero - Paquita la del barrio,69.1707,234.1812,99.8928,98.7055,141.2547,462.1721,223.7786,320.9174,0
U119,I'll change for you - Mitski,28.6503,395.9755,42.2055,30.9311,35.3293,21.0794,420.3808,56.4088,1
U029,Los consejos - Greeicy,82.3671,73.1036,16.5305,23.0724,11.5912,40.432,6.9984,52.0233,1
U088,Someone like you - Adele,45.9897,498.9016,116.2059,87.9896,77.0433,163.076,568.8205,86.0327,0
U109,No me culpes por sentir - Kevin Kaarl,65.0651,141.6746,25.1179,30.9881,29.4201,83.3822,24.2416,53.9621,1
U024,Doma - Josean log,74.3637,41.5868,173.3136,141.4279,163.6102,324.7187,178.1392,161.1084,0
U026,Rehab - Amy Winehouse,30.0617,265.6306,68.0633,52.363,32.1893,32.1679,310.4626,0.0215,0
U097,Retirada - Milo J,40.4136,95.1026,94.8155,68.5754,23.5131,49.4106,147.5275,25.8975,0
U023,Thriller - Michael Jackson,84.5936,489.0397,0.1149,7.2586,57.4214,1.9517,574.0994,59.3731,1
U107,Top of the world - Shawn Mendes,72.1148,15.304,7.5402,6.4743,7.8693,41.8635,67.9987,33.9942,1
U089,West coast - Lana del rey,72.8407,82.5918,59.0938,106.0117,177.6916,68.0184,142.5323,109.6731,0
U097,Combustion - Josean Log,43.9037,451.3215,50.7153,47.0264,17.0793,112.0005,507.2365,94.9212,0
U047,Beso - Josean Log,84.5936,256.7248,67.4209,79.7766,135.5349,99.9917,173.1591,35.5431,0
U015,You know i'm no good - Amy Winehouse,27.2403,91.3643,69.8316,80.5877,59.9435,210.1164,81.8708,150.1729,0
U112,La vida es un carnaval - Celia Cruz,44.9904,623.8956,155.3285,153.2838,160.8516,94.9558,759.3646,65.8958,0
U075,San lucas - Kevin Kaarl,67.6972,484.8912,195.7149,220.2302,97.9663,219.5798,600.3089,121.6135,0
U040,Bajo el agua - Manuel Medrano,44.7784,92.6521,7.6927,29.3586,0.7138,14.7113,26.268,15.4249,1
U079,Los besos - Greeicy,19.348,398.245,152.5026,144.3079,160.6718,51.9643,426.661,212.636,0
U088,Sin miedo a nada - Alex Ubago,62.9902,178.481,21.9172,5.6355,9.617,79.023,265.4004,88.6401,1
U108,Man down - Rihanna,12.6164,32.0892,12.6549,25.3901,34.0064,189.1753,53.2184,223.1817,1
U033,Dont stop the music - Rihanna,67.4883,255.6674,30.3846,54.7323,35.6886,385.3386,241.3315,421.0272,0
U085,No me culpes por sentir - Kevin Kaarl,80.9332,148.2265,32.5626,39.3234,85.2136,52.0758,38.7459,33.1378,1
U118,I am - Milo J,49.3951,562.5272,17.3208,24.4239,7.6636,82.1074,705.1864,89.7711,0
U064,Borracho te recuerdo - Vicente Fernandez,56.9236,166.3497,100.6984,111.0871,13.2998,34.2076,317.5999,47.5074,0
U024,Por si acaso no regreso - Celia Cruz,32.9016,142.8714,50.6609,71.8392,12.9059,27.8824,35.1432,14.9765,1
U081,Valentine - Laufey,70.8128,103.8549,47.2826,71.4434,26.8826,433.6779,77.48,406.7953,0
U016,Doma - Josean log,62.3968,326.2763,18.9251,28.6862,81.8861,33.866,416.7524,48.0202,1
U022,Me arrepiento - Alex Ubago,41.8354,59.8914,42.8146,28.9206,13.0004,58.4149,122.7448,71.4154,1
U107,Nobody - Mitski,72.1148,18.4421,75.776,70.4694,98.9856,119.5602,64.8607,20.5746,0
U093,Let you break my heart again - Laufey,14.177,113.6694,64.8351,61.1974,56.0261,2.0471,46.8757,53.979,1
U083,A gritos de esperanza - Alex Ubago,84.2147,93.2389,23.9661,26.8715,10.8999,1.5102,0.4539,12.4101,1
U016,There's nothing holding me back - Shawn Mendes,62.3968,65.5924,53.4141,57.3952,6.0359,51.4754,24.8838,57.5113,1
U083,There's nothing holding me back - Shawn Mendes,84.5936,106.6639,1.0253,14.9952,25.8759,70.1779,12.5921,96.0538,1
U010,Quimbara - Celia Cruz,36.7102,583.1887,193.589,202.5309,142.5428,144.9262,635.0299,2.3833,0
U027,La luna - Josean Log,49.3451,100.0406,85.1051,84.0683,89.881,406.9093,159.5776,317.0283,0
U103,Retirada - Milo J,72.1734,157.9635,68.1131,15.1813,33.8573,242.4988,335.7263,208.6415,0
U046,Tierra - Josean Log,73.1014,223.0297,18.6453,9.3757,56.797,67.0802,121.0338,10.2832,1
U024,Fragile - Laufey,73.9848,96.1558,65.2782,61.1179,0.176,190.2957,40.7755,190.4717,0
U090,Stronger than me - Amy Winehouse,5.6209,162.459,42.4738,27.2679,4.2557,56.1767,47.0717,60.4325,1
U001,Mujeres divinas - Vicente Fernandez,48.7455,62.6861,12.3006,13.5225,15.8985,16.824,123.5863,0.9255,1
U011,Te busco audio - Celia Cruz,82.2871,497.5161,16.6026,45.3501,20.0224,27.6216,583.5966,7.5992,1
U083,Still with you - Jung Kook,84.5936,531.1765,45.9396,33.8818,36.6305,119.7379,625.2482,83.1073,0
U115,Love in the dark - Adele,50.4293,478.9843,141.4774,129.4755,48.0537,158.1424,590.0629,110.0886,0
U040,Rie y llora - Celia Cruz,14.9758,591.212,137.7321,120.4852,97.9541,131.3978,627.7935,33.4438,0
U047,Love is a losing game - Amy Winehouse,2.317,310.4858,5.024,14.0935,28.0227,72.1558,309.1966,100.1785,1
U078,Que me perdone tu perro - Paquita la del barrio,84.5936,257.867,149.7888,137.1918,113.6143,443.1333,257.9152,329.519,0
U070,Where have you been - Rihanna,56.7316,629.7093,204.7838,186.5699,121.0189,174.853,736.1737,53.8341,0
U086,Treat you better - Shawn Mendes,84.5936,330.9949,36.7819,57.5819,13.3872,13.511,416.818,0.1239,1
U077,Still with you - Jung Kook,32.3816,498.0637,94.827,91.0337,103.1833,17.2248,530.4453,120.4082,0
U072,Quimbara - Celia Cruz,60.1108,281.3022,27.6737,51.7877,88.6721,413.9284,103.683,502.6005,0
U061,Addicted to you - Shakira,63.026,406.7017,221.5923,210.5273,171.1355,218.6632,376.5863,47.5277,0
U062,Si supieras - Kevin Kaarl,23.8405,133.2731,24.6309,9.3769,10.3635,31.843,119.9804,42.2065,1
U033,You know i'm no good - Amy Winehouse,10.5139,125.5462,22.9625,13.9354,8.1582,458.6745,196.8565,450.5163,0
U103,Someone like you - Adele,58.663,542.9595,113.7384,66.442,112.7391,199.1512,707.2119,86.4121,0
U009,Niño - Milo J,78.2606,361.5966,230.2975,254.2954,216.7818,422.9949,296.5937,206.2131,0
U118,Summertime sadness - Lana del rey,51.3339,641.8125,140.6854,107.6128,72.9113,100.6079,786.4105,27.6966,0
U065,Let you break my heart again - Laufey,63.403,314.0155,86.5192,97.807,39.536,125.1757,245.5801,164.7117,0
U094,There's nothing holding me back - Shawn Mendes,60.8547,32.7114,57.3835,75.2959,31.1782,144.0445,68.8926,112.8663,0
U062,Alguien como tu - Josean Log,23.8405,148.6056,37.8801,16.0149,60.362,2.2036,135.3129,58.1584,1
U073,In my blood - Shawn Mendes,70.7286,592.013,116.8593,96.4673,41.6095,162.2741,749.5727,120.6645,0
U053,Billie Jean - Michael Jackson,74.3209,333.949,20.579,23.4687,20.9424,108.7336,382.8088,87.7913,1
U087,Only girl - Rihanna,38.0199,192.0469,12.1023,21.3822,16.3232,130.2118,133.3118,146.5349,1
U119,Cheque al portamor - Melendi,84.5936,191.665,91.7664,99.6648,45.9662,168.6433,111.3164,122.6771,0
U047,Chicago - Michael Jackson,84.5936,213.0683,9.4267,42.4305,36.4777,22.4053,296.634,58.8829,1
U043,My love mine all mine - Mitski,26.0432,409.9733,104.6211,76.2084,43.9551,39.0271,513.1735,4.928,0
U044,Yes or no - Jung Kook,81.1035,96.0869,15.8894,21.848,73.1998,22.3091,194.2372,95.509,1
U077,Rara vez - Milo J,32.3816,168.1525,15.6703,5.9968,43.214,211.2551,200.5341,254.469,0
U102,Washin machine - Mitski,11.9824,278.5104,37.9014,66.415,88.0732,256.0052,238.3452,344.0784,0
U004,Un violinista en tu tejado - Melendi,67.138,0.8761,13.9281,5.0053,21.9708,35.1505,137.9378,57.1213,1
U114,Desde que estamos juntos - Melendi,78.989,368.3701,182.5283,173.6748,69.8965,496.8294,447.7506,426.9329,0
U028,Rincon - Milo J,54.5809,67.0347,24.22,7.8109,10.0324,30.1651,45.344,20.1327,1
U092,The girl is mine - Michael Jackson,60.5392,107.8233,4.789,25.4721,37.3099,176.9691,55.0132,139.6592,1
U107,Bajo el agua - Manuel Medrano,72.1148,154.3265,54.9624,43.7353,4.2722,116.8489,71.0238,121.121,1
U029,I bet on losing dogs - Mitski,81.2238,383.6495,18.0247,24.6781,44.4846,34.6703,462.6082,9.8144,1
U001,La luna - Josean Log,48.7455,230.2043,22.1718,33.3195,4.5622,38.1911,291.1045,42.7532,1
U020,Man down - Rihanna,28.309,13.6429,10.5858,14.1154,4.8317,90.3127,29.5955,85.481,1
U039,Diamonds - Rihanna,66.2091,228.1255,58.2453,47.8463,27.5181,254.1207,217.2262,226.6027,0
U033,Aunque no te pueda ver - Alex Ubago,64.3771,164.7042,97.028,108.1028,99.6959,474.4451,147.257,374.7491,0
U093,Una y otra vez - Manuel Medrano,79.6162,345.5106,142.6246,168.9075,1.9915,34.2608,318.5111,32.2693,0
U079,Estos celos - Vicente Fernandez,45.9075,155.4399,53.125,41.4293,1.9633,109.0294,100.4645,107.066,1
U017,Cheque al portamor - Melendi,39.6554,65.1693,3.5894,10.0064,8.1377,152.0401,24.4042,160.1777,1
U066,Soltera - Shakira,79.5647,175.2108,7.3172,11.0521,26.2416,307.8742,213.7419,334.1159,0
U030,Gitana - Shakira,71.7677,5.0671,58.9456,55.8936,52.4611,64.3319,69.0985,11.8708,1
U042,Pierdeme el respeto - Paquita la del barrio,84.0393,217.5841,176.1652,191.8275,115.4179,314.6746,352.495,199.2567,0
U083,Dead women - Mitski,73.9948,512.3479,25.9335,20.3876,23.8471,38.4358,595.8208,62.2829,1
U096,Stitches - Shawn Mendes,55.786,164.4937,62.6777,59.9977,108.7267,540.7724,230.9186,432.0457,0
U011,Treat you better - Shawn Mendes,84.5936,363.5096,24.303,13.6869,10.9949,54.4091,451.8967,43.4141,1
U050,Azul celeste - Paquita la del barrio,84.5936,25.0892,5.3121,26.4893,93.2671,36.8188,109.4604,130.086,1
U103,Alguien como tu - Josean Log,75.6635,55.356,25.5357,40.6931,24.6731,2.7182,236.6089,27.3913,1
U043,MAI - Milo J,67.7455,375.1015,33.2176,10.9108,4.9628,14.0626,520.004,19.0255,1
U070,My love mine all mine - Mitski,14.6504,413.7136,95.9608,75.2303,49.4915,9.6558,478.0968,39.8357,0
U067,Brooklyn baby - Lana del rey,34.0582,605.8721,146.5652,134.3437,90.4451,126.8038,715.3958,36.3588,0
U030,Rehab - Amy Winehouse,53.6847,67.3941,77.4618,85.3997,81.76,106.8421,113.3425,25.0822,0
U055,Treat you better - Shawn Mendes,59.0821,440.3301,86.3407,84.1591,6.9266,103.2996,538.3695,96.373,0
U006,Retirada - Milo J,73.1341,97.3434,8.5426,69.5393,102.4828,110.1122,35.472,7.6294,1
U030,Easy on me - Adele,84.5936,361.074,1.3236,3.4402,76.7061,57.4136,437.9313,134.1197,1
U077,Chicago - Michael Jackson,32.3816,287.1658,86.9063,67.6265,88.1616,2.5791,319.5474,90.7407,0
U041,Sigo aqui - Alex Ubago,84.5936,153.8429,83.0483,81.7392,2.5932,323.5343,86.6371,326.1276,0
U054,My you - Jung Kook,66.6356,199.9751,98.2631,113.8116,34.0833,186.7239,246.7049,152.6406,0
U109,Set fire to the rain - Adele,43.1644,615.0347,195.3908,187.9742,161.7428,119.6515,710.567,42.0913,0
U028,Waka waka - Shakira,23.672,575.196,212.8934,130.2738,133.487,472.7571,656.6658,339.2701,0
U028,Alguien como tu - Josean Log,54.5809,33.6523,29.2945,21.4277,30.5574,41.5115,146.031,72.0689,1
U013,Que pides tu - Alex Ubago,52.7759,113.21,0.1661,12.6188,5.809,28.4142,45.3651,34.2233,1
U077,Retirada - Milo J,28.8915,27.9266,72.5072,53.1113,34.1223,58.5092,56.8181,24.3869,1
U118,Stronger than me - Amy Winehouse,2.9615,641.8125,185.0477,165.8195,130.0366,161.6119,738.038,31.5753,0
U036,La negra tiene tumbao - Celia Cruz,8.6535,102.8604,45.6452,49.8603,14.036,136.1089,45.5071,122.073,1
U073,A gritos de esperanza - Alex Ubago,70.3497,23.1184,75.7902,59.1212,58.2527,24.4049,180.2992,33.8478,0
U090,Waka waka - Shakira,23.8444,131.2581,12.744,65.5802,16.6216,188.8612,34.0944,172.2395,0
U014,Bored - Laufey,84.5936,42.1015,0.2997,19.085,48.9647,98.9486,138.1183,49.9839,1
U050,Too sad to dance - Jung Kook,83.4503,434.6275,8.9191,14.1549,28.8123,9.4275,517.8554,19.3849,1
U101,Pierdeme el respeto - Paquita la del barrio,58.0326,105.8228,1.7721,28.6973,34.2437,20.0877,168.5526,14.156,1
U007,I'll change for you - Mitski,12.1462,626.211,135.5365,132.2014,111.3614,159.8438,737.2961,48.4823,0
U116,Sin miedo a nada - Alex Ubago,78.2254,71.9365,30.313,45.7306,9.6634,72.6117,150.3438,82.275,1
U041,I bet on losing dogs - Mitski,83.4503,323.6224,46.5007,22.9509,11.0926,317.7726,389.6849,306.6799,0
U022,A gritos de esperanza - Alex Ubago,41.4565,26.105,81.1911,70.4643,43.8933,71.8304,36.3695,27.9372,0
U008,Una y otra vez - Manuel Medrano,23.3973,183.6119,11.5202,29.7086,34.7263,66.652,179.5859,101.3783,1
U018,No me culpes por sentir - Kevin Kaarl,80.3973,514.3414,207.7057,181.1766,119.0479,481.0424,482.4026,361.9945,0
U036,Loba - Shakira,61.8251,155.874,21.8451,8.8525,15.4338,19.3638,151.6924,3.93,1
U048,Addicted to you - Shakira,36.0689,192.8264,54.2764,77.3003,113.6701,27.5084,152.4485,141.1786,0
U082,Beat it - Michael Jackson,80.5192,599.4751,188.7925,189.1346,45.7703,416.9721,746.2145,462.7423,0
U074,Tu jardin con enanitos - Melendi,68.8065,571.594,24.6618,14.4165,2.2757,5.6551,668.1219,3.3793,1
U035,Beso - Josean Log,71.2139,98.55,4.6385,2.1596,26.7022,44.7081,11.3963,71.4103,1
U074,Rara vez - Milo J,68.8065,247.9953,19.0944,45.6398,3.1263,85.9998,344.5232,89.1261,1
U106,Alguien como tu - Josean Log,54.3983,0.6677,0.2026,1.22,29.239,58.8731,77.3373,29.6341,1
U029,La ley del monte - Vicente Fernandez,82.3671,214.2368,21.867,46.4187,69.1398,10.7765,294.3388,58.3633,1
U045,Es que yo te quiero a ti - Kevin Kaarl,68.532,178.2744,150.5814,175.4586,136.1255,222.3322,186.0258,86.2068,0
U022,Para siempre - Vicente Fernandez,41.8354,31.5215,65.5124,75.6364,27.9071,85.8804,31.3319,113.7876,0
U040,Summertime sadness - Lana del rey,44.0184,597.5245,125.4675,123.6689,52.5682,150.4685,663.1486,97.9004,0
U009,Lo hecho esta hecho - Shakira,50.8624,357.9373,15.2327,28.4222,60.2266,96.6726,395.542,36.446,1
U085,La luna - Josean Log,80.9332,274.1593,9.6465,10.9756,80.2778,8.8581,461.1317,89.1358,1
U073,Rolling in the deep - Adele,70.7286,647.5338,252.0702,218.6829,158.2495,250.579,805.0935,92.3295,0
U106,Donde nadie pueda ir - Manuel Medrano,54.3983,256.892,9.3648,6.239,21.5129,90.1312,333.5616,111.6441,1
U089,Yo vivire (I will survive) - Celia Cruz,70.7628,347.9781,13.8598,38.6663,38.6541,52.5018,405.8406,13.8479,1
U047,Hello - Adele,79.0846,362.4527,93.766,46.1658,16.6023,156.5103,440.5094,173.1125,0
U028,Promise - Laufey,54.5809,600.0844,160.3204,126.8616,104.3569,184.5196,712.4631,80.1627,0
U064,Los besos - Greeicy,30.3641,461.8787,145.0819,144.8359,120.9415,60.9733,586.5695,59.9681,0
U060,My you - Jung Kook,20.522,155.9359,35.5373,41.0977,31.8894,345.7657,66.7908,313.8763,0
U082,First love late spring - Mitski,80.5192,74.0888,8.5866,10.8732,55.6159,32.1483,220.8282,87.7642,1
U119,Washin machine - Mitski,11.9824,395.9755,11.2814,9.8404,46.4099,18.6736,379.7481,65.0835,1
U084,Hate you - Jung Kook,43.1561,207.9392,80.228,76.1139,22.4212,501.4307,378.3499,479.0094,0
U091,Fragile - Laufey,50.0176,513.6178,164.2105,143.0365,102.4921,158.8223,608.9084,56.3301,0
U118,Estos celos - Vicente Fernandez,52.0939,75.5406,49.5396,36.8866,18.8185,37.0754,69.8174,55.894,1
U100,Ya para que - Greeicy,2.9776,615.1701,141.815,145.7914,139.6818,174.1485,677.7646,34.4666,0
U080,Dame tu aire - Alex Ubago,11.5538,272.2157,16.7011,27.1734,45.5995,192.3033,289.2751,146.7037,0
U056,MAI - Milo J,14.6212,198.1336,6.6451,11.6234,18.509,62.634,206.228,44.1251,1
U056,Chachacha - Josean log,15.0001,120.7123,32.332,35.0369,52.51,89.486,112.239,36.9761,1
U047,El chofer - Vicente Fernandez,76.5838,183.8189,32.6427,52.6788,64.2945,76.008,108.263,11.7136,1
U113,Que me perdone tu perro - Paquita la del barrio,59.4279,457.4877,3.5757,24.9218,23.3341,44.1705,516.4452,20.8364,1
U098,Bitch better have my money - Rihanna,59.0905,503.7038,106.6601,148.8708,183.3041,136.6338,566.1653,46.6703,0
U053,Que le den candela - Celia Cruz,15.5412,290.5179,5.3959,21.7968,29.5413,5.6619,280.598,23.8794,1
U101,Top of the world - Shawn Mendes,58.0326,20.1143,18.6081,30.0398,14.3314,12.5745,42.6155,1.7569,1
U089,You da one - Rihanna,78.3497,189.7108,54.6859,10.7207,19.3092,41.8546,255.1604,22.5455,1
U074,Pobre pistolita - Paquita la del barrio,68.8065,217.6376,39.4288,23.5406,57.2496,41.954,314.1655,99.2036,1
U114,Amor viejo - Kevin Kaarl,78.989,275.6676,216.6491,222.7442,60.2492,552.0904,355.0481,491.8412,0
U120,A gritos de esperanza - Alex Ubago,57.0103,396.4729,147.9966,193.7117,6.0334,533.6389,538.5384,539.6723,0
U071,Lo hecho esta hecho - Shakira,9.777,450.3029,200.6382,179.0284,133.9516,100.9755,431.6358,32.9761,0
U068,La luna - Josean Log,36.1812,84.1491,14.9946,18.7351,52.1173,29.0027,108.5387,81.12,1
U076,Just friends - Amy Winehouse,48.3096,560.6334,116.7117,89.3619,109.9523,62.3579,666.6116,47.5944,0
U002,Tres veces te engañe - Paquita la del barrio,56.0671,334.4408,71.1949,17.0704,94.041,24.4941,375.7261,69.5469,0
U062,Where have you been - Rihanna,23.8405,424.139,151.8137,147.0055,110.8352,237.577,437.4317,126.7418,0
U081,Aunque no te pueda ver - Alex Ubago,67.3227,138.09,110.8893,140.1701,84.956,501.3782,108.2249,416.4221,0
U073,Cheque al portamor - Melendi,70.7286,59.8933,43.5734,34.9799,24.4876,4.9313,217.453,29.4189,1
U007,La promesa - Melendi,68.0895,265.9421,13.1752,0.4701,3.7923,89.7561,432.9705,93.5484,1
U102,Si pudiera - Manuel Medrano,84.5936,187.5472,174.8153,189.508,28.9698,433.804,243.958,404.8342,0
U036,Only girl - Rihanna,54.2382,205.3674,52.34,53.5153,14.1165,13.6582,193.5988,27.7746,1
U117,Promise - Laufey,51.2882,261.4372,18.1172,3.7327,20.1812,39.447,234.2648,19.2658,1
U031,La promesa - Melendi,76.1597,249.4147,3.6571,34.936,19.7518,68.9693,431.2683,88.7211,1
U103,Chachacha - Josean log,75.6635,58.3872,22.9087,7.6496,60.0798,79.1891,239.6401,19.1094,1
U064,Valentine - Laufey,56.9236,500.3486,128.9908,107.1372,73.6972,92.1368,651.5988,18.4396,0
U041,Aca entre nos - Vicente Fernandez,84.5936,305.3299,48.4381,47.5616,39.6275,295.7708,372.5357,335.3984,0
U004,Beso - Josean Log,67.138,59.8836,23.9854,42.348,19.1797,52.4029,78.9303,71.5826,1
U047,Rara vez - Milo J,84.5936,94.055,93.1499,116.0538,81.4253,186.2707,177.6207,104.8454,0
U036,Rolling in the deep - Adele,61.8251,205.3674,49.7223,42.356,3.3834,12.8486,201.1858,9.4652,1
U049,A gritos de esperanza - Alex Ubago,53.6095,16.4932,79.5427,83.2165,38.5737,51.4357,69.09,12.862,0
U025,Donde nadie pueda ir - Manuel Medrano,67.5389,324.9481,16.2169,12.0008,41.3184,11.6788,488.0852,52.9972,1
U097,Mujeres divinas - Vicente Fernandez,43.9037,63.398,29.0921,43.203,2.8169,167.6292,119.313,170.4461,0
U099,Just friends - Amy Winehouse,76.287,310.6219,0.2521,21.3561,76.5188,92.7443,373.9722,169.2631,1
U091,Bajo el agua - Manuel Medrano,50.3965,68.3297,11.3418,11.1667,7.8301,44.722,27.3398,36.8919,1
U046,Milagrosa - Milo J,61.6195,568.9452,29.0012,48.3779,5.5128,107.4314,659.4591,101.9186,0
U068,Never be alone - Shawn Mendes,36.1812,418.4726,17.8877,60.1319,33.682,46.566,442.8622,80.2481,1
U030,Hombres malvados - Paquita la del barrio,84.5936,154.3382,61.1624,50.6707,60.8244,53.4275,77.4809,7.397,1
U090,Fragile - Laufey,54.3744,54.2299,51.7422,47.9151,5.5982,78.8162,12.4038,84.4145,1
U059,The girl is mine - Michael Jackson,63.4427,92.132,2.7285,27.6826,57.0487,41.1148,30.857,98.1635,1
U103,Yo vivire (I will survive) - Celia Cruz,68.0766,628.1006,100.2574,59.6958,109.003,206.9767,801.7665,97.9736,0
U059,Aca entre nos - Vicente Fernandez,63.4427,387.0474,0.9692,24.7631,7.7799,22.0441,448.3224,29.8239,1
U106,Tears dry on their own - Amy Winehouse,12.9362,388.4497,111.4505,117.0099,77.8469,88.7162,423.6572,10.8693,0
U023,Azul celeste - Paquita la del barrio,84.5936,79.5014,26.0621,0.1934,86.7919,80.2151,164.5611,6.5769,1
U003,Top of the world - Shawn Mendes,81.888,196.0555,61.9696,49.6262,56.3809,147.7217,122.8197,91.3408,0
U099,Say yes to heaven - Lana del rey,63.6504,360.1153,53.8084,31.0187,73.9773,99.731,410.829,25.7537,0
U020,MAI - Milo J,81.1017,114.4955,101.3585,103.2439,107.1008,202.3484,183.2409,95.2475,0
U022,Rara vez - Milo J,41.8354,268.3992,40.5995,34.1871,31.4544,3.9722,331.2526,35.4264,1
U039,Rara vez - Milo J,66.2091,76.7531,184.2913,190.5781,101.1095,411.4889,87.6524,310.3794,0
U053,Mas fuerte - Greeicy,16.2565,333.949,20.2695,15.6405,86.065,18.7505,324.7443,104.8155,1
U047,Just friends - Amy Winehouse,80.7043,374.4728,12.1712,17.3895,7.8339,58.3169,454.1492,50.4831,1
U105,Tu jardin con enanitos - Melendi,82.6143,287.7911,100.6619,135.8892,0.0939,152.4743,342.9959,152.5682,0
U072,Billie Jean - Michael Jackson,65.2113,281.3022,1.2132,8.8207,27.7919,320.1256,108.7836,347.9174,0
U076,Limonar - Greeicy,7.6053,311.8259,109.4232,82.883,104.8984,128.4344,377.0998,23.536,0
U101,Just friends - Amy Winehouse,54.1433,481.5464,75.1659,80.6194,109.249,8.1917,540.3869,117.4407,0
U088,Never be alone - Shawn Mendes,62.9902,584.0427,11.8353,10.2433,24.5601,28.3142,670.9621,52.8743,1
U047,Taco placero - Paquita la del barrio,84.5936,53.3595,39.2526,45.401,125.2821,62.3281,30.2063,62.9539,1
U057,Bajo el agua - Manuel Medrano,56.6341,479.4003,159.5541,126.9306,95.0065,404.9098,482.0149,309.9032,0
U072,Lover girl - Laufey,41.9908,250.1013,38.7418,20.2579,77.7122,490.1199,29.6194,567.8322,0
U116,Azul celeste - Paquita la del barrio,78.2254,67.9599,26.1739,54.7983,21.9544,57.6072,146.3672,35.6527,1
U034,Yes or no - Jung Kook,50.8107,128.4876,94.7481,100.0598,88.0143,47.4433,210.096,135.4576,0
U086,Los besos - Greeicy,58.0341,320.1618,8.574,25.4295,118.7049,21.9617,379.4254,96.7431,1
U021,Hello - Adele,47.8388,150.8466,59.8416,53.8696,35.5079,50.3031,52.6233,85.811,1
U103,Pierdeme el respeto - Paquita la del barrio,75.6635,202.8836,8.3187,2.8154,26.9523,88.7923,384.1365,115.7446,1
U036,In my bed - Amy Winehouse,37.8837,155.874,52.2196,54.8186,16.9618,148.8588,127.751,131.897,0
U034,Cheque al portamor - Melendi,54.3008,7.3586,4.5187,18.4046,6.7188,130.9538,92.4571,137.6725,1
U111,Easy on me - Adele,61.0367,219.8941,8.8959,17.094,73.5832,11.3845,60.9013,62.1987,1
U109,Rolling in the deep - Adele,65.0651,615.0347,251.8733,223.5933,138.2,205.4368,732.4677,67.2368,0
U033,Thriller - Michael Jackson,67.8672,255.6674,7.6493,1.6774,111.3321,347.0933,241.7104,235.7612,0
U060,Thriller - Michael Jackson,38.48,275.5105,29.8529,21.2956,104.8324,168.6178,204.3234,63.7854,0
U061,Why why why - Shawn Mendes,57.6365,511.7703,92.3482,46.6658,14.8051,116.7753,602.3174,101.9702,0
U030,I bet on losing dogs - Mitski,83.4503,329.8731,99.6295,75.9032,173.075,101.0804,405.5871,71.9947,0
U027,Remember the time  Michael Jackson,49.3451,203.082,29.3302,82.6865,0.1686,241.4659,143.545,241.2972,0
U012,In a lake portuguese -  Mitski,53.8443,113.0891,31.2718,65.8248,31.2514,142.4311,76.5648,111.1797,0
U119,You know i'm no good - Amy Winehouse,27.2403,14.7619,6.4938,0.2791,59.4164,87.1559,37.7572,146.5723,1
U095,Set fire to the rain - Adele,33.5103,453.2665,104.4059,101.2373,83.3119,59.4574,485.7368,23.8545,0
U083,Bitch better have my money - Rihanna,59.0905,531.1765,127.0244,162.3886,136.5316,170.597,599.745,34.0654,0
U014,Desde que estamos juntos - Melendi,84.5936,33.4901,108.0521,124.9895,44.1488,60.6481,62.5267,16.4993,0
U025,In my bed - Amy Winehouse,43.5975,591.975,113.3463,90.8888,150.2791,129.8649,731.1707,20.4142,0
U070,Set fire to the rain - Adele,34.8309,629.7093,180.9504,180.5356,153.4223,121.2801,714.273,32.1422,0
U098,Sin miedo a nada - Alex Ubago,84.5936,98.1421,45.4079,59.9228,6.5635,34.1081,186.1068,27.5447,1
U013,Sangre para derramar - Milo J,52.0159,257.8682,21.9362,61.7841,42.6071,12.2148,324.9531,54.822,1
U090,Ya para que - Greeicy,9.1506,162.459,43.4137,33.0296,34.1419,97.0923,32.3003,131.2343,1
U079,Colapso - Kevin Kaarl,45.9075,139.8163,3.6635,20.7172,27.0752,173.5865,84.8408,200.6617,1
U034,Young and beautiful - Lana del rey ,23.3919,37.5177,96.0707,116.6375,101.6364,63.3053,16.6719,164.9416,0
U007,Colapso - Kevin Kaarl,68.0895,75.5185,43.382,51.2177,15.6319,7.0887,91.51,22.7206,1
U085,Never be alone - Shawn Mendes,80.9332,608.4828,6.7534,30.4212,61.8425,26.4214,795.4552,88.2639,0
U076,No me culpes por sentir - Kevin Kaarl,52.1989,146.5825,1.5068,6.0687,18.8235,52.4382,36.715,33.6147,1
U100,Beat it - Michael Jackson,60.9263,615.1701,208.5923,238.7279,42.8025,488.2636,741.6685,531.0659,0
U035,Never be alone - Shawn Mendes,71.2139,582.141,8.3417,21.9817,4.4059,50.084,692.0873,54.4899,1
U034,Rincon - Milo J,54.3008,78.4325,14.4019,4.1144,1.0127,158.7829,6.666,159.7955,1
U003,I bet on losing dogs - Mitski,80.7447,323.8977,38.536,3.9198,57.8322,182.3268,395.9902,124.4945,0
U010,Just friends - Amy Winehouse,37.9214,533.6953,140.2127,136.9642,121.1179,88.3353,586.7478,32.7827,0
U008,Why why why - Shawn Mendes,23.3973,310.0016,43.3723,8.1592,38.5124,75.8145,314.0276,114.3269,1
U119,Hombres malvados - Paquita la del barrio,84.5936,119.4367,10.5228,7.2229,64.8331,53.3419,39.0881,118.1749,1
U074,Top of the world - Shawn Mendes,68.8065,26.7524,29.6689,2.4449,18.1999,62.7202,123.2803,80.92,1
U033,Stitches - Shawn Mendes,67.8672,133.7562,55.7762,35.4262,89.6332,454.6166,147.7132,364.9835,0
U009,Borracho te recuerdo - Vicente Fernandez,84.5936,101.2599,137.3803,142.5737,213.614,306.2127,29.924,92.5987,0
U001,Combustion - Josean Log,48.7455,450.6096,33.9238,17.3459,3.9977,72.4527,511.5098,76.4504,1
U052,Waka waka - Shakira,35.9672,581.9278,163.5507,100.8402,113.9658,447.7073,694.5402,333.7415,0
U049,Hate you - Jung Kook,37.9344,159.856,131.4164,152.2338,59.7473,146.3541,229.7641,86.6069,0
U112,San lucas - Kevin Kaarl,63.9171,73.2527,39.5455,42.2239,29.4337,27.8717,81.143,57.3054,1
U006,Me enamore - Shakira,14.2056,242.004,39.8868,12.1969,18.5178,161.1509,244.9469,142.6331,0
U052,Si supieras - Kevin Kaarl,66.8761,55.7166,6.799,1.3679,0.0801,50.5083,199.2379,50.5884,1
U095,Rehab - Amy Winehouse,24.5021,159.5866,38.3814,25.3121,15.8709,48.3808,183.0487,64.2518,1
U051,Waka waka - Shakira,38.2618,211.9436,24.3375,57.2785,0.9756,124.8854,191.4372,123.9098,1
U026,Dead women - Mitski,50.3718,540.4819,12.3229,10.8295,10.8377,40.3287,605.624,51.1664,1
U091,Sigo aqui - Alex Ubago,50.3965,113.1807,60.7304,48.2944,8.0015,73.6236,208.8502,65.6219,1
U063,Say yes to heaven - Lana del rey,25.3749,267.8606,61.9251,4.0971,7.0145,211.1959,170.4881,218.2104,0
U085,Yes or no - Jung Kook,77.4431,141.9713,75.9254,51.234,29.9401,64.7434,325.4536,34.8032,0
U082,Los besos - Greeicy,53.9597,435.8069,86.8246,75.9055,120.6078,76.3012,555.9869,44.3065,0
U081,Si pudiera - Manuel Medrano,70.8128,138.09,168.9501,179.2152,123.4678,594.9241,111.7151,471.4563,0
U071,In a lake portuguese -  Mitski,62.6498,325.1046,46.7296,40.5488,55.355,154.7163,253.5646,210.0713,0
U053,Desde que estamos juntos - Melendi,74.3209,253.6915,104.7973,126.0196,46.3379,110.485,204.8317,64.1471,0
U056,Te quiero tanto - Kevin Kaarl,15.0001,269.3161,1.4602,18.5428,19.2668,93.2941,277.7894,74.0273,1
U029,Tears dry on their own - Amy Winehouse,40.905,229.8878,15.9602,49.9106,17.7567,28.7878,268.5277,11.0311,1
U081,You da one - Rihanna,70.8128,70.7859,17.6891,26.5143,7.9242,368.672,44.4111,376.5962,0
U030,La ley del monte - Vicente Fernandez,84.5936,160.4604,59.7378,54.1626,59.4506,55.6336,237.3177,3.817,0
U077,Dame tu aire - Alex Ubago,32.3816,185.0193,14.6019,7.0623,25.5904,155.3469,152.6377,180.9372,1
U065,Someone like you - Adele,13.3897,348.449,91.0448,76.6076,37.0091,114.9504,356.8063,151.9595,0
U014,From the start - Laufey,18.6661,3.2617,9.0218,1.7234,75.7445,44.2098,10.5047,31.5347,1
U007,La mujer que bota fuego - Manuel Medrano,68.0895,27.2358,20.9093,19.902,36.0419,34.1865,139.7926,70.2283,1
U086,From the start - Laufey,18.6661,73.5821,0.6668,25.4295,107.6176,37.2285,91.0189,70.3891,1
U108,Back to black - Amy Winehouse,61.0936,166.7958,6.0824,28.7437,17.145,254.8712,194.1439,272.0162,0
U046,La mujer que bota fuego - Manuel Medrano,73.1014,84.5016,33.7081,52.483,11.7713,107.4314,17.4943,95.66,1
U086,Love in the dark - Adele,84.5936,347.4811,19.5629,23.6375,71.4606,50.8147,433.3041,20.6459,1
U077,Sigo aqui - Alex Ubago,32.3816,10.6025,19.979,29.006,34.1223,102.9019,21.7791,137.0243,1
U053,Si pudiera - Manuel Medrano,74.3209,242.9858,134.7228,148.224,59.1868,150.9766,291.8456,91.7898,0
U120,Sangre para derramar - Milo J,56.6292,84.0623,202.1305,268.1537,49.0559,583.7742,226.5089,534.7183,0
U001,Rara vez - Milo J,48.7455,234.6166,10.1535,20.2132,45.6864,35.9005,295.5168,81.5868,1
U044,Soltera - Shakira,84.5936,431.8087,58.1585,30.9008,89.393,58.8807,533.4491,30.5124,0
U063,Washin machine - Mitski,54.6752,267.8606,13.9661,8.8615,7.0145,87.2029,90.438,94.2174,1
U014,Too sad to dance - Jung Kook,83.4503,554.1504,2.2541,49.4328,62.5868,10.1999,649.0239,52.387,1
U012,Just friends - Amy Winehouse,28.8704,188.794,7.4611,33.4214,3.9541,90.2799,81.8549,94.234,1
U113,Limonar - Greeicy,14.8343,159.1868,39.8711,3.8886,105.5793,27.9055,173.5507,77.6738,1
U014,Mujeres divinas - Vicente Fernandez,84.5936,52.3087,90.0322,92.3255,40.7925,67.0525,148.3255,26.26,0
U010,Love in the dark - Adele,41.8107,446.8398,175.2958,164.4297,98.1186,137.9545,503.7816,39.8358,0
U069,Loba - Shakira,84.5936,355.2794,18.0727,17.3426,23.4874,22.9094,436.2322,0.578,1
U078,My love mine all mine - Mitski,42.5124,41.8713,128.9751,145.6523,21.1907,460.5205,0.1617,439.3298,0
U040,Stitches - Shawn Mendes,44.7784,208.1009,95.2533,122.0725,28.2185,127.2928,274.485,99.0743,0
U102,Dame tu aire - Alex Ubago,84.5936,404.5726,148.2556,169.4408,0.6003,396.5331,348.1618,395.9327,0
U075,Send my love - Adele,64.9984,86.0438,45.1475,90.7763,26.2157,36.5542,204.1603,62.7699,0
U009,Es que yo te quiero a ti - Kevin Kaarl,84.5936,351.6248,183.2897,215.2503,252.3192,323.5999,422.9607,71.2808,0
U103,La promesa - Melendi,75.6635,267.8317,0.079,32.9263,12.2354,96.6771,449.0846,108.9125,1
U038,Si supieras - Kevin Kaarl,60.5,54.9768,32.9603,25.0855,64.3296,72.0972,6.6094,7.7676,1
U024,Como hacer para olvidarte - Manuel Medrano,71.6649,93.916,213.3268,220.2965,101.3353,396.2667,233.1672,294.9314,0
U048,Milagrosa - Milo J,73.1117,383.0361,167.6997,137.2352,69.8375,300.1173,451.8387,230.2799,0
U002,Standing next to you - Jung Kook,56.0671,328.3434,94.1513,61.7585,137.4506,116.1389,369.6287,253.5895,0
U105,Hello - Adele,77.1053,232.5901,42.4978,4.8929,65.7675,98.6518,282.2859,32.8843,1
U120,Just friends - Amy Winehouse,53.4999,178.4491,83.2671,131.3246,67.1859,481.4877,32.8732,548.6736,0
U004,Los consejos - Greeicy,67.138,132.8534,71.9475,98.2562,68.2282,74.4771,271.6673,6.2488,0
U021,You know i'm no good - Amy Winehouse,4.0055,168.8535,20.4393,3.7298,54.7413,265.1303,318.9211,319.8716,0
U010,Somedoy - Jung Kook,25.7567,177.627,161.3669,164.4297,83.7752,161.6712,218.5148,77.8959,0
U012,La negra tiene tumbao - Celia Cruz,20.4119,135.7804,23.6441,28.4631,25.379,65.2145,20.4411,90.5936,1
U097,Set fire to the rain - Adele,22.003,565.2397,167.0271,169.6871,168.5833,4.1623,599.254,172.7456,0
U029,Rie y llora - Celia Cruz,52.5645,408.5379,26.0785,19.8887,50.6099,12.6685,458.8373,63.2784,1
U028,Cheque al portamor - Melendi,54.5809,18.7564,43.1406,30.3299,15.7385,57.9942,131.1351,42.2557,1
U013,Beso - Josean Log,52.7759,110.818,17.3351,12.6579,54.0663,72.8265,42.9731,126.8929,1
U052,Te busco audio - Celia Cruz,64.5696,594.3001,77.1829,49.2826,41.0795,208.778,735.5149,167.6985,0
U069,Brooklyn baby - Lana del rey,50.8624,404.7728,30.8086,0.2466,58.3325,45.0839,451.9944,13.2487,1
U106,Niño - Milo J,48.0653,146.1216,19.7647,23.1464,1.1896,83.6847,75.785,82.4951,1
U044,There's nothing holding me back - Shawn Mendes,84.5936,75.242,17.1318,37.4952,10.6934,7.8157,26.3985,18.5091,1
U053,Soltera - Shakira,74.3209,203.1593,31.6418,19.4486,62.9688,41.5528,252.0191,21.4161,1
U105,Euphoria - Jung Kook,38.0207,146.7322,34.8689,18.6521,136.923,25.6351,157.3434,111.2878,1
U010,Bored - Laufey,41.8107,71.1398,147.0782,145.2761,107.4958,179.1071,128.0816,71.6112,0
U054,Bitch better have my money - Rihanna,59.0905,319.5497,36.761,49.7812,71.9616,4.2216,358.7343,76.1832,1
U033,Que pides tu - Alex Ubago,67.8672,427.4156,121.0375,115.0147,98.0669,544.7616,441.3726,446.6947,0
U013,There's nothing holding me back - Shawn Mendes,52.7759,67.9674,57.1891,54.5246,2.4938,131.0178,0.1224,133.5117,0
U097,Taco placero - Paquita la del barrio,43.9037,87.914,60.5353,80.1201,11.252,96.4111,143.8291,85.1591,0
U065,Sigo aqui - Alex Ubago,30.3902,75.0761,7.1087,1.2416,41.8727,233.0139,49.7183,191.1413,1
U120,Why why why - Shawn Mendes,57.3892,142.8014,105.2484,184.5814,11.68,438.7205,1.1148,450.4005,0
U012,Que le den candela - Celia Cruz,26.02,194.8563,16.7674,26.7912,26.9023,42.9579,33.0268,16.0556,1
U050,Cola - Lana del rey,40.6336,434.6275,77.8833,57.6771,72.2034,218.9829,475.0386,146.7795,0
U042,Only girl - Rihanna,76.4524,207.6329,14.941,31.5715,77.6522,155.2625,65.135,232.9146,0
U057,Nobody - Mitski,56.6341,343.5159,28.8157,12.7259,0.2931,168.5007,346.1304,168.2076,0
U055,Amor viejo - Kevin Kaarl,59.0821,98.2272,27.4053,56.024,9.089,33.1018,196.2665,24.0129,1
U113,Pobre pistolita - Paquita la del barrio,59.4279,97.2188,0.3617,19.1164,23.3341,38.171,156.1763,14.8368,1
U114,Quedate - Manuel Medrano,78.989,379.981,186.6797,162.6106,109.7358,517.114,459.3615,407.3782,0
U066,Sin miedo a nada - Alex Ubago,79.5647,99.5612,94.042,140.8483,66.7911,376.6772,61.0301,309.886,0
U029,Stitches - Shawn Mendes,82.3671,25.4268,16.4003,21.476,19.1257,16.7735,105.5288,2.3521,1
U108,Fragile - Laufey,65.4091,211.4018,35.844,2.6214,34.0064,187.2617,243.0654,221.2681,0
U046,Love is a losing game - Amy Winehouse,9.1752,165.5068,78.5649,58.8489,113.0269,6.6835,145.7874,106.3433,0
U082,Alguien como tu - Josean Log,80.5192,26.7305,30.914,45.1986,44.8507,42.4351,173.4699,2.4156,1
U013,Sabes - Alex Ubago,52.7759,290.2173,6.2498,31.9735,31.0988,64.071,358.0622,95.1699,1
U024,I am - Milo J,71.6649,125.0996,223.7367,230.7141,123.5395,411.3755,14.1516,287.8361,0
U031,Milagrosa - Milo J,64.6778,609.6836,33.0347,51.203,26.3409,54.9733,780.0552,81.3142,0
U024,Bitch better have my money - Rihanna,48.8606,204.3849,12.8255,34.6745,74.6475,138.9582,42.3293,213.6057,1
U029,Lo hecho esta hecho - Shakira,48.6359,414.8504,130.2752,135.6275,95.2754,182.7092,461.2212,87.4338,0
U014,Limonar - Greeicy,40.0,255.8495,14.4537,33.8758,57.5329,74.2533,307.2727,16.7204,1
U036,Aca entre nos - Vicente Fernandez,61.8251,155.874,96.8898,84.3025,81.1097,153.0114,151.6924,71.9018,0
U110,Una y otra vez - Manuel Medrano,77.6194,25.6869,8.5207,18.7886,6.3999,34.2506,70.827,40.6505,1
U102,Donde nadie pueda ir - Manuel Medrano,84.5936,38.0099,163.9575,172.6006,0.1531,453.7157,18.4009,453.8688,0
U079,My love mine all mine - Mitski,3.8263,345.9175,115.6348,74.8846,94.8831,96.1172,358.8117,191.0003,0
U064,Too little too late - Laufey,44.9962,456.5089,131.807,129.1657,111.2123,32.2307,595.8318,78.9815,0
U098,La luna - Josean Log,84.5936,169.3803,52.5967,23.1338,26.8149,34.164,257.345,7.3492,1
U116,Te busco audio - Celia Cruz,75.9189,458.6696,21.9327,1.9521,50.0696,7.3246,534.7704,42.745,1
U055,Yo vivire (I will survive) - Celia Cruz,51.4952,593.1652,122.6031,95.5963,80.4619,197.2725,683.6175,116.8104,0
U031,Quiero + - Greeicy,76.1597,566.2525,75.3353,61.0397,83.7473,115.7477,748.1061,32.0004,0
U111,Stronger than me - Amy Winehouse,11.9043,219.8941,13.2091,1.232,84.0482,45.033,11.7688,129.0812,1
U059,Si hay algo - Josean Log,63.4427,22.6564,46.5491,70.0854,24.2059,73.7214,38.6186,49.5156,1
U039,Quiero + - Greeicy,66.2091,209.727,85.3135,83.6019,52.7948,240.7679,198.8277,187.9732,0
U022,Mentira - Greeicy,9.2429,290.8472,183.3142,178.8175,160.954,169.0196,321.1081,8.0657,0
U017,Just friends - Amy Winehouse,35.7661,472.9778,93.3569,96.5348,103.0553,70.5527,509.8536,173.6079,0
U080,Sin miedo a nada - Alex Ubago,11.5538,5.3056,21.7446,9.3642,44.8461,105.8478,11.7538,61.0016,1
U054,Colapso - Kevin Kaarl,84.5936,382.1798,191.3929,216.4434,123.669,222.0132,317.4919,98.3442,0
U057,La negra tiene tumbao - Celia Cruz,3.4625,108.2693,24.3107,21.1831,24.9331,241.8982,52.483,266.8314,0
U090,Send my love - Adele,52.0545,135.8419,28.7851,34.9282,19.458,45.9514,204.7955,65.4095,1
U006,Vamonos a marte - Kevin Kaarl,76.2453,300.6379,86.9419,135.4637,103.281,279.052,235.6553,175.771,0
U088,Estos celos - Vicente Fernandez,62.9902,133.3104,4.7072,0.92,57.5455,28.3142,46.391,85.8598,1
U094,Mujeres divinas - Vicente Fernandez,60.8547,103.2873,14.2546,30.8877,3.9274,52.2987,204.8912,48.3713,1
U010,Bajo el agua - Manuel Medrano,41.8107,106.9879,21.1523,36.175,22.6032,49.6109,50.0461,72.2141,1
U022,La promesa - Melendi,41.8354,238.0415,60.5849,45.1876,23.73,119.9704,300.8949,143.7005,0
U053,Hombres malvados - Paquita la del barrio,74.3209,181.4632,1.4325,8.0677,76.2794,7.8461,132.6034,84.1254,1
U117,Desde que estamos juntos - Melendi,51.2882,319.8908,103.0032,111.3286,80.2552,74.4159,347.0632,5.8393,0
U113,Dead women - Mitski,48.8291,438.6591,19.5373,45.5357,84.2277,130.2682,487.0178,214.4959,0
U080,Diamonds - Rihanna,11.5538,385.8347,108.2765,116.6239,45.6155,90.8433,368.7753,136.4588,0
U070,Just friends - Amy Winehouse,52.8423,580.2159,125.8824,118.9801,91.0352,33.0425,682.791,57.9927,0
U022,Amor viejo - Kevin Kaarl,41.8354,103.3724,10.9129,13.8106,7.9575,0.1043,166.2258,8.0617,1
U096,Mas fuerte - Greeicy,2.2784,224.9299,6.998,7.8549,12.0494,521.9207,100.4405,509.8712,0
U083,Love is a losing game - Amy Winehouse,2.317,203.2755,33.6162,38.8116,86.1092,39.8225,191.4803,46.2866,1
U012,La promesa - Melendi,32.7597,121.9815,77.8746,121.0852,124.8217,94.2911,225.0313,30.5306,0
U038,"Volver, volver - Vicente Fernandez",60.5,496.1228,56.7021,55.6318,25.7229,36.8643,557.709,62.5872,0
U071,Lover girl - Laufey,83.2479,419.102,72.4233,66.4733,101.0255,122.1657,326.964,223.1913,0
U105,No me culpes por sentir - Kevin Kaarl,82.6143,462.6057,154.3019,163.8788,54.2399,230.9715,407.4009,176.7316,0
U048,Bored - Laufey,84.5936,129.0128,46.1209,24.9925,0.7765,81.3917,48.7282,80.6153,1
U064,Rolling in the deep - Adele,56.9236,625.5469,249.6862,216.337,135.5408,214.23,776.7971,78.6892,0
U025,Rehab - Amy Winehouse,36.63,347.7885,92.7812,76.5191,126.7261,97.9488,480.0167,28.7774,0
U091,Yes or no - Jung Kook,46.9064,155.3354,123.6853,107.0827,77.0625,95.2473,247.5148,18.1846,0
U063,Sin miedo a nada - Alex Ubago,41.9008,137.7011,57.9424,76.3551,94.9346,33.1305,218.5477,128.0652,0
U088,Rata de dos patas - Paquita la del barrio,62.9902,552.8418,108.0126,109.189,68.4255,128.2976,639.7612,59.8722,0
U049,Que pides tu - Alex Ubago,53.9884,75.1608,47.5111,57.9398,20.2825,17.4998,10.8013,2.7827,1
U107,Why why why - Shawn Mendes,72.1148,450.709,42.1167,3.7971,47.281,63.8645,534.0117,16.5835,1
U019,Sabes - Alex Ubago,65.9542,339.1537,22.9476,17.898,23.8665,28.3691,514.6895,52.2356,1
U107,Love in the dark - Adele,72.1148,399.5012,99.1811,84.5194,79.7876,70.7165,482.8039,9.0711,0
U068,San lucas - Kevin Kaarl,36.1812,278.6757,35.8008,58.9899,26.792,1.6978,254.2861,25.0943,1
U099,There's nothing holding me back - Shawn Mendes,80.1763,277.7251,39.9902,41.8765,0.3903,76.2278,210.4854,76.6181,1
U040,You know i'm no good - Amy Winehouse,12.5749,216.3109,128.067,143.5633,109.6935,123.2349,225.3417,13.5415,0
U085,Niño - Milo J,74.6002,111.0511,47.7122,63.6898,69.6019,60.0614,69.5883,9.5405,1
U008,In my blood - Shawn Mendes,23.3973,339.6219,41.6932,20.0566,16.2226,32.8637,343.6479,49.0864,1
U069,Somedoy - Jung Kook,68.5396,0.7889,0.7562,35.8432,80.8572,91.384,64.1099,10.5268,1
U055,Stronger than me - Amy Winehouse,9.9497,593.1652,150.6791,142.3658,98.4643,179.2217,642.072,80.7573,0
U006,Send my love - Adele,73.9254,74.4928,65.3664,14.0844,5.8676,153.4598,137.1555,159.3274,0
U063,Love in the dark - Adele,41.9008,131.5117,42.9477,33.031,27.4723,68.3398,50.6651,95.8121,1
U050,Euphoria - Jung Kook,40.0,287.2561,77.9739,57.6771,91.1994,149.2149,327.0337,58.0156,0
U086,Estos celos - Vicente Fernandez,84.5936,233.5231,107.9516,128.3081,43.9302,35.1034,147.7001,8.8269,0
U088,Combustion - Josean Log,62.9902,470.1245,26.4804,15.1799,42.4309,45.0125,557.0439,87.4434,1
U034,Rie y llora - Celia Cruz,24.4982,588.6866,112.444,95.2704,100.362,41.3035,643.9825,141.6654,0
U092,Colapso - Kevin Kaarl,60.5392,280.88,107.9226,132.4203,51.7439,305.0587,228.0698,253.3148,0
U106,Quedate - Manuel Medrano,54.3983,25.8391,5.5515,10.1222,34.6004,50.0125,50.8305,15.4121,1
U099,A veces a besos - Greeicy,68.2489,4.1084,2.1683,27.835,88.3263,26.6678,59.4207,114.9941,1
U071,Just friends - Amy Winehouse,20.0649,400.8095,85.4625,72.9522,90.5605,102.5651,411.9843,193.1256,0
U025,Sangre para derramar - Milo J,66.7789,329.4636,15.1257,45.9403,15.5382,15.2629,491.8407,0.2753,1
U096,Love on the brain - Rihanna,55.786,8.9342,29.7443,13.6443,31.2328,425.1943,57.4907,393.9614,0
U029,Why why why - Shawn Mendes,82.3671,329.7093,6.8818,23.7055,3.6216,21.9358,409.8113,25.5574,1
U035,Back to black - Amy Winehouse,66.5195,429.3059,76.1125,69.505,95.9449,84.3715,534.5578,11.5734,0
U074,Una y otra vez - Manuel Medrano,68.8065,0.8481,32.3933,21.7817,17.4257,93.8837,95.6798,76.4579,1
U046,Dame tu aire - Alex Ubago,73.1014,114.1378,18.5406,44.1769,14.0447,51.5232,12.1419,37.4784,1
U087,Easy on me - Adele,45.6068,192.0469,36.8842,19.3619,33.2542,133.0728,140.8988,99.8186,1
U013,Yes or no - Jung Kook,49.2858,103.3615,90.2103,70.1718,60.0126,116.5244,167.7163,56.5118,0
U086,The girl is mine - Michael Jackson,84.5936,44.8428,54.2795,83.5064,0.4577,28.4291,40.9802,28.8868,1
U115,Ya para que - Greeicy,13.4746,615.3332,148.5311,147.9761,111.4042,155.8452,662.5079,44.4409,0
U014,Fragile - Laufey,84.2147,445.9213,26.6431,3.6837,74.3943,73.7749,541.5592,0.6194,1
U038,Hate you - Jung Kook,44.446,54.3691,51.7271,70.3373,13.0935,34.5935,99.9013,47.6871,1
U040,Por si acaso no regreso - Celia Cruz,3.3163,536.011,175.1787,150.5071,97.9541,351.2463,560.9329,253.2923,0
U096,Billie Jean - Michael Jackson,55.786,224.9299,6.6885,46.9641,77.172,394.4366,158.505,317.2644,0
U048,Los besos - Greeicy,58.0341,219.3679,46.0402,7.6309,37.0906,151.3973,273.0931,188.4879,0
U017,Te quiero tanto - Kevin Kaarl,39.6554,342.7862,0.1371,19.432,13.3515,88.2438,383.5513,101.5952,1
U037,Borracho te recuerdo - Vicente Fernandez,62.7244,117.6675,63.4956,66.4591,27.8311,15.4928,205.1098,43.3239,1
U034,Set fire to the rain - Adele,32.4001,594.9991,156.533,166.4885,164.0235,38.7712,658.1969,125.2522,0
U072,Mas fuerte - Greeicy,7.1469,281.3022,1.5227,30.2885,92.9145,447.6097,50.7191,540.5242,0
U059,Sin miedo a nada - Alex Ubago,63.4427,30.9791,29.7762,77.1998,52.5927,28.2911,92.2541,80.8839,1
U087,Euphoria - Jung Kook,1.0132,44.6755,28.1,37.1556,29.1329,135.9174,51.0662,165.0502,1
U099,You da one - Rihanna,80.1763,201.848,55.5747,11.5478,88.3263,24.1913,269.0877,64.135,1
U012,Remember the time  Michael Jackson,32.7597,207.0865,9.7598,77.1712,30.1735,21.3013,104.0367,51.4748,1
U012,La vida es un carnaval - Celia Cruz,13.833,238.2874,29.4421,7.7479,36.8573,52.0151,116.3109,88.8724,1
U070,Tierra - Josean Log,56.7316,162.2656,21.525,54.0515,42.9321,54.5601,55.8012,11.628,1
U052,First love late spring - Mitski,66.8761,87.7424,2.2792,26.3195,60.8438,91.0451,231.2637,151.8889,1
U082,La distancia - Manuel Medrano,80.5192,353.5034,3.6086,17.209,14.9116,14.9049,500.2428,0.0067,1
U056,You da one - Rihanna,15.0001,290.7338,150.5068,130.3279,120.7781,227.9208,299.2072,107.1427,0
U078,Still with you - Jung Kook,84.5936,257.867,93.8773,103.5363,6.7309,371.0573,257.9152,377.7883,0
U069,Beso - Josean Log,84.5936,275.9182,101.5025,125.6958,171.2155,206.3947,194.9654,35.1792,0
U097,Si pudiera - Manuel Medrano,43.9037,474.2765,18.8533,11.6654,13.3883,201.7164,530.1915,188.3281,0
U025,La distancia - Manuel Medrano,67.5389,395.4967,27.4679,23.4478,20.5056,47.1095,558.6338,26.6039,1
U014,Sin remitente - Melendi,84.5936,133.6753,120.9348,140.4325,35.9279,73.3106,37.6585,37.3827,0
U016,La mujer que bota fuego - Manuel Medrano,62.3968,81.1988,26.268,30.1203,18.849,92.9949,9.2773,74.1458,1
U108,MAI - Milo J,65.4091,68.7634,99.2894,142.7494,68.2627,301.211,100.427,232.9482,0
U046,Un violinista en tu tejado - Melendi,73.1014,52.7383,31.7935,44.1769,9.3802,108.7058,49.2576,99.3256,1
U113,Sin miedo a nada - Alex Ubago,59.4279,51.926,18.6474,71.5531,20.1716,23.7611,110.8835,43.9326,1
U063,Retirada - Milo J,38.4107,202.2765,9.279,33.9907,87.1561,160.5311,286.6132,247.6872,0
U042,Mentira - Greeicy,51.4468,99.8303,61.8336,93.9393,83.983,257.7406,267.3337,341.7236,0
U008,Donde nadie pueda ir - Manuel Medrano,23.3973,78.6224,54.601,57.792,3.5567,247.8099,82.6484,251.3666,0
U057,Cola - Lana del rey,12.6741,210.7763,33.3816,23.6547,46.8993,55.3851,164.2016,102.2844,1
U034,Beat it - Michael Jackson,54.3008,594.9991,210.3791,243.8356,40.4967,311.9707,680.0976,352.4674,0
U089,Hombres malvados - Paquita la del barrio,78.3497,167.4341,4.202,23.2653,15.235,124.9762,101.9846,109.7412,1
U068,Donde nadie pueda ir - Manuel Medrano,36.1812,101.9523,61.9534,76.4931,18.7389,46.3633,126.3419,27.6243,1
U068,Top of the world - Shawn Mendes,36.1812,132.6815,1.4434,24.1831,23.1949,103.6311,108.2919,126.8261,1
U035,Colapso - Kevin Kaarl,71.2139,119.5885,57.6623,74.8049,8.3528,14.4731,9.6421,6.1203,1
U088,Yes or no - Jung Kook,59.5001,117.5312,81.0073,71.4119,67.2225,66.6362,200.9605,0.5864,0
U034,Aca entre nos - Vicente Fernandez,54.3008,545.5057,66.4034,75.4491,55.9876,41.3035,630.6042,97.2911,0
U062,Cinnamon girl - Lana del rey,13.6794,203.0749,134.8867,129.2118,79.5771,240.4216,206.2065,160.8445,0
U116,Colapso - Kevin Kaarl,78.2254,224.2313,106.3989,103.1616,9.2266,187.8776,145.8239,178.651,0
U014,Chachacha - Josean log,84.5936,15.563,69.5132,89.784,6.1262,13.3224,80.4538,19.4485,1
U050,A gritos de esperanza - Alex Ubago,84.2147,189.7879,60.7215,54.5061,32.3402,44.7468,105.7956,12.4066,1
U117,Dont stop the music - Rihanna,50.9093,267.7497,52.5447,68.3472,80.7922,67.7449,240.1984,13.0473,0
U068,Los besos - Greeicy,9.6217,254.8044,64.9474,52.07,95.9677,103.6311,252.6346,7.6636,0
U027,Quimbara - Celia Cruz,44.2446,234.2829,41.267,26.63,55.3839,296.4562,169.6453,351.84,0
U108,Standing next to you - Jung Kook,65.788,276.1998,71.9136,27.8535,38.0806,75.8057,308.2423,113.8863,0
U038,From the start - Laufey,42.7597,54.9768,80.7699,89.3806,40.0431,27.8593,96.6504,12.1838,0
U119,Thriller - Michael Jackson,84.5936,395.9755,21.807,12.5371,43.7575,24.4253,476.3241,68.1828,1
U035,Chachacha - Josean log,71.2139,12.4276,21.8826,2.1596,44.5382,64.8837,122.3739,20.3456,1
U059,Chicago - Michael Jackson,63.4427,225.6429,33.2863,20.3202,9.2251,94.6034,286.9179,85.3783,1
U051,When we were young - Adele,69.1707,152.1813,1.8005,11.1268,50.212,341.2253,162.5838,291.0133,0
U060,Taco placero - Paquita la del barrio,38.48,201.8152,38.198,32.3894,129.5717,284.2102,273.0022,154.6385,0
U031,Borracho te recuerdo - Vicente Fernandez,76.1597,150.4864,44.2413,44.6525,0.9723,66.981,332.34,67.9533,1
U082,Sabes - Alex Ubago,80.5192,319.8194,23.2986,56.7865,8.3707,5.1047,466.5588,13.4754,1
U020,Diamonds - Rihanna,81.4806,340.3304,20.6915,49.871,16.6392,124.5828,409.4547,107.9436,0
U085,MAI - Milo J,80.5543,357.6153,18.6828,52.9402,46.8994,14.3691,544.2088,61.2686,1
U085,A gritos de esperanza - Alex Ubago,80.5543,15.9326,17.9128,6.2799,17.5903,10.5691,170.6609,28.1594,1
U020,Cola - Lana del rey,37.5206,365.363,73.8419,55.5996,26.7519,57.5813,390.5272,30.8294,0
U002,Billie Jean - Michael Jackson,56.0671,371.7745,48.7628,5.1613,82.1136,142.7993,413.0598,224.9128,0
U117,Tu jardin con enanitos - Melendi,51.2882,261.4372,63.6812,81.177,47.9616,41.8899,234.2648,6.0717,0
U012,You know i'm no good - Amy Winehouse,24.5936,142.9262,8.775,20.0059,14.4191,90.2799,303.3293,104.699,1
U075,Vamonos a marte - Kevin Kaarl,67.3183,461.1745,197.4558,240.3244,82.9329,162.1464,576.9711,79.2135,0
U088,La promesa - Melendi,62.9902,223.7738,2.3885,11.3787,47.9312,60.6019,310.6932,108.5331,1
U052,Lover girl - Laufey,40.326,581.9278,77.705,80.9458,101.5999,94.8312,618.247,6.7688,0
U111,Fragile - Laufey,60.6578,111.665,22.4775,19.4152,85.3907,67.6725,47.7067,153.0632,1
U010,Que pides tu - Alex Ubago,41.8107,99.8943,43.4516,49.3004,41.6742,2.2482,42.9525,39.4261,1
U080,Que pides tu - Alex Ubago,11.5538,272.2157,9.2095,15.1074,33.8282,206.3448,289.2751,172.5166,0
U089,Too little too late - Laufey,66.4223,178.9401,7.4696,33.6213,16.6009,166.7666,232.4623,150.1657,1
U068,Only girl - Rihanna,28.5943,418.4726,172.1694,134.7304,121.3001,230.381,435.2752,109.0811,0
U087,Cola - Lana del rey,1.6468,192.0469,28.1906,37.1556,10.1369,66.1494,96.9387,76.2863,1
U047,La negra tiene tumbao - Celia Cruz,31.422,321.4592,28.3542,12.4312,13.591,33.2515,351.8532,46.8427,1
U075,Mercy - Shawn Mendes,67.6972,11.6435,128.7595,128.2136,55.9122,116.3819,103.7742,60.4697,0
U076,Hello - Adele,46.6899,548.6133,198.3065,152.9172,101.1839,277.1851,652.9718,176.0012,0
U101,Gitana - Shakira,45.2067,175.0329,82.7256,95.7558,133.494,14.7179,224.9368,118.7761,0
U101,Billie Jean - Michael Jackson,58.0326,531.0398,99.6553,85.5777,69.7937,142.202,593.7696,72.4084,0
U088,Quiero + - Greeicy,62.9902,540.6116,81.3809,84.597,55.5679,107.3803,627.531,51.8124,0
U098,Love is a losing game - Amy Winehouse,2.317,230.7482,13.2519,25.2938,132.8817,5.8593,225.06,127.0223,1
U054,Ya para que - Greeicy,20.6897,319.5497,7.3632,31.1257,26.0338,73.8352,320.3336,99.869,1
U017,La ley del monte - Vicente Fernandez,39.6554,321.8576,100.1244,113.4022,120.3108,38.9448,362.6227,159.2555,0
U058,I am - Milo J,48.6554,539.967,6.1383,36.8713,16.1419,9.1935,638.7629,6.9483,1
U003,Stronger than me - Amy Winehouse,32.7556,355.0986,37.6649,52.6812,49.0017,80.2503,379.2019,129.252,0
U085,Bajo el agua - Manuel Medrano,80.9332,81.6938,36.4181,44.682,54.9525,75.2259,105.2786,20.2733,1
U049,Rehab - Amy Winehouse,23.0795,314.2423,133.3157,131.2339,94.6723,83.9863,369.2955,10.6861,0
U110,Pierdeme el respeto - Paquita la del barrio,77.6194,127.8507,14.5839,4.0955,90.6006,29.5751,224.3646,61.0255,1
U015,Bajo el agua - Manuel Medrano,84.5936,400.3273,190.2059,194.7924,168.9232,348.0626,333.4805,179.1393,0
U073,Que pides tu - Alex Ubago,70.7286,35.5492,43.7586,33.8445,39.9615,9.531,122.0105,49.4925,1
U095,Vamonos a marte - Kevin Kaarl,55.0321,220.1651,46.205,65.7988,62.5565,55.9095,166.173,6.647,1
U003,There's nothing holding me back - Shawn Mendes,81.888,282.7418,45.1499,19.567,37.5918,151.9714,209.5059,114.3796,0
U085,Te busco audio - Celia Cruz,78.6267,589.6542,69.081,17.9651,6.4932,157.0665,774.3201,163.5597,0
U068,Lo hecho esta hecho - Shakira,2.45,418.4726,173.1769,132.4727,115.1138,286.4055,409.131,171.2918,0
U043,Taco placero - Paquita la del barrio,68.1244,148.6433,83.1189,91.9467,31.9494,58.4026,293.9248,90.352,0
U067,El chofer - Vicente Fernandez,59.7796,1.913,49.0323,35.4991,48.8025,10.5233,133.3321,59.3258,1
U049,Fecha de caducidad - Melendi,53.9884,607.9222,87.3766,72.0073,2.6379,105.61,693.8843,102.9721,0
U046,No me culpes por sentir - Kevin Kaarl,73.1014,187.7641,29.4928,39.8777,51.6055,94.2737,85.7682,42.6682,1
U018,Mas fuerte - Greeicy,22.3329,242.3679,68.3209,41.6785,35.3952,343.3367,216.2422,378.7319,0
U048,Mentira - Greeicy,52.0011,75.5729,15.5928,12.6617,68.7538,127.1255,123.265,195.8794,1
U045,Hello - Adele,63.023,123.0734,14.3601,31.1514,3.8076,15.8817,125.3158,12.0741,1
U037,Si supieras - Kevin Kaarl,62.7244,19.4526,3.3897,14.2582,9.0498,42.4312,106.8949,33.3814,1
U071,Chachacha - Josean log,23.9542,119.4105,23.1145,10.5651,34.0999,124.0643,104.3464,158.1641,1
U080,Smooth criminal - Michael Jackson,11.5538,404.5548,123.7213,55.0936,68.6666,131.5718,387.4954,200.2384,0
U106,Pierdeme el respeto - Paquita la del barrio,54.3983,148.1953,33.6518,44.7285,31.5182,27.201,224.8649,58.7192,1
U044,Why why why - Shawn Mendes,84.5936,477.4573,0.625,70.2316,31.316,18.435,579.0977,12.881,1
U082,Dame tu aire - Alex Ubago,80.5192,83.6079,24.3743,49.4978,5.1478,16.5106,63.1315,21.6583,1
U078,Just friends - Amy Winehouse,80.7043,208.3736,99.0535,101.9025,20.353,437.1338,204.5325,457.4868,0
U105,A veces a besos - Greeicy,70.6869,61.9033,36.6766,74.9271,86.3434,50.0989,18.6258,136.4423,1
U089,Mentira - Greeicy,45.7572,40.5149,36.2527,2.3415,24.7915,113.7522,73.3719,138.5438,1
U030,Bad - Michael Jackson,84.5936,354.7615,7.9487,6.8522,92.7132,99.0118,431.6188,191.7251,0
U008,San lucas - Kevin Kaarl,23.3973,302.0056,28.4484,40.2888,4.4964,203.1444,297.9796,198.648,0
U032,Niño - Milo J,69.0404,258.1894,97.5054,86.0862,29.5765,312.2846,189.149,282.7081,0
U067,La negra tiene tumbao - Celia Cruz,14.6178,503.3651,110.0292,75.7467,126.688,32.2332,593.4483,94.4549,0
U036,Como hacer para olvidarte - Manuel Medrano,59.1263,92.9335,176.0685,182.9166,125.1647,301.5472,99.8139,176.3825,0
U014,Promise - Laufey,84.5936,547.8379,13.0683,17.3936,56.2876,53.2148,643.8547,3.0728,1
U059,Borracho te recuerdo - Vicente Fernandez,63.4427,22.6564,1.4065,3.3545,72.1274,7.8817,38.6186,80.0091,1
U035,"Volver, volver - Vicente Fernandez",71.2139,575.8285,76.3498,56.4714,48.3905,131.4209,685.7748,83.0304,0
U071,MAI - Milo J,23.5753,199.4354,15.8626,36.0952,0.0989,150.9163,214.1206,151.0151,1
U103,Por si acaso no regreso - Celia Cruz,34.2014,566.5871,133.6823,75.0968,115.266,328.6997,706.3778,213.4337,0
U063,Man down - Rihanna,11.2708,83.8595,18.4838,13.8774,7.3345,82.4051,217.8778,75.0706,1
U050,Set fire to the rain - Adele,62.6929,434.6275,59.076,69.4365,91.1994,95.642,497.098,4.4426,0
U040,Dead women - Mitski,34.1796,578.6959,60.0562,74.2446,72.823,31.1377,634.4812,41.6852,0
U103,Los consejos - Greeicy,75.6635,140.1466,53.6267,48.2586,76.2473,81.0877,321.3995,4.8403,0
U034,Euphoria - Jung Kook,9.7072,447.6277,175.4309,154.7291,164.0235,92.3441,488.1326,71.6792,0
U051,Say yes to heaven - Lana del rey,52.6448,243.1445,5.5915,80.3566,26.348,265.6856,237.0211,239.3376,0
U099,Las de la intruicion - Shakira,80.1763,251.8862,46.73,30.3717,52.3775,81.2786,319.1258,28.9011,0
U094,Love is a losing game - Amy Winehouse,21.4219,129.323,89.9744,99.1123,143.1633,113.6891,109.9956,29.4741,0
U025,Just friends - Amy Winehouse,63.6496,591.975,103.7377,90.8888,131.78,117.5494,751.2228,14.2306,0
U086,Man down - Rihanna,31.422,132.1099,4.901,42.7911,106.2674,64.88,164.7612,41.3874,1
U032,Si hay algo - Josean Log,75.3734,2.1473,49.7308,41.0954,21.5128,277.1055,77.5207,298.6184,0
U026,Sangre para derramar - Milo J,60.2106,247.3057,39.8436,70.0964,78.9986,50.518,322.2866,28.4806,0
U087,Summertime sadness - Lana del rey,44.8468,192.0469,103.3515,93.4306,79.9145,250.4943,140.1388,170.5798,0
U019,San lucas - Kevin Kaarl,65.9542,78.3389,32.3226,39.5301,17.6477,5.7633,97.1969,11.8844,1
U013,In my bed - Amy Winehouse,28.8345,520.3796,106.5358,75.045,92.1338,126.8168,564.2831,34.6831,0
U084,Sigo aqui - Alex Ubago,59.2101,268.5392,137.044,146.4056,65.1254,563.7985,422.8959,498.6732,0
U106,Para siempre - Vicente Fernandez,54.3983,56.4196,30.1816,39.4356,20.9784,0.9958,20.25,21.9742,1
U071,My love mine all mine - Mitski,18.127,234.3072,55.5409,29.2024,49.0168,125.9518,207.2901,174.9686,0
U120,Combustion - Josean Log,57.3892,114.0243,144.5109,192.4298,56.0896,501.0883,27.6623,444.9987,0
U076,In my bed - Amy Winehouse,28.2575,560.6334,126.3203,89.3619,128.4514,74.6734,646.5595,53.778,0
U059,Love is a losing game - Amy Winehouse,18.8339,297.9112,28.8836,8.0168,73.7255,0.0423,318.9127,73.6831,1
U067,Tierra - Josean Log,67.7894,186.1028,10.5112,5.8598,28.7042,80.4348,42.8479,51.7306,1
U006,Man down - Rihanna,23.4526,21.0736,19.2202,21.6712,7.9922,188.2382,33.2634,180.246,1
U004,San lucas - Kevin Kaarl,67.138,76.3409,9.7755,19.3487,10.0066,9.515,62.473,0.4916,1
U106,First love late spring - Mitski,54.3983,48.026,22.1248,35.5454,40.0042,15.7103,124.6956,55.7145,1
U063,Treat you better - Shawn Mendes,41.9008,115.0255,13.3971,0.9134,85.5457,31.0361,34.179,116.5819,1
U026,My you - Jung Kook,43.0126,439.7359,30.2567,30.0129,17.4773,13.7982,497.5188,31.2755,1
U029,Remember the time  Michael Jackson,82.3671,383.6495,2.1214,14.1985,17.7567,90.7498,463.7515,72.9931,1
U094,La promesa - Melendi,60.8547,244.8601,11.7859,8.1525,21.4691,123.5168,346.464,144.9859,1
U053,Yo vivire (I will survive) - Celia Cruz,66.734,333.949,11.0903,23.4687,52.8603,64.6283,375.2218,11.7679,1
U101,Quiero + - Greeicy,58.0326,487.6087,68.8226,88.9313,83.9723,34.5755,550.3385,49.3968,0
U059,Amor viejo - Kevin Kaarl,63.4427,58.3972,98.9769,141.9412,59.2194,110.2047,2.8778,50.9853,0
U013,Niño - Milo J,46.4429,149.6609,33.4273,44.752,39.5294,8.2804,88.149,31.2491,1
U017,Euphoria - Jung Kook,4.9382,375.0998,167.3228,146.3309,165.4424,71.2578,371.2713,94.1844,0
U026,San lucas - Kevin Kaarl,60.9706,137.8378,14.7822,18.6537,61.2715,32.7942,62.0969,28.4773,1
U048,La vida es un carnaval - Celia Cruz,65.6669,383.0361,31.0054,7.6309,45.7488,133.8987,444.394,179.6476,0
U115,Alguien como tu - Josean Log,50.4293,42.5886,4.3981,6.5794,70.1605,10.5531,153.6672,80.7135,1
U024,Que me perdone tu perro - Paquita la del barrio,74.3637,204.3849,149.8218,127.4878,145.5988,261.8933,67.8325,116.2945,0
U104,First love late spring - Mitski,33.0441,74.7962,14.2003,13.327,81.4638,100.7748,47.0269,19.3111,1
U054,Los besos - Greeicy,58.0341,155.8815,42.5538,51.4183,9.9276,100.391,194.0099,110.3185,1
U026,Beso - Josean Log,60.9706,121.3805,0.5723,4.3456,90.4578,10.0937,45.6396,100.5515,1
U108,Vamonos a marte - Kevin Kaarl,65.4091,353.8007,93.5072,139.1826,61.2824,279.9891,322.1371,218.7067,0
U107,In my blood - Shawn Mendes,72.1148,480.3293,40.4376,32.0129,24.9912,106.8153,563.632,81.824,0
U007,Si pudiera - Manuel Medrano,68.0895,535.2478,32.3015,31.6631,5.399,15.5492,702.2762,20.9482,1
U111,Promise - Laufey,61.0367,213.5816,36.0523,40.4925,67.284,88.2326,54.5888,155.5166,1
U109,Las de la intruicion - Shakira,65.0651,506.8056,187.3049,178.1465,75.2144,205.4368,624.2386,130.2224,0
U025,Que le den candela - Celia Cruz,8.7592,598.0373,113.044,97.519,100.9236,164.8714,702.3947,63.9478,0
U058,La luna - Josean Log,51.3542,284.9288,45.5161,56.5127,28.0739,92.426,386.4235,120.4998,0
U032,Valentine - Laufey,75.3734,336.1462,23.7042,21.6856,60.5883,137.5732,411.5196,198.1615,0
U075,Only girl - Rihanna,60.1103,212.2571,12.2553,26.5099,50.1258,12.499,89.2524,37.6267,1
U113,Cheque al portamor - Melendi,59.4279,130.1528,49.7867,76.1609,15.7156,119.6584,71.1953,135.374,0
U059,Caminando por la vida - Melendi,63.4427,235.9272,26.1312,53.7984,8.7914,43.3736,297.2022,34.5822,1
U112,I bet on losing dogs - Mitski,62.7738,592.6947,100.2233,122.7371,31.5795,42.8521,745.9471,11.2727,0
U004,Treat you better - Shawn Mendes,67.138,467.9723,82.3158,98.2562,27.4486,106.3932,606.7863,78.9447,0
U061,La distancia - Manuel Medrano,57.6365,350.9397,38.0597,32.4816,40.9634,3.5682,441.4868,44.5316,1
U015,La negra tiene tumbao - Celia Cruz,31.422,187.3423,54.9625,89.0449,48.9836,185.051,201.0174,136.0675,0
U059,La luna - Josean Log,63.4427,102.2173,36.965,40.4108,85.9711,39.981,163.4923,45.99,1
U068,Pobre pistolita - Paquita la del barrio,36.1812,58.2037,11.2033,3.0874,62.2446,82.8649,82.5933,145.1097,1
U082,Too little too late - Laufey,68.5918,430.4371,73.5497,60.2353,110.8786,47.5586,565.2492,63.3199,0
U021,Rolling in the deep - Adele,53.3478,212.3601,89.7973,87.4889,83.1206,91.1074,119.6458,174.228,0
U053,Let you break my heart again - Laufey,19.4723,214.3744,20.0457,4.4769,59.1233,46.5775,169.441,12.5458,1
U103,San lucas - Kevin Kaarl,75.6635,69.0477,8.5453,30.6489,18.0257,16.1256,112.2052,1.9001,1
U067,Pobre pistolita - Paquita la del barrio,67.7894,245.6032,47.0483,41.3045,28.7042,7.1678,388.8581,35.8721,1
U060,Alguien como tu - Josean Log,38.48,297.2341,97.5666,99.8085,153.337,378.1691,368.4212,224.8321,0
U062,Rincon - Milo J,23.8405,249.2926,42.9546,29.6317,19.7722,13.55,235.9999,6.2222,1
U050,No me culpes por sentir - Kevin Kaarl,84.5936,322.0818,111.1969,87.5496,99.9635,107.3917,237.7106,7.4282,0
U032,Ultraviolence - Lana del rey,75.3734,186.4178,42.0422,97.2661,8.2999,146.7357,261.7912,155.0356,0
U054,La vida es un carnaval - Celia Cruz,65.6669,319.5497,27.519,51.4183,18.5858,82.8924,365.3108,101.4782,0
U110,Aca entre nos - Vicente Fernandez,77.6194,503.5743,27.2925,26.5337,7.2433,9.5162,600.0882,16.7596,1
U034,Pierdeme el respeto - Paquita la del barrio,54.3008,169.7821,24.527,53.0109,41.8563,61.3624,254.8806,19.506,1
U045,Young and beautiful - Lana del rey ,37.6231,447.9299,72.629,83.0022,12.576,212.7844,471.0874,225.3604,0
U044,Ultraviolence - Lana del rey,84.5936,287.6717,31.7994,46.5805,11.5342,18.435,389.3121,6.9008,1
U062,A gritos de esperanza - Alex Ubago,23.4616,200.2764,8.1828,17.0286,19.699,43.6153,187.3626,23.9163,1
U058,Quimbara - Celia Cruz,46.2537,619.2523,171.8882,167.211,117.191,202.8791,715.6464,85.6881,0
U057,A gritos de esperanza - Alex Ubago,56.2552,413.6391,105.2232,88.5285,57.6443,319.1148,416.6326,261.4705,0
U028,Tierra - Josean Log,54.5809,185.578,35.7295,51.9297,23.3112,51.879,73.1993,75.1902,1
U023,Pierdeme el respeto - Paquita la del barrio,84.5936,63.8227,93.68,70.337,108.2052,121.5255,148.8824,13.3203,0
U042,Me arrepiento - Alex Ubago,84.0393,330.7861,202.3332,243.8362,89.9714,368.3453,465.697,278.3739,0
U005,Dont stop the music - Rihanna,28.2355,433.0784,127.1073,141.1463,116.4861,158.3539,452.9004,41.8678,0
U017,Rehab - Amy Winehouse,8.7465,228.7913,82.4004,82.1651,98.0014,90.1533,238.6475,188.1547,0
U119,Nobody - Mitski,84.5936,158.3167,16.8579,0.2791,45.1501,11.307,77.968,33.8431,1
U070,Desde que estamos juntos - Melendi,56.7316,42.0688,24.9955,21.3875,15.7004,35.7824,148.5332,20.082,1
U103,Que me perdone tu perro - Paquita la del barrio,75.6635,628.1006,34.5214,19.4482,17.4269,94.6888,809.3535,112.1157,0
U001,Thriller - Michael Jackson,48.7455,564.5278,111.7947,104.1246,26.5689,203.6345,625.428,177.0656,0
U082,Te quiero tanto - Kevin Kaarl,80.5192,419.7901,13.3414,65.7348,6.659,37.8439,566.5295,31.1849,1
U120,Quimbara - Celia Cruz,52.2887,227.9425,29.8908,65.7579,88.6108,424.8968,81.1553,513.5076,0
U099,Man down - Rihanna,27.0047,8.3952,10.3671,13.0442,88.3263,29.0598,22.4631,117.3861,1
U001,Diamonds - Rihanna,48.7455,539.4952,115.8925,122.5186,119.2778,121.4677,600.3954,2.1899,0
U098,San lucas - Kevin Kaarl,84.5936,193.4445,73.4029,63.3886,1.4896,64.8645,105.4798,63.3749,1
U063,Vamonos a marte - Kevin Kaarl,41.5219,405.571,87.6783,99.9151,87.9543,8.4087,486.7965,79.5456,0
U020,Que le den candela - Celia Cruz,22.7009,321.9319,9.2729,12.4337,47.4956,106.6752,332.2765,59.1796,1
U050,Milagrosa - Milo J,73.1117,434.6275,110.7053,96.0498,53.8708,120.5494,507.5167,66.6786,0
U069,Estos celos - Vicente Fernandez,84.5936,312.5803,114.3418,140.5138,181.9046,201.0188,231.6275,19.1141,0
U074,Dame tu aire - Alex Ubago,68.8065,105.1765,18.026,46.7053,14.4973,30.0916,8.6486,15.5943,1
U061,La promesa - Melendi,57.6365,236.6425,28.9938,12.2588,58.4648,69.9969,327.1896,128.4617,1
U005,Fecha de caducidad - Melendi,28.6144,433.0784,15.5507,14.5332,34.914,87.0411,453.2793,121.9551,1
U051,Mentira - Greeicy,36.5782,64.3187,11.0754,24.7279,32.1017,413.1229,86.5087,445.2246,0
U004,Aunque no te pueda ver - Alex Ubago,63.6479,529.8442,30.8259,23.9832,27.4486,78.3071,665.1679,50.8586,0
U100,Dame tu aire - Alex Ubago,60.9263,67.9129,4.5745,0.0955,8.1156,54.7809,58.5855,46.6653,1
U072,Taco placero - Paquita la del barrio,65.2113,196.0235,77.1264,41.7905,50.201,474.5305,368.542,424.3295,0
U050,Que le den candela - Celia Cruz,25.8139,391.1964,13.3143,14.5112,2.0441,54.7264,416.7879,56.7705,1
U089,My love mine all mine - Mitski,36.2685,131.9824,31.0625,87.3744,72.6604,182.1769,155.3507,109.5166,0
U051,Loba - Shakira,69.1707,193.6511,8.4859,24.7279,3.7794,316.3504,204.0536,312.571,0
U094,Sabes - Alex Ubago,60.8547,325.4733,6.0554,11.2022,2.5732,77.0977,427.0772,74.5245,1
U111,Aunque no te pueda ver - Alex Ubago,57.5466,128.9309,129.0374,131.2477,7.4895,149.0412,33.5521,141.5516,0
U099,In my blood - Shawn Mendes,80.1763,304.5945,23.9125,46.3971,1.2769,7.0263,371.8341,5.7495,1
U105,Beat it - Michael Jackson,82.6143,294.1036,69.8171,70.4544,67.5972,245.2617,349.3084,312.8588,0
U071,The girl is mine - Michael Jackson,23.9542,78.3699,46.7032,40.5488,4.3571,75.3315,63.3058,70.9744,1
U072,Pierdeme el respeto - Paquita la del barrio,65.2113,143.9148,102.6406,65.7011,76.2455,482.4153,316.4334,406.1698,0
U109,Sigo aqui - Alex Ubago,65.0651,106.3685,70.651,62.7572,16.6726,11.8133,223.8015,4.8594,1
U068,Just friends - Amy Winehouse,32.2919,368.9792,58.0012,26.3965,71.7227,82.8649,389.4795,11.1423,0
U082,Sin remitente - Melendi,80.5192,88.3506,33.8912,62.8036,2.1519,25.9524,58.3888,23.8005,1
U057,I'll change for you - Mitski,0.6908,210.7763,3.4681,17.9261,10.1139,200.8871,152.2184,190.7733,1
U114,Let you break my heart again - Laufey,14.8042,99.6958,57.6853,43.1783,35.5647,339.7669,73.4779,375.3316,0
U017,Que pides tu - Alex Ubago,39.6554,160.6118,3.4042,8.871,23.6116,156.6398,119.8467,180.2513,1
U017,Dame tu aire - Alex Ubago,39.6554,160.6118,10.8958,3.195,11.8403,142.5983,119.8467,154.4384,1
U109,Bajo el agua - Manuel Medrano,65.0651,75.1419,21.2624,25.6295,0.841,106.5323,42.2911,107.3732,1
U099,La mujer que bota fuego - Manuel Medrano,80.1763,293.3315,119.6723,129.392,12.4228,220.6981,226.0919,208.2752,0
U097,Alguien como tu - Josean Log,43.9037,7.5049,1.1667,12.701,35.0173,190.37,48.4101,155.3527,1
U030,Brooklyn baby - Lana del rey,50.8624,361.074,13.7863,7.4747,91.5241,32.3945,404.2001,123.9187,1
U113,A gritos de esperanza - Alex Ubago,59.049,166.9277,17.5699,52.0196,49.4807,90.3222,108.3491,139.8029,1
U089,I am - Milo J,75.6509,268.6928,125.7911,182.1402,143.0247,314.2719,331.4435,171.2474,0
U083,A veces a besos - Greeicy,72.6662,175.1696,43.1838,29.0367,62.0601,119.7379,257.314,57.6778,0
U074,Remember the time  Michael Jackson,68.8065,546.7056,69.0058,9.2747,42.5901,153.5352,643.2335,110.945,0
U103,Top of the world - Shawn Mendes,75.6635,76.9465,28.6989,4.1579,21.6228,121.4545,258.1994,99.8317,1
U110,Only girl - Rihanna,70.0325,553.0677,176.5223,164.3515,102.4695,129.837,641.9946,27.3676,0
U055,Chachacha - Josean log,59.0821,23.4518,45.2544,28.2509,31.5387,69.4849,121.4911,37.9462,1
U026,In a lake portuguese -  Mitski,25.6334,434.1122,40.2869,34.3293,2.0377,0.3827,423.249,2.4204,1
U055,Quedate - Manuel Medrano,59.0821,6.0862,2.5641,4.1096,58.5756,1.8746,91.9531,60.4501,1
U017,Top of the world - Shawn Mendes,39.6554,28.6829,36.7991,45.9552,8.1377,49.7865,12.0822,57.9241,1
U026,Top of the world - Shawn Mendes,60.9706,8.1564,22.462,16.1531,57.6744,72.5347,83.8973,130.2091,1
U023,Love on the brain - Rihanna,84.5936,273.044,44.1802,47.1518,41.7714,10.0065,358.1037,31.7649,1
U096,El chofer - Vicente Fernandez,47.7762,382.8552,75.9918,87.2117,94.1773,562.5214,457.2899,468.344,0
U119,Taco placero - Paquita la del barrio,84.5936,81.3502,46.2439,41.1479,68.4968,91.1671,1.0015,22.6703,1
U080,Combustion - Josean Log,11.5538,296.9491,26.3078,11.4512,77.66,139.8583,279.8897,62.1983,0
U102,Ultraviolence - Lana del rey,84.5936,3.5837,34.8098,6.1557,15.327,281.7203,59.9945,297.0473,0
U078,You know i'm no good - Amy Winehouse,27.2403,123.3466,97.7396,88.487,30.818,437.1338,180.6517,467.9518,0
U064,Te quiero tanto - Kevin Kaarl,56.9236,445.8619,44.9159,3.1956,6.9927,22.516,597.1121,15.5233,1
U053,Yes or no - Jung Kook,70.8308,132.5625,10.6273,33.3002,46.7756,39.637,87.1928,86.4127,1
U064,Si pudiera - Manuel Medrano,56.9236,534.5837,7.3233,0.6346,22.888,69.1094,685.8339,46.2214,1
U005,Que le den candela - Celia Cruz,30.1653,389.6473,81.7526,65.6933,31.3179,132.34,351.0685,101.0221,0
U023,When we were young - Adele,84.5936,398.0765,29.9265,41.1523,8.882,7.3061,483.1362,1.5759,1
U038,I bet on losing dogs - Mitski,59.3567,471.2344,31.4587,58.8339,69.4835,22.0126,531.6773,47.471,0
U099,Remember the time  Michael Jackson,80.1763,328.9144,17.473,65.1059,42.3912,18.8369,396.154,23.5543,1
U054,Pobre pistolita - Paquita la del barrio,84.5936,40.7192,96.2979,106.5757,148.2847,121.1572,23.9686,27.1276,0
U092,Hello - Adele,55.0302,359.336,115.5651,70.4866,48.8393,10.6245,406.6371,38.2148,0
U105,Hombres malvados - Paquita la del barrio,82.6143,221.3086,33.7541,48.0889,90.4176,82.3614,166.1038,172.7789,0
U030,Beso - Josean Log,84.5936,319.617,146.0974,133.4171,204.4071,128.9163,242.7597,75.4908,0
U003,Why why why - Shawn Mendes,81.888,269.9575,27.3931,52.3034,16.9692,125.7207,343.1933,108.7515,0
U053,Pobre pistolita - Paquita la del barrio,74.3209,26.3199,50.7083,57.9109,73.5696,41.6601,22.5399,31.9096,1
U117,Still with you - Jung Kook,51.2882,267.7497,3.0599,15.3698,12.8583,60.4855,240.5773,47.6271,1
U119,Love in the dark - Adele,84.5936,259.6266,40.263,14.3291,25.9521,37.5367,339.9752,63.4888,1
U089,Brooklyn baby - Lana del rey,44.6185,347.9781,51.5781,19.9307,45.9347,39.1542,379.6964,6.7805,1
U005,Cheque al portamor - Melendi,28.6144,154.5621,24.5,27.4653,32.7433,3.5306,134.3612,36.2739,1
U002,There's nothing holding me back - Shawn Mendes,56.0671,266.0659,15.4647,20.3174,45.4404,276.6765,224.7805,322.1169,0
U073,Beso - Josean Log,70.7286,33.1572,60.9276,59.1212,8.2958,34.8813,124.4025,43.1771,1
U056,Desde que estamos juntos - Melendi,15.0001,138.6394,6.2069,0.1686,2.235,42.1603,130.1661,39.9253,1
U094,In my blood - Shawn Mendes,60.8547,549.6082,73.4612,70.7753,29.511,213.246,651.2121,183.7349,0
U013,Just friends - Amy Winehouse,48.8866,520.3796,96.9272,75.045,73.6347,114.5013,584.3352,40.8667,0
U117,Te busco audio - Celia Cruz,48.9817,248.9211,15.6776,51.8781,23.575,88.7552,219.4422,112.3302,1
U055,Where have you been - Rihanna,59.0821,593.1652,186.5038,158.2278,117.983,232.7946,691.2045,114.8115,0
U102,Love in the dark - Adele,84.5936,142.1615,8.9198,42.2455,67.6154,274.8683,198.5723,342.4837,0
U056,Si hay algo - Josean Log,15.0001,10.1961,12.1001,22.6178,46.8958,23.3826,1.7228,23.5133,1
U020,Dont stop the music - Rihanna,81.1017,365.363,54.6276,87.8867,37.6726,80.6613,434.1084,118.3339,0
U064,Cheque al portamor - Melendi,56.9236,37.9064,41.1894,32.634,1.7789,41.2803,189.1566,43.0592,1
U057,Que me perdone tu perro - Paquita la del barrio,56.6341,210.7763,91.229,61.4307,130.4591,272.9631,208.1617,142.504,0
U111,Euphoria - Jung Kook,16.4431,72.5227,17.6801,0.6997,135.9703,8.5399,131.0637,127.4303,1
U013,Doma - Josean log,52.7759,323.9013,22.7001,25.8156,78.344,45.6764,391.7462,124.0206,1
U083,My you - Jung Kook,66.6356,411.6019,7.9997,1.2042,30.4867,11.9053,487.7156,42.392,1
U028,Gitana - Shakira,41.755,250.39,147.6466,131.9947,134.9011,162.3912,349.9428,27.4901,0
U109,Lover girl - Laufey,42.137,583.8338,127.2836,119.9398,109.8207,11.8133,594.0647,98.0075,0
U030,Azul celeste - Paquita la del barrio,84.5936,48.4643,75.8254,52.4217,198.7855,57.8271,28.393,140.9585,0
U002,Aca entre nos - Vicente Fernandez,56.0671,322.2811,10.7882,29.2809,75.9201,285.0301,363.5664,360.9503,0
U092,Lover girl - Laufey,46.6629,389.6486,20.9311,0.4524,68.0727,223.8033,335.2566,291.8761,0
U067,Easy on me - Adele,67.7894,605.8721,159.0279,138.3782,105.2631,151.8229,749.127,46.5598,0
U022,Nobody - Mitski,41.8354,44.0182,157.5986,146.2669,101.2445,222.4445,106.8717,121.2001,0
U059,From the start - Laufey,39.817,120.8713,52.2178,30.3943,51.0266,49.9142,162.8561,1.1124,1
U034,Fragile - Laufey,53.9219,486.77,135.2733,136.0136,113.4439,16.1317,571.4896,97.3121,0
U107,A gritos de esperanza - Alex Ubago,71.7359,88.5653,0.6315,5.3332,41.6344,31.0539,5.6415,72.6883,1
U076,Para siempre - Vicente Fernandez,52.1989,19.7051,36.3035,32.1469,23.0006,24.2567,90.1624,47.2573,1
U077,Mujeres divinas - Vicente Fernandez,32.3816,3.778,6.7838,27.7389,13.4261,158.5306,28.6036,171.9567,1
U040,Sabes - Alex Ubago,44.7784,317.8688,23.5761,23.1293,5.505,72.8046,384.2529,78.3097,1
U062,Desde que estamos juntos - Melendi,23.8405,163.5015,27.9746,18.1769,25.8841,26.9416,150.2088,52.8257,1
U072,Send my love - Adele,62.5125,16.9987,31.0628,30.2885,92.9145,372.0564,192.2161,464.9709,0
U089,Ya para que - Greeicy,14.4458,347.9781,40.9959,2.3415,9.2345,111.4682,349.5237,120.7028,1
U046,Aca entre nos - Vicente Fernandez,73.1014,519.4518,50.6505,26.069,31.5215,28.6853,621.4477,2.8363,0
U046,Beso - Josean Log,73.1014,111.7458,6.12,6.8342,50.5307,21.1524,9.7499,29.3783,1
U099,Ultraviolence - Lana del rey,80.1763,85.1886,8.941,42.1992,1.2311,49.9771,152.4282,51.2082,1
U098,Rolling in the deep - Adele,84.5936,503.7038,131.9496,119.1724,135.8694,193.7211,591.6685,57.8517,0
U049,Niño - Milo J,47.6554,111.6117,13.9177,25.8066,13.4379,19.1948,31.9826,5.7569,1
U028,Bored - Laufey,54.5809,94.348,146.9524,125.1702,97.034,230.2534,206.7267,133.2194,0
U079,Mercy - Shawn Mendes,45.9075,361.2996,118.7098,125.2646,79.9662,54.0953,416.275,134.0615,0
U067,Amor viejo - Kevin Kaarl,67.7894,110.9341,41.1615,75.8736,8.1748,116.9181,254.189,125.0929,0
U083,Rolling in the deep - Adele,84.5936,531.1765,152.3139,132.6902,89.0969,227.6843,625.2482,138.5874,0
U017,West coast - Lana del rey,34.1464,257.0849,35.404,34.1477,43.5196,20.2191,292.341,63.7388,1
U088,Cola - Lana del rey,19.0302,584.0427,161.5995,126.0812,124.2357,276.1916,627.002,151.9559,0
U089,Pobre pistolita - Paquita la del barrio,78.3497,12.2908,47.9388,73.1085,165.084,158.7902,53.1587,6.2938,0
U055,From the start - Laufey,44.1776,35.7531,123.7894,116.3115,101.157,127.0171,30.5326,25.86,0
U015,Por si acaso no regreso - Celia Cruz,43.1315,228.3358,22.7199,73.6439,71.6829,17.895,253.7204,89.5779,1
U074,When we were young - Adele,68.8065,486.9433,132.8952,112.5917,50.3122,158.8896,583.4712,108.5773,0
U098,Vamonos a marte - Kevin Kaarl,84.2147,169.7278,75.1438,83.4828,13.5438,7.4311,82.142,20.9749,1
U004,Para siempre - Vicente Fernandez,67.138,9.0245,23.1693,47.5201,24.4316,55.9765,129.7894,80.4081,1
U049,La negra tiene tumbao - Celia Cruz,0.8168,505.4152,160.4552,150.5619,121.1511,128.6523,538.2056,7.5011,0
U056,Still with you - Jung Kook,15.0001,449.0011,99.8562,95.7902,95.3485,177.0617,457.4744,81.7131,0
U068,Caminando por la vida - Melendi,36.1812,217.859,4.1608,32.1227,25.0624,25.6101,242.2486,0.5478,1
U042,Bajo el agua - Manuel Medrano,84.0393,482.5437,218.2876,240.6946,70.4399,440.7248,617.4546,370.2848,0
U082,Taco placero - Paquita la del barrio,80.5192,122.1494,28.4546,22.2205,21.0854,51.5238,268.8889,72.6092,1
U074,Rincon - Milo J,68.8065,95.5251,29.6402,56.0229,23.906,67.3625,1.0028,43.4566,1
U045,Por si acaso no regreso - Celia Cruz,27.0699,123.0734,18.8091,74.3474,11.3016,29.0659,89.3626,17.7643,1
U023,Valentine - Laufey,84.5936,363.8414,25.8869,30.4401,12.2882,57.6998,448.9011,69.988,1
U033,Love on the brain - Rihanna,67.8672,39.6717,36.6458,38.2158,12.1393,339.0385,25.7147,326.8992,0
U012,Mentira - Greeicy,0.1672,69.1758,44.8547,12.5447,59.8623,45.2419,204.8181,105.1042,1
U066,Love is a losing game - Amy Winehouse,2.7119,428.4515,35.3822,55.6317,59.5271,404.926,472.1969,464.453,0
U015,Que pides tu - Alex Ubago,84.5936,393.2337,167.9066,181.667,149.8522,296.2035,326.3869,146.3513,0
U100,Back to black - Amy Winehouse,56.2319,462.335,91.5601,104.7836,94.2767,124.8151,584.139,30.5383,0
U049,Lover girl - Laufey,53.2137,576.7213,131.233,139.1247,110.1912,83.9863,555.4813,26.205,0
U104,Taco placero - Paquita la del barrio,33.0441,26.7356,22.8409,46.4207,46.9333,81.3993,1.0338,34.4661,1
U067,Stronger than me - Amy Winehouse,18.657,605.8721,136.9229,122.5162,115.7281,95.4054,699.9945,20.3227,0
U077,Tears dry on their own - Amy Winehouse,9.0805,313.1011,90.5115,113.0268,82.6778,33.6821,304.0206,116.3599,0
U001,Que pides tu - Alex Ubago,48.7455,118.5552,1.5935,9.2127,39.8341,5.9662,57.655,33.8679,1
U008,The girl is mine - Michael Jackson,23.3973,133.5301,26.5943,12.6942,0.8993,91.3481,129.5041,90.4488,1
U085,Beso - Josean Log,80.9332,72.2082,3.0502,6.2799,84.1388,21.0455,114.7642,105.1843,1
U114,Billie Jean - Michael Jackson,78.989,219.2704,57.152,71.1239,2.6162,277.6108,139.8899,274.9945,0
U098,Desde que estamos juntos - Melendi,84.5936,83.9367,80.4878,75.5948,9.7105,49.1267,4.028,39.4162,1
U092,Retirada - Milo J,57.0491,49.2876,16.8267,32.6249,25.0754,62.3922,0.0324,37.3168,1
U084,Por si acaso no regreso - Celia Cruz,17.748,178.6135,18.9466,62.3848,16.2833,316.1865,17.2054,332.4698,0
U054,Rata de dos patas - Paquita la del barrio,84.5936,288.3488,29.2116,44.1879,26.7365,57.4727,353.0366,30.7361,1
U075,You da one - Rihanna,67.6972,53.9898,46.0861,101.9399,12.3559,18.0815,61.4278,30.4374,1
U004,Back to black - Amy Winehouse,62.4436,467.9723,95.4594,109.6934,103.4674,92.0663,602.0918,11.4011,0
U061,Remember the time  Michael Jackson,57.6365,565.7105,97.1086,56.1728,36.1834,185.5893,656.2576,149.4059,0
U119,Stitches - Shawn Mendes,84.5936,6.5519,26.3199,21.2117,22.0586,83.098,86.9005,61.0395,1
U088,Me arrepiento - Alex Ubago,62.9902,45.6237,15.3818,27.6457,37.2016,0.9536,132.5431,36.248,1
U099,Beso - Josean Log,80.1763,320.5757,79.8442,83.7432,51.1822,134.4191,253.3361,83.2369,0
U094,Como hacer para olvidarte - Manuel Medrano,58.1559,306.8281,17.1187,32.2817,17.6029,12.8449,405.7332,30.4478,1
U106,Es que yo te quiero a ti - Kevin Kaarl,54.3983,567.0998,27.2431,15.8987,36.727,15.7103,643.7694,52.4372,1
U086,El chofer - Vicente Fernandez,76.5838,123.9551,60.3341,86.3923,37.9993,16.4956,46.1419,54.4949,1
U041,Tu jardin con enanitos - Melendi,84.5936,348.5108,74.9414,85.5187,10.8343,340.2326,415.7166,351.0669,0
U093,Send my love - Adele,76.9174,65.0569,32.0258,50.0338,82.9678,12.2724,40.7562,70.6954,1
U001,Es que yo te quiero a ti - Kevin Kaarl,48.7455,558.2153,11.8209,2.3008,29.4237,68.6666,619.1155,98.0902,1
U053,Fragile - Laufey,73.942,225.7199,29.8979,2.6536,72.2052,23.938,274.2008,48.2672,1
U103,Thriller - Michael Jackson,75.6635,628.1006,101.8838,80.411,23.8315,212.2695,809.3535,188.438,0
U007,Niño - Milo J,61.7565,93.3229,31.8436,31.6631,11.8194,29.0144,67.3725,40.8338,1
U108,Chicago - Michael Jackson,65.788,108.733,0.7088,58.743,6.4449,172.1376,140.7755,165.6927,1
U011,I bet on losing dogs - Mitski,83.4503,485.1438,36.1655,12.0812,26.2911,80.5635,572.3875,54.2723,0
U066,Lo hecho esta hecho - Shakira,45.8335,306.0005,86.9407,47.1485,67.0616,187.5465,310.8004,254.6081,0
U112,No me culpes por sentir - Kevin Kaarl,63.9171,132.8137,18.1426,32.1797,0.8274,58.1051,21.582,57.2777,1
U086,Lo hecho esta hecho - Shakira,50.8624,483.83,99.6555,54.9732,137.851,204.7361,535.9218,66.8851,0
U053,Doma - Josean log,74.3209,87.9773,78.1375,77.6564,91.581,110.485,136.8371,18.9039,0
U037,San lucas - Kevin Kaarl,62.7244,120.2836,7.1309,10.852,16.3495,63.0704,32.8413,46.7209,1
U068,Vamonos a marte - Kevin Kaarl,35.8023,254.959,37.5417,79.0841,11.7586,55.7356,230.9483,67.4943,1
U031,A gritos de esperanza - Alex Ubago,75.7808,14.7318,16.9491,9.6593,47.8715,20.8293,166.7429,27.0422,1
U112,Te busco audio - Celia Cruz,61.6106,605.067,119.7862,89.4682,77.893,151.0372,757.1562,73.1442,0
U020,Sabes - Alex Ubago,81.4806,85.7073,103.2104,101.215,121.3727,204.4275,154.8316,83.0548,0
U087,Una y otra vez - Manuel Medrano,45.6068,386.7077,155.8993,161.7579,92.5462,225.7982,437.8558,133.252,0
U053,In my bed - Amy Winehouse,50.3795,284.4556,5.6982,28.427,78.8968,29.3446,309.374,108.2414,1
U002,La ley del monte - Vicente Fernandez,56.0671,171.1609,31.0409,17.0704,138.8244,261.5851,212.4462,400.4095,0
U088,Rincon - Milo J,62.9902,89.3889,28.1427,32.7623,19.7791,44.7034,2.4695,24.9243,1
U107,Combustion - Josean Log,72.1148,421.9319,2.8542,4.0513,20.4886,1.4967,505.2346,21.9853,1
U115,Chachacha - Josean log,50.4293,45.6198,44.0463,39.6229,14.5924,87.024,156.6984,72.4316,1
U019,Dame tu aire - Alex Ubago,65.9542,64.2736,21.8719,25.1867,10.348,6.7538,111.2622,17.1019,1
U031,Bored - Laufey,76.1597,97.6347,88.5441,61.0397,95.4019,163.7523,279.4883,68.3504,0
U016,Por si acaso no regreso - Celia Cruz,20.9347,510.7345,141.5778,98.2749,68.8182,262.9703,559.7484,194.1521,0
U062,Sin miedo a nada - Alex Ubago,23.8405,18.5773,7.1053,2.5049,9.6101,110.1764,31.87,119.7866,1
U099,Gitana - Shakira,67.3504,4.1084,7.3076,6.2197,100.7638,69.8347,58.5221,170.5985,1
U096,Te busco audio - Celia Cruz,53.4795,206.1013,44.7392,90.0645,87.7721,450.4841,137.3699,362.7119,0
U040,Cola - Lana del rey,0.8184,597.5245,200.6284,179.9439,142.6196,334.8134,619.9485,192.1939,0
U086,Me enamore - Shakira,22.175,353.0403,15.7656,8.923,95.7418,91.9673,376.4447,3.7745,1
U117,Amor viejo - Kevin Kaarl,51.2882,227.1883,137.124,160.398,70.6079,129.6769,254.3607,59.069,0
U101,Sin miedo a nada - Alex Ubago,58.0326,125.4781,9.3589,1.3012,18.7874,6.2182,188.2079,12.5691,1
U103,Bored - Laufey,75.6635,116.0517,92.1222,63.0494,102.9183,191.4601,297.3046,88.5418,0
U012,Summertime sadness - Lana del rey,31.9997,238.2874,6.1755,39.9003,42.7062,63.0463,134.4776,20.3401,1
U087,Cinnamon girl - Lana del rey,35.4457,29.0172,40.0915,37.1556,34.5286,133.0728,90.3264,98.5442,1
U082,In a lake portuguese -  Mitski,6.0848,474.2768,41.1455,17.8286,61.1573,3.3838,534.4121,57.7735,1
U102,El chofer - Vicente Fernandez,76.5838,329.2747,88.8168,105.0003,34.1541,342.1786,280.8737,376.3327,0
U080,Vamonos a marte - Kevin Kaarl,11.1749,262.5643,7.9913,32.9242,37.8658,147.387,280.0026,109.5212,1
U036,Top of the world - Shawn Mendes,61.8251,345.7867,118.386,105.3982,130.3785,140.4081,349.9683,10.0296,0
U109,Rie y llora - Celia Cruz,35.2625,608.7222,151.3018,116.7561,98.0813,39.5768,696.3526,58.5045,0
U019,Vamonos a marte - Kevin Kaarl,65.5753,54.6222,30.5817,19.4359,2.6143,51.6701,120.5347,54.2844,1
U008,A gritos de esperanza - Alex Ubago,23.0184,229.2727,0.6241,17.2895,32.8658,170.7329,225.6256,203.5987,1
U045,Let you break my heart again - Laufey,25.2612,65.0123,43.2786,61.8028,11.3016,110.7079,21.0295,122.0095,1
U088,El chofer - Vicente Fernandez,54.9804,23.7424,42.9103,40.9958,24.384,46.922,55.1672,22.538,1
U012,Me enamore - Shakira,29.6589,107.4977,38.7469,8.7586,5.236,0.4919,57.9707,4.7441,1
U062,Como hacer para olvidarte - Manuel Medrano,21.1417,125.8381,41.328,48.6823,8.8523,44.6064,136.432,35.7541,1
U016,Niño - Milo J,56.0638,147.2859,37.2023,41.8814,43.0715,87.8228,63.1428,44.7513,1
U113,Te busco audio - Celia Cruz,57.1214,438.6591,33.5983,27.7746,60.5778,56.1752,495.3101,4.4026,0
U006,Fecha de caducidad - Melendi,76.6242,372.7937,48.2946,103.5794,116.888,249.8996,438.1552,133.0116,0
U076,La luna - Josean Log,52.1989,275.8033,43.7159,44.2303,13.8877,8.4957,385.6708,22.3833,1
U062,MAI - Milo J,23.4616,173.2715,28.4128,29.6317,9.6101,47.4153,186.1853,57.0255,1
U032,Quiero + - Greeicy,75.3734,417.9134,26.5058,42.0227,58.3109,146.7357,493.2868,205.0466,0
U018,Aca entre nos - Vicente Fernandez,80.3973,192.8745,127.5624,115.2299,35.9209,358.0834,224.8133,322.1626,0
U039,In a lake portuguese -  Mitski,20.3949,127.9598,117.7031,124.3172,62.7236,335.6863,30.4564,272.9628,0
U011,In my blood - Shawn Mendes,84.5936,460.8239,26.7017,32.249,7.7179,18.9934,549.2109,26.7112,1
U057,Say yes to heaven - Lana del rey,40.1082,210.7763,13.5668,35.804,0.9667,74.4883,191.6358,75.455,1
U019,Somedoy - Jung Kook,49.9002,213.2477,147.2788,152.382,43.5243,152.1353,372.7295,108.611,0
U069,Easy on me - Adele,84.5936,404.7728,43.2713,4.2811,43.5145,20.0648,485.7256,23.4497,1
U070,"Volver, volver - Vicente Fernandez",56.7316,623.3968,118.0016,110.9048,38.4269,78.0805,729.8612,39.6536,0
U067,La luna - Josean Log,67.7894,271.5486,20.8504,25.6568,18.5769,46.6944,414.8035,28.1176,1
U011,La ley del monte - Vicente Fernandez,84.5936,315.7311,3.7262,9.6594,87.3333,35.1167,404.1181,122.45,1
U014,Set fire to the rain - Adele,62.6929,554.1504,47.9028,34.1586,124.9739,96.4144,628.2665,28.5595,0
U011,Los consejos - Greeicy,84.5936,28.3907,34.6713,13.6869,29.7847,86.3252,116.7777,116.11,1
U091,Never be alone - Shawn Mendes,50.3965,621.8469,54.5133,25.4275,14.7201,56.9253,717.5164,71.6453,0
U014,Stronger than me - Amy Winehouse,35.4612,554.1504,35.9115,24.3309,73.0518,96.4144,601.0347,23.3626,0
U017,Vamonos a marte - Kevin Kaarl,39.2765,150.9604,2.186,8.9458,19.574,97.682,110.5742,117.2559,1
U076,Si supieras - Kevin Kaarl,52.1989,52.7147,19.1685,0.5693,18.7373,1.5656,162.5822,20.3029,1
U017,La mujer que bota fuego - Manuel Medrano,39.6554,130.9756,26.0633,11.5011,14.1137,198.5065,90.2105,212.62,1
U056,Rie y llora - Celia Cruz,14.8025,442.6886,105.659,87.7614,107.6962,119.1481,421.3593,11.4519,0
U065,Waka waka - Shakira,0.5187,402.3892,135.3696,78.3186,63.6413,119.8622,396.8381,56.2209,0
U043,Borracho te recuerdo - Vicente Fernandez,68.1244,166.7718,97.1054,111.8829,24.4975,56.4143,312.0532,80.9118,0
U052,In my bed - Amy Winehouse,42.9347,563.6353,100.3528,87.4247,109.634,126.7473,683.2152,17.1133,0
U086,Thriller - Michael Jackson,84.5936,483.83,1.1069,25.4295,1.751,112.7767,569.653,111.0257,1
U100,La distancia - Manuel Medrano,60.9263,369.1984,23.4084,32.3843,11.9438,56.3866,495.6968,68.3303,1
U001,Beso - Josean Log,48.7455,116.1632,15.5755,16.064,8.4232,50.3785,55.263,58.8017,1
U010,Tierra - Josean Log,41.8107,208.7862,35.8553,72.0356,12.8494,0.7327,151.8444,13.582,1
U101,Desde que estamos juntos - Melendi,58.0326,56.6007,25.721,16.9732,2.5134,77.0166,6.1291,79.53,1
U099,San lucas - Kevin Kaarl,80.1763,337.033,94.0541,106.7425,21.9959,177.307,269.7934,155.3111,0
U022,Limonar - Greeicy,2.7582,300.0095,138.6321,126.3725,99.9919,190.0581,318.2693,90.0663,0
U051,Gitana - Shakira,56.3448,112.8624,40.9093,55.5576,0.4385,435.2513,115.2858,435.6898,0
U004,Rata de dos patas - Paquita la del barrio,67.138,589.6065,123.8659,137.639,96.1022,157.7622,728.4204,61.6601,0
U015,Borracho te recuerdo - Vicente Fernandez,84.5936,169.3479,108.5828,102.0785,180.4048,216.1159,102.5011,35.7111,0
U097,Un violinista en tu tejado - Melendi,43.9037,56.4438,5.5465,8.4018,19.6457,221.6281,0.5288,241.2738,1
U002,San lucas - Kevin Kaarl,56.0671,325.3738,69.5286,85.1834,23.0542,377.7557,284.0885,400.8099,0
U115,Loba - Shakira,50.4293,565.8398,146.3774,147.9761,91.0801,250.3337,676.9184,159.2535,0
U074,San lucas - Kevin Kaarl,68.8065,119.2418,7.5753,32.3619,21.797,42.6087,22.7139,20.8118,1
U002,Easy on me - Adele,56.0671,371.7745,89.4551,67.7928,121.5689,148.5379,413.0598,270.1068,0
U020,Azul celeste - Paquita la del barrio,81.4806,44.1753,9.3535,24.4118,138.7186,124.5828,24.949,14.1359,1
U115,Niño - Milo J,44.0963,104.2007,23.9602,17.787,42.1111,14.2585,0.5449,27.8525,1
U102,La promesa - Melendi,84.5936,81.7585,129.3386,157.3748,38.1611,328.4987,25.3477,290.3376,0
U066,Someone like you - Adele,62.5642,220.8594,0.2467,47.2232,19.8692,292.6242,242.39,312.4934,0
U074,Hello - Adele,63.2975,516.393,167.8215,116.5798,67.9493,256.7812,607.4119,188.8318,0
U104,In my blood - Shawn Mendes,33.0441,395.0693,50.6043,49.3912,7.2808,8.3299,422.8386,15.6105,1
U114,Taco placero - Paquita la del barrio,78.989,258.0553,133.0652,104.0937,80.6091,432.0157,337.4357,351.4066,0
U050,Back to black - Amy Winehouse,79.8992,281.7924,4.1101,12.8393,23.7584,5.393,361.4692,18.3654,1
U019,Summertime sadness - Lana del rey,65.1942,618.8094,124.839,118.4376,34.2067,106.033,793.5852,71.8263,0
U039,Que me perdone tu perro - Paquita la del barrio,66.2091,253.1581,129.7055,127.2031,161.4854,289.5346,242.2588,128.0493,0
U093,Bitch better have my money - Rihanna,54.1131,233.244,2.5302,32.7717,143.5795,30.7451,234.7403,112.8344,1
U044,Los besos - Greeicy,58.0341,398.9302,29.5525,8.6987,111.0669,3.566,474.0112,114.6328,1
U102,Mercy - Shawn Mendes,84.5936,77.8968,70.8495,63.0808,34.1541,305.8523,134.3076,340.0064,0
U035,Alguien como tu - Josean Log,71.2139,9.3964,26.5618,30.8839,40.2147,11.5872,119.3427,28.6275,1
U027,Thriller - Michael Jackson,49.3451,234.2829,4.5178,13.2632,58.7499,241.4659,174.7459,182.7159,0
U086,I bet on losing dogs - Mitski,83.4503,452.6291,48.6444,55.9762,1.909,12.6434,537.3088,10.7343,0
U059,Me enamore - Shakira,1.0241,305.7511,67.3166,46.9008,39.1508,104.653,304.6075,65.5022,0
U062,A veces a besos - Greeicy,11.9131,68.1321,75.3327,72.9368,92.659,161.843,69.4975,69.184,0
U102,Milagrosa - Milo J,73.1117,278.5104,158.7162,173.6418,7.9316,452.4413,323.4392,460.3729,0
U040,Set fire to the rain - Adele,22.8777,597.5245,181.8211,191.7033,161.6156,211.4725,642.0079,49.857,0
U021,Still with you - Jung Kook,53.3478,212.3601,16.577,11.3195,30.6542,199.0538,119.6458,229.7081,0
U097,Cheque al portamor - Melendi,43.9037,22.4008,15.0128,21.6032,11.2786,173.8873,33.5142,185.1659,1
U030,West coast - Lana del rey,79.0846,95.6877,124.4582,133.4171,223.281,3.5303,167.036,226.8113,0
U052,Las de la intruicion - Shakira,66.8761,504.8996,137.7263,139.1525,66.9936,288.4547,648.4209,221.4611,0
U003,Chicago - Michael Jackson,81.888,144.2007,8.1563,24.0876,9.8929,87.7657,217.4365,97.6586,1
U026,Fecha de caducidad - Melendi,60.9706,559.3105,22.1242,6.8636,59.8451,53.7916,635.0514,113.6367,0
U095,Tears dry on their own - Amy Winehouse,13.9489,268.3039,50.1986,60.0411,13.2028,20.839,281.2128,34.0418,1
U036,Los besos - Greeicy,35.2656,41.6992,54.882,29.1451,11.2159,140.4081,10.9582,129.1921,1
U001,When we were young - Adele,48.7455,473.5646,141.8361,138.0183,92.8723,208.9889,534.4648,116.1166,0
U027,Set fire to the rain - Adele,27.4444,234.2829,42.9587,22.6188,96.3461,264.8095,152.8452,361.1555,0
U029,From the start - Laufey,20.8926,142.5617,31.2865,55.2248,65.042,15.2016,165.7195,49.8404,1
U015,Thriller - Michael Jackson,84.5936,289.8493,54.5184,68.3297,163.1174,98.5352,356.6961,64.5822,0
U064,Sabes - Alex Ubago,56.9236,345.8912,34.9587,12.1439,8.037,10.2232,497.1414,2.1862,1
U042,Never be alone - Shawn Mendes,84.0393,207.6329,175.1161,226.4338,77.3299,339.0775,72.722,261.7476,0
U120,La ley del monte - Vicente Fernandez,57.3892,27.3289,76.4996,114.4572,84.4414,449.8798,114.3577,534.3212,0
U005,Pierdeme el respeto - Paquita la del barrio,28.6144,7.8614,4.4917,7.141,81.3184,73.122,28.0623,154.4404,1
U069,Yo vivire (I will survive) - Celia Cruz,77.0067,404.7728,6.9097,58.3504,51.0519,58.4315,478.1386,7.3797,1
U034,In my blood - Shawn Mendes,54.3008,539.4783,77.8046,79.892,23.8407,36.2516,624.5768,12.4109,0
U010,Mas fuerte - Greeicy,16.2537,583.1887,164.3926,181.0317,146.7852,111.2449,582.066,35.5404,0
U015,Easy on me - Adele,84.5936,289.8493,5.9638,26.4134,70.4085,65.4613,356.6961,4.9472,1
U105,Love in the dark - Adele,82.6143,157.7547,4.0139,40.9827,51.5366,66.5562,212.9595,118.0928,1
U089,Desde que estamos juntos - Melendi,78.3497,239.6624,102.0278,141.2172,137.8523,227.6151,174.2129,89.7629,0
U092,Back to black - Amy Winehouse,55.8448,268.0144,25.8522,11.8896,52.5538,206.2141,316.1301,258.7679,0
U016,Love on the brain - Rihanna,62.3968,356.2523,154.0744,143.4823,76.5765,154.5949,446.7284,78.0184,0
U005,La mujer que bota fuego - Manuel Medrano,28.6144,220.3684,46.9739,48.9728,26.7673,42.9358,200.1675,16.1684,1
U015,Alguien como tu - Josean Log,84.5936,282.8953,181.9379,189.4338,211.622,308.0865,216.0485,96.4645,0
U107,Niño - Milo J,65.7818,183.6838,66.2565,62.7431,10.3772,101.6844,106.7141,91.3072,0
U033,Promise - Laufey,67.8672,249.3549,4.0429,17.3476,24.9224,413.6365,235.3979,388.7141,0
U095,Los consejos - Greeicy,55.411,34.6875,17.7079,33.2029,19.3683,48.3808,19.6835,29.0126,1
U100,La vida es un carnaval - Celia Cruz,41.9996,615.1701,121.6592,125.4988,132.2338,165.0913,722.7418,32.8574,0
U118,From the start - Laufey,51.1658,84.4004,158.158,139.7652,132.7293,109.4073,126.4986,23.322,0
U012,Treat you better - Shawn Mendes,32.7597,85.4523,13.8006,39.9003,77.1186,77.9644,17.5974,0.8457,1
U043,Sigo aqui - Alex Ubago,68.1244,117.3028,64.8709,56.2967,2.8157,42.8132,262.5842,39.9974,1
U052,Retirada - Milo J,63.386,142.9916,73.6006,47.8685,8.4518,256.2423,283.0228,247.7905,0
U016,Las de la intruicion - Shakira,62.3968,464.0189,140.1343,129.6434,45.9513,208.9818,554.495,163.0305,0
U014,Hombres malvados - Paquita la del barrio,84.5936,38.7382,1.8223,7.0376,78.4685,41.9908,134.755,36.4776,1
U078,Bajo el agua - Manuel Medrano,84.5936,432.3096,218.1139,202.6917,78.1617,575.08,432.2614,496.9182,0
U090,San lucas - Kevin Kaarl,54.7533,534.6893,179.3525,164.3821,104.724,228.977,600.9441,124.2531,0
U050,La ley del monte - Vicente Fernandez,84.5936,234.0139,10.7755,24.7484,46.0678,39.0123,318.3851,7.0555,1
U077,Los besos - Greeicy,5.8221,334.3955,96.597,118.341,141.0504,62.5351,340.2177,203.5854,0
U045,In my blood - Shawn Mendes,68.532,129.0661,90.8951,119.7477,65.2197,113.2275,136.8175,48.0079,0
U086,Bored - Laufey,84.5936,28.2189,8.6547,42.7911,80.8378,91.9673,57.6041,11.1295,1
U046,La luna - Josean Log,73.1014,234.6217,12.7163,10.4213,46.6697,33.3398,336.6176,13.3298,1
U112,"Volver, volver - Vicente Fernandez",63.9171,617.5831,125.4667,119.535,75.3401,101.729,771.9788,26.3889,0
U014,Que le den candela - Celia Cruz,25.8139,510.7193,2.1411,20.7667,31.7304,55.4988,547.9564,23.7684,1
U116,Rie y llora - Celia Cruz,48.4228,471.1857,46.473,26.5274,98.8506,78.8587,519.7904,177.7093,0
U100,Que le den candela - Celia Cruz,2.1466,571.739,108.9845,106.4555,68.4742,174.1485,639.4577,105.6742,0
U026,El chofer - Vicente Fernandez,52.9608,48.4746,34.2059,31.4434,19.2174,34.0774,19.2565,53.2948,1
U113,Azul celeste - Paquita la del barrio,59.4279,47.9494,37.8395,28.9758,11.4462,8.7566,106.9069,2.6897,1
U018,There's nothing holding me back - Shawn Mendes,80.3973,395.4725,132.2389,106.2664,66.4006,349.7298,363.5336,283.3292,0
U040,Amor viejo - Kevin Kaarl,44.7784,102.5865,8.2546,16.5142,2.1402,0.851,168.9706,2.9911,1
U091,Milagrosa - Milo J,38.9146,621.8469,15.6889,8.0251,8.0015,34.7296,706.0344,42.7312,1
U030,Loba - Shakira,84.5936,311.5806,26.5222,25.0639,56.679,54.569,388.4379,111.248,1
U047,Ultraviolence - Lana del rey,84.5936,149.0395,21.3643,46.1658,83.1216,15.5497,232.6052,67.5718,1
U085,San lucas - Kevin Kaarl,80.9332,88.6655,11.1597,29.2792,54.9525,21.8424,98.3069,33.1101,1
U076,Sabes - Alex Ubago,52.1989,330.4711,13.5347,17.6566,5.2188,11.9276,440.3386,6.7088,1
U073,San lucas - Kevin Kaarl,70.7286,49.6145,46.7177,36.1219,20.8905,8.0066,107.9452,28.8971,1
U077,A gritos de esperanza - Alex Ubago,32.0027,126.3517,24.9213,30.2804,55.6529,135.4525,94.349,191.1054,1
U120,La vida es un carnaval - Celia Cruz,38.4625,227.9425,61.2861,105.6511,100.0891,443.2229,67.3292,543.312,0
U001,Mentira - Greeicy,16.153,257.0646,132.5612,124.4172,175.186,137.0913,285.3723,38.0947,0
U021,Love on the brain - Rihanna,53.3478,3.6356,39.169,55.881,50.7602,145.4943,96.3499,196.2545,0
U032,Love is a losing game - Amy Winehouse,6.9032,273.1075,25.7019,37.0068,119.4442,203.3418,280.0106,322.7859,0
U021,Yo vivire (I will survive) - Celia Cruz,45.7609,212.3601,6.7525,4.7274,36.7389,158.8419,112.0588,195.5809,1
U015,Gitana - Shakira,71.7677,66.1576,63.5858,78.8668,46.1635,187.2068,12.1367,141.0433,0
U019,Te busco audio - Celia Cruz,63.6477,599.9808,112.5633,86.7744,30.8116,173.1456,773.2101,142.334,0
U090,Soltera - Shakira,54.7533,31.6693,49.9983,31.1201,3.6382,61.2014,34.5855,57.5634,1
U119,Promise - Laufey,84.5936,389.663,25.4134,3.1331,42.6522,42.1179,470.0116,84.7701,1
U001,Let you break my heart again - Laufey,45.0477,444.9532,119.1237,111.355,118.0034,180.2909,412.0602,62.2875,0
U035,Too little too late - Laufey,59.2865,413.103,77.9019,74.55,115.5146,78.4065,511.122,37.108,0
U089,Someone like you - Adele,61.3492,262.837,27.3408,31.9201,34.918,60.3273,311.286,25.4094,1
U086,Top of the world - Shawn Mendes,84.5936,67.3241,72.078,101.6826,0.4577,21.9617,18.4989,22.4194,1
U060,Niño - Milo J,32.147,444.0234,117.1287,124.1749,125.2876,402.9807,521.5435,277.6931,0
U016,Me arrepiento - Alex Ubago,62.3968,33.829,9.9538,26.0152,47.9536,30.6078,124.3051,17.3458,1
U033,In a lake portuguese -  Mitski,18.7368,130.4691,63.0093,59.7543,53.8287,510.8257,29.908,456.997,0
U019,Rara vez - Milo J,65.9542,288.8982,20.8035,26.2522,7.2756,49.1544,464.434,56.4299,1
U058,Si pudiera - Manuel Medrano,51.3542,528.2891,12.3005,18.1527,23.8184,36.9717,629.7838,60.7901,1
U074,Es que yo te quiero a ti - Kevin Kaarl,68.8065,571.594,2.88,27.7274,71.9838,18.5673,668.1219,90.5509,1
U095,Azul celeste - Paquita la del barrio,55.411,43.7282,40.0178,58.2901,101.1546,0.6342,98.0992,101.7889,1
U031,Bad - Michael Jackson,76.1597,603.3711,156.1326,130.61,93.0169,259.2338,785.2247,166.217,0
U082,Pobre pistolita - Paquita la del barrio,80.5192,239.2062,33.0805,20.7481,37.6045,55.535,385.9456,93.1396,1
U075,Bored - Laufey,67.6972,299.7918,95.0474,126.5319,13.0737,44.2453,415.2095,31.1716,0
U096,Alguien como tu - Josean Log,55.786,347.8147,141.9703,147.353,178.9302,642.8004,414.2396,463.8701,0
U062,Taco placero - Paquita la del barrio,23.8405,53.1867,21.4885,51.4042,36.5967,91.7553,39.8939,128.352,1
U075,Bad - Michael Jackson,67.6972,205.9446,27.4589,56.9616,15.4587,51.2362,90.5269,66.695,1
U104,Una y otra vez - Manuel Medrano,33.0441,128.1645,20.4313,0.374,11.2229,25.4584,100.3952,36.6814,1
U065,Por si acaso no regreso - Celia Cruz,11.0719,372.0766,110.9887,85.2624,39.536,14.5981,355.9722,24.9379,0
U107,Un violinista en tu tejado - Melendi,72.1148,85.8334,53.4076,42.6759,16.2364,108.1309,2.5307,124.3673,1
U098,Fragile - Laufey,84.2147,395.4747,54.2074,53.0784,108.8326,85.2963,483.0605,23.5363,0
U104,Sin remitente - Melendi,33.0441,237.2356,39.5049,38.6034,27.9998,158.8755,209.4663,130.8758,0
U084,Waka waka - Shakira,28.3012,208.9261,5.4343,69.3286,40.3886,210.9224,23.6605,251.311,0
U090,You da one - Rihanna,54.7533,4.1917,29.7237,46.0918,5.5982,27.4787,62.063,33.077,1
U073,Bajo el agua - Manuel Medrano,70.7286,42.6428,21.4593,20.7191,20.8905,61.3901,114.9169,82.2805,1
U092,Chicago - Michael Jackson,60.5392,209.9516,31.2258,18.1097,28.9639,123.4805,262.7617,152.4444,1
U038,Remember the time  Michael Jackson,60.5,471.2344,47.362,19.9573,7.2422,103.4075,532.8206,110.6497,0
U109,Ya para que - Greeicy,1.1612,615.0347,182.4596,172.3848,139.7069,78.7359,668.5638,60.971,0
U055,Dame tu aire - Alex Ubago,59.0821,89.9178,3.3497,9.0918,3.2157,18.9385,8.1215,22.1542,1
U005,My you - Jung Kook,10.6564,313.5038,23.6832,22.3433,42.4084,19.4513,315.7467,22.9571,1
U042,Bitch better have my money - Rihanna,58.5362,207.6329,12.9662,13.0324,114.3538,185.843,47.2188,300.1968,0
U033,Azul celeste - Paquita la del barrio,67.8672,153.8709,33.5965,8.7426,140.7026,429.2601,167.8279,288.5574,0
U084,Why why why - Shawn Mendes,59.2101,154.9859,89.3535,136.0009,37.9482,501.4307,0.6292,463.4825,0
U013,Rolling in the deep - Adele,52.7759,569.873,208.4777,172.2196,112.479,288.5242,637.7179,176.0453,0
U104,Euphoria - Jung Kook,11.5495,303.2187,148.2306,124.2283,132.902,64.4224,286.3944,68.4796,0
U100,El chofer - Vicente Fernandez,52.9165,7.385,54.8643,64.536,42.87,109.1354,125.8736,66.2653,0
U001,First love late spring - Mitski,48.7455,39.1415,6.7026,17.3459,32.7009,68.6666,100.0417,101.3675,1
U069,San lucas - Kevin Kaarl,84.5936,292.3755,115.7124,148.6951,142.0292,249.2826,211.4227,107.2534,0
U070,La mujer que bota fuego - Manuel Medrano,56.7316,23.7375,6.4622,10.9442,2.0936,94.9113,82.7269,97.0048,1
U011,Fecha de caducidad - Melendi,84.5936,516.3447,59.9369,80.8043,27.0105,64.7015,604.7317,37.691,0
U054,Young and beautiful - Lana del rey ,53.6847,312.9671,54.8943,65.3873,14.3174,134.9961,279.1882,120.6787,0
U119,I bet on losing dogs - Mitski,83.4503,364.7746,27.9443,18.0096,47.4175,100.9948,443.9799,53.5772,0
U016,Nobody - Mitski,62.3968,17.9558,104.8302,91.3311,66.2913,133.4218,108.432,67.1305,0
U081,Dont stop the music - Rihanna,70.4339,229.0532,16.5233,22.665,50.4285,412.2717,202.2994,462.7002,0
U105,Cinnamon girl - Lana del rey,72.4532,73.0395,22.8774,18.6521,73.2615,28.4797,118.0832,44.7818,1
U095,Why why why - Shawn Mendes,55.411,368.1254,27.3566,13.575,34.5811,13.987,422.4964,48.5681,1
U073,Send my love - Adele,68.0298,349.2329,197.2851,165.5758,145.0725,175.019,504.0938,29.9465,0
U073,I am - Milo J,68.0298,568.2485,15.8695,17.0073,7.4972,78.9256,723.1094,86.4229,0
U055,Estos celos - Vicente Fernandez,59.0821,124.1879,15.171,13.4329,50.3908,54.6852,26.1486,105.076,1
U080,Say yes to heaven - Lana del rey,4.9721,410.8673,141.6121,62.8938,43.074,72.2176,377.282,29.1436,0
U053,Send my love - Adele,71.6221,35.6481,52.855,15.6405,86.065,56.8028,81.8091,29.2622,1
U001,Bad - Michael Jackson,48.7455,558.2153,169.6216,156.3333,103.2707,278.3066,619.1155,175.036,0
U043,Si supieras - Kevin Kaarl,68.1244,68.5569,36.9995,31.1656,5.7162,1.5097,213.8383,4.2065,1
U115,Back to black - Amy Winehouse,45.7349,462.4981,98.2762,106.9683,65.9991,106.5118,568.8823,40.5126,0
U026,Me arrepiento - Alex Ubago,60.9706,20.8915,24.0862,37.1981,80.803,13.7982,96.6324,67.0048,1
U117,Rincon - Milo J,51.2882,405.6819,117.9832,122.7834,74.1433,114.9075,432.8543,40.7642,0
U094,Me arrepiento - Alex Ubago,60.8547,66.71,5.9844,8.1145,10.7395,61.9613,168.3139,72.7008,1
U104,Chicago - Michael Jackson,33.0441,239.6922,71.5202,49.3912,41.8711,3.3341,267.4615,38.5371,1
U035,La distancia - Manuel Medrano,71.2139,336.1693,7.9608,2.8943,10.2756,15.943,446.1156,26.2186,1
U098,Rincon - Milo J,84.5936,169.7278,95.4678,87.0496,3.5986,89.6183,81.7631,86.0197,0
U011,Tres veces te engañe - Paquita la del barrio,84.5936,479.011,43.8802,9.6594,42.5499,250.9625,567.398,208.4126,0
U066,Hombres malvados - Paquita la del barrio,79.5647,209.4117,22.8921,38.5684,39.5522,357.2731,170.8806,396.8252,0
U059,Pobre pistolita - Paquita la del barrio,63.4427,76.2719,10.7671,24.7631,96.0984,13.8812,137.5469,109.9797,1
U070,Rie y llora - Celia Cruz,26.929,623.3968,136.8614,109.3175,89.7608,41.2054,700.0586,48.5554,0
U112,Rata de dos patas - Paquita la del barrio,63.9171,592.6947,153.6359,160.5142,115.5293,120.3755,747.0904,4.8463,0
U022,Bitch better have my money - Rihanna,16.3323,598.3104,232.1816,259.7244,191.3248,240.9172,635.6606,49.5925,0
U041,Quiero + - Greeicy,84.5936,311.3922,19.7198,9.7658,59.9996,261.1665,378.598,321.1661,0
U007,Las de la intruicion - Shakira,68.0895,517.9819,145.493,139.8617,100.8422,267.7902,685.0103,166.948,0
U073,West coast - Lana del rey,65.2196,382.1475,82.5668,59.1212,27.1697,167.3279,534.1982,194.4976,0
U035,Si supieras - Kevin Kaarl,71.2139,24.7289,13.3126,24.2459,9.7838,22.4594,134.6752,12.6756,1
U095,Too little too late - Laufey,43.4836,284.2285,43.0092,49.6851,35.4406,36.7566,326.6722,72.1971,1
U120,Remember the time  Michael Jackson,57.3892,196.7416,100.488,175.0744,33.0583,369.9065,55.055,402.9648,0
U069,Aca entre nos - Vicente Fernandez,84.5936,355.2794,56.972,92.7926,89.1633,156.557,436.2322,67.3938,0
U060,I am - Milo J,35.7812,196.2252,111.4244,142.8935,124.0315,435.6807,122.3393,311.6493,0
U032,La ley del monte - Vicente Fernandez,75.3734,260.7309,39.6166,50.5782,100.8431,157.895,336.1043,258.7381,0
U044,Stitches - Shawn Mendes,84.5936,173.1748,8.8935,25.0501,15.8119,20.2743,274.8152,36.0863,1
U078,Cola - Lana del rey,40.6336,257.867,25.1782,52.1064,63.7441,225.5553,213.9551,289.2994,0
U041,Por si acaso no regreso - Celia Cruz,43.1315,293.3098,35.0491,2.2816,84.0019,75.9223,319.0534,159.9242,0
U066,Retirada - Milo J,76.0746,164.1366,45.3786,98.4839,59.0126,249.2766,129.0956,190.264,0
U047,Why why why - Shawn Mendes,84.5936,338.8251,9.8101,70.6463,63.3398,15.5497,422.3908,47.79,1
U088,Si supieras - Kevin Kaarl,62.9902,26.6306,9.819,12.5075,10.3704,0.6896,113.55,11.06,1
U083,Que pides tu - Alex Ubago,84.5936,151.9065,55.9977,52.1482,29.1911,32.4257,57.8348,3.2346,1
U044,First love late spring - Mitski,84.5936,37.2121,65.8587,78.08,65.1568,47.7189,138.8525,17.4379,0
U012,Azul celeste - Paquita la del barrio,32.7597,171.2509,1.859,14.8131,118.1253,60.8655,274.3007,57.2599,1
U009,Hello - Adele,79.0846,296.4238,18.3482,70.9431,112.3861,85.386,362.2507,27.0001,0
U063,Nobody - Mitski,41.9008,286.4316,19.5426,18.981,8.2743,117.1835,367.2781,125.4578,1
U042,San lucas - Kevin Kaarl,84.0393,489.5154,193.0292,225.2918,70.4399,387.3413,624.4263,316.9014,0
U084,Back to black - Amy Winehouse,54.5157,87.2919,75.4903,77.7858,12.5038,546.2093,71.7592,558.7131,0
U040,Te busco audio - Celia Cruz,42.4719,578.6959,113.1918,92.0057,49.1731,217.5811,642.7735,168.4081,0
U054,I'll change for you - Mitski,28.6503,319.5497,12.4744,33.0243,27.9395,55.0807,328.2942,27.1413,1
U118,Euphoria - Jung Kook,7.5003,494.4411,215.9369,163.8878,181.9587,215.1848,595.2055,33.2262,0
U003,Someone like you - Adele,64.8875,269.9575,23.0699,12.6579,34.7354,70.025,326.1928,104.7604,1
U026,Quiero + - Greeicy,60.9706,515.8794,72.6765,75.0446,11.9665,94.5357,591.6203,82.5692,0
U069,A veces a besos - Greeicy,72.6662,48.7659,19.49,69.7876,31.707,98.6434,117.7914,66.9364,1
U090,Back to black - Amy Winehouse,50.0589,9.6239,93.6686,74.0374,11.2632,146.4257,61.3253,135.1626,0
U011,Young and beautiful - Lana del rey ,53.6847,116.1721,8.4356,4.4965,70.0778,80.5635,58.694,150.6413,1
U033,Only girl - Rihanna,60.2803,255.6674,89.8918,80.983,30.9542,311.1584,234.1234,342.1125,0
U090,Say yes to heaven - Lana del rey,38.2274,162.459,31.49,88.6583,8.7508,48.061,79.6783,56.8117,1
U063,Send my love - Adele,39.202,30.4403,64.63,49.633,21.1943,117.1835,113.9857,95.9892,0
U086,Ultraviolence - Lana del rey,84.5936,208.9033,6.3271,12.4523,19.1722,43.9627,294.7263,24.7905,1
U094,I am - Milo J,58.1559,525.8437,27.5286,42.6993,4.6013,27.9537,624.7488,23.3525,1
U016,Beso - Josean Log,62.3968,108.443,13.5601,15.5285,57.6084,6.7159,17.9669,50.8925,1
U040,Me arrepiento - Alex Ubago,44.7784,59.1055,23.6471,26.217,18.8177,57.6682,125.4896,76.486,1
U070,Tears dry on their own - Amy Winehouse,15.2695,444.7467,126.7431,139.3394,56.9076,82.6617,509.749,25.7541,0
U084,Soltera - Shakira,59.2101,109.3373,31.82,34.8685,20.1288,460.985,45.0194,481.1139,0
U110,Easy on me - Adele,77.6194,553.0677,127.5358,123.6074,52.8921,126.976,649.5816,74.0839,0
U114,Bajo el agua - Manuel Medrano,78.989,470.9062,200.7018,176.8714,61.6756,565.9507,550.2867,504.275,0
U017,Loba - Shakira,39.6554,472.9778,133.34,142.5009,123.0824,71.2578,513.7429,51.8245,0
U020,Retirada - Milo J,77.9905,104.7741,17.177,33.7527,99.3223,12.1867,39.1399,87.1356,1
U043,Te quiero tanto - Kevin Kaarl,68.1244,446.284,41.3229,3.9914,4.205,44.7227,591.5654,48.9277,1
U013,A veces a besos - Greeicy,40.8485,213.8661,99.3476,68.5661,85.4422,180.5778,269.7837,95.1357,0
U084,Summertime sadness - Lana del rey,58.4501,240.127,68.6578,89.223,29.1026,516.9643,85.0103,487.8617,0
U049,Rolling in the deep - Adele,53.9884,607.9222,255.8227,242.7782,138.5705,277.6098,693.8843,139.0393,0
U079,Soltera - Shakira,45.9075,431.1235,181.1086,166.51,138.9979,10.4824,486.0989,128.5156,0
U109,La mujer que bota fuego - Manuel Medrano,65.0651,38.4121,20.9026,18.3828,10.4141,96.5399,79.0209,106.9539,1
U005,Para siempre - Vicente Fernandez,28.6144,196.7535,7.9619,1.8481,70.7786,46.9168,176.5526,117.6954,1
U086,Pobre pistolita - Paquita la del barrio,84.5936,123.5611,62.3181,80.5869,39.5074,1.1955,209.3841,40.703,0
U001,Milagrosa - Milo J,37.2636,564.5278,19.5457,25.4797,36.5947,35.9005,613.946,72.4952,1
U033,I bet on losing dogs - Mitski,66.7239,224.4665,57.4006,32.2241,114.9921,472.5134,209.3662,357.5212,0
U011,Back to black - Amy Winehouse,79.8992,363.5096,11.1594,2.2497,65.0239,68.736,447.2022,133.7599,1
U029,Amor viejo - Kevin Kaarl,82.3671,80.0876,119.9082,117.1107,45.204,144.9173,0.0144,99.7133,0
U040,I am - Milo J,42.0796,518.2392,2.1029,8.3678,12.6795,32.2468,581.9245,19.5673,1
U054,You know i'm no good - Amy Winehouse,27.2403,61.6639,48.1861,63.6763,3.8524,121.1572,54.3294,117.3048,0
U025,Sin remitente - Melendi,67.5389,46.3573,10.0319,22.1468,33.2653,36.062,116.7798,2.7967,1
U041,La negra tiene tumbao - Celia Cruz,31.422,252.3163,2.8065,13.1194,106.7012,278.8683,266.3504,385.5696,0
U090,No me culpes por sentir - Kevin Kaarl,54.7533,594.2503,200.7554,174.4263,134.9851,259.2104,660.5051,124.2254,0
U066,Valentine - Laufey,79.5647,180.8022,37.3799,70.9529,0.6712,339.1574,219.3333,339.8286,0
U008,Fecha de caducidad - Melendi,23.3973,395.1427,8.458,28.4987,3.07,116.5586,399.1687,113.4886,1
U032,Doma - Josean log,75.3734,215.3728,41.378,15.5186,68.3911,258.3278,290.7462,189.9366,0
U090,Que pides tu - Alex Ubago,54.7533,520.624,182.3116,166.6595,85.653,230.5014,586.8788,144.8485,0
U041,Caminando por la vida - Melendi,84.5936,154.2097,75.5385,76.5969,38.616,361.1885,221.4155,399.8045,0
U083,Pierdeme el respeto - Paquita la del barrio,84.5936,105.9595,36.1746,16.4065,93.2401,41.7654,200.0312,135.0055,1
U034,Doma - Josean log,54.3008,349.0274,27.2379,55.7036,50.3423,118.2913,434.1259,67.9488,0
U025,Cinnamon girl - Lana del rey,57.3778,420.4043,165.7121,140.6849,130.5056,262.2045,573.3803,131.6989,0
U002,Soltera - Shakira,56.0671,240.9848,59.8256,48.0786,124.14,209.9801,282.2701,334.1202,0
U057,Love on the brain - Rihanna,56.6341,5.2194,20.4285,39.4253,9.9921,147.3276,7.834,157.3197,1
U021,Tu jardin con enanitos - Melendi,53.3478,206.0476,83.3181,77.1267,30.1657,301.4292,113.3333,271.2635,0
U068,Es que yo te quiero a ti - Kevin Kaarl,36.1812,412.1601,25.3455,54.3554,76.9788,59.4782,436.5497,136.457,0
U001,Me arrepiento - Alex Ubago,48.7455,26.1088,7.9384,25.4797,1.2316,26.4866,87.009,25.255,1
U022,Say yes to heaven - Lana del rey,25.3095,598.3104,199.9811,123.1888,102.5043,316.4569,644.6379,213.9527,0
U038,Mercy - Shawn Mendes,60.5,301.8217,37.7363,70.3373,29.5752,10.4615,363.4079,40.0367,1
U040,Somedoy - Jung Kook,28.7244,191.9628,147.9073,157.6133,61.8858,196.5708,242.2929,134.6851,0
U022,Sangre para derramar - Milo J,41.0754,286.3056,27.0572,3.9777,11.196,21.6951,348.399,32.8912,1
U069,Los besos - Greeicy,58.0341,241.1046,14.9642,37.6352,19.2695,143.9537,295.498,124.6841,0
U080,Los consejos - Greeicy,11.5538,77.0867,55.9216,66.0775,5.3224,139.8583,94.1461,145.1808,0
U075,Retirada - Milo J,64.2071,257.88,119.0565,174.4,82.1347,6.7934,376.7878,88.9281,0
U057,Combustion - Josean Log,56.6341,96.8581,101.7375,87.2466,119.7673,286.5642,94.2435,166.7969,0
U093,La promesa - Melendi,79.6162,127.0249,174.1269,181.7651,71.4753,90.2017,100.0254,18.7264,0
U003,Alguien como tu - Josean Log,81.888,217.646,116.2042,94.4772,102.6768,266.458,144.4102,163.7812,0
U054,West coast - Lana del rey,79.0846,54.1634,107.4529,139.4789,160.8923,30.3854,113.3422,130.5069,0
U098,El chofer - Vicente Fernandez,76.5838,104.0813,24.4148,13.2915,40.5645,2.0071,24.1264,38.5574,1
U113,Taco placero - Paquita la del barrio,59.4279,19.838,4.2642,17.644,6.815,42.1822,39.1196,35.3672,1
U025,Nobody - Mitski,67.5389,87.1762,115.4157,104.3043,127.9787,216.0123,250.3134,88.0336,0
U087,Top of the world - Shawn Mendes,45.6068,359.1072,158.6237,137.5313,128.1718,256.9617,410.2553,128.7899,0
U039,Waka waka - Shakira,35.3002,221.9572,6.1637,78.4983,4.6872,49.7404,180.149,54.4275,1
U076,Sangre para derramar - Milo J,51.4389,298.122,2.1517,47.4672,6.2895,39.9286,407.2295,33.6391,1
U044,Mujeres divinas - Vicente Fernandez,84.5936,60.7567,60.2607,81.9034,16.5574,99.5615,162.3971,83.0041,0
U010,No me culpes por sentir - Kevin Kaarl,41.8107,173.5206,25.0078,41.5336,7.6579,26.4608,116.5788,18.803,1
U045,La luna - Josean Log,68.532,149.7366,140.2305,139.8383,111.264,252.8077,141.9852,141.5438,0
U040,Rincon - Milo J,44.7784,75.9071,10.8862,21.1004,1.3952,13.9184,9.523,15.3137,1
U079,Just friends - Amy Winehouse,42.0182,512.4198,145.5564,118.6344,136.4268,72.7305,563.5059,209.1573,0
U087,Alguien como tu - Josean Log,45.6068,380.6977,212.8583,182.3823,174.4677,375.698,431.8458,201.2303,0
U062,Man down - Rihanna,29.3311,72.4189,83.5315,87.7276,92.659,159.451,32.5399,66.792,0
U035,Easy on me - Adele,71.2139,582.141,149.4123,132.1365,100.9988,231.038,692.0873,130.0392,0
U111,Rincon - Milo J,61.0367,453.5375,172.1527,159.5432,27.0405,242.5871,612.5303,215.5466,0
U004,Si supieras - Kevin Kaarl,67.138,63.3953,6.0343,15.9425,17.3063,30.1542,202.2092,12.8479,1
U060,Addicted to you - Shakira,82.1825,85.3008,120.4886,106.2268,88.701,135.5439,106.5488,224.2449,0
U076,Sin miedo a nada - Alex Ubago,52.1989,204.5651,50.9047,7.4413,19.4907,76.7678,314.4326,57.2772,1
U039,Colapso - Kevin Kaarl,66.2091,448.5714,220.8631,231.2654,136.8697,384.3911,459.4706,247.5215,0
U016,La luna - Josean Log,62.3968,237.9245,20.1564,32.784,53.7474,18.9033,328.4006,34.844,1
U008,Gitana - Shakira,10.5714,39.1358,72.9133,60.234,118.2633,95.6721,30.3359,213.9354,0
U089,Alguien como tu - Josean Log,78.3497,224.7665,111.9333,139.0552,172.3302,256.7603,159.317,84.4302,0
U109,Como hacer para olvidarte - Manuel Medrano,62.3663,316.7338,26.0825,1.6793,9.6519,108.959,431.468,118.6109,1
U043,A gritos de esperanza - Alex Ubago,67.7455,1.5536,69.8132,57.5711,24.3463,10.2626,146.4561,14.0837,1
U033,Si pudiera - Manuel Medrano,67.8672,164.7042,155.0888,147.1479,138.2077,567.991,150.7472,429.7833,0
U052,Gitana - Shakira,54.0502,257.1218,98.3039,102.5611,115.3799,137.3414,387.8172,21.9615,0
U102,Tres veces te engañe - Paquita la del barrio,84.5936,241.1767,2.9186,52.8436,63.0868,6.8004,297.5875,69.8872,1
U114,Waka waka - Shakira,48.0801,188.0695,8.8349,62.6667,59.67,94.729,77.7801,154.399,1
U005,Love is a losing game - Amy Winehouse,53.6622,301.3736,65.2991,62.3591,98.0309,71.1791,363.4492,26.8517,0
U088,Sabes - Alex Ubago,62.9902,304.387,15.4528,30.7334,23.8889,14.1828,391.3064,38.0717,1
U118,Tierra - Josean Log,52.0939,150.1624,37.6136,49.1631,14.3957,14.2283,4.8044,0.1674,1
U079,Los consejos - Greeicy,45.9075,73.9592,113.9264,112.1555,96.1337,92.3311,128.9346,188.4649,0
U063,Quiero + - Greeicy,41.9008,224.4295,1.5213,13.8774,29.7497,61.4878,143.5829,91.2375,1
U075,Bitch better have my money - Rihanna,42.1941,212.2571,15.6519,7.9708,86.8274,18.0815,71.3362,104.9089,1
U028,Colapso - Kevin Kaarl,54.5809,95.3326,1.806,22.4933,1.3045,38.6256,17.0462,37.3211,1
U030,I'll change for you - Mitski,28.6503,361.074,29.4797,26.9625,90.3282,21.165,381.988,69.1631,1
U104,Dame tu aire - Alex Ubago,33.0441,232.4929,29.988,25.2976,20.7001,149.4337,204.7236,128.7336,1
U105,Yo vivire (I will survive) - Celia Cruz,75.0274,294.1036,24.0963,63.4899,66.9985,9.887,341.7214,76.8856,1
U021,Alguien como tu - Josean Log,53.3478,360.3845,132.5456,105.1163,96.9372,363.1004,453.0988,266.1632,0
U101,Beat it - Michael Jackson,58.0326,531.0398,184.08,219.522,32.8841,353.2454,593.7696,386.1294,0
U014,Si supieras - Kevin Kaarl,84.5936,3.2617,104.7084,116.1895,28.6282,55.7467,92.7551,27.1185,0
U021,Te busco audio - Celia Cruz,51.0413,193.5315,35.3145,47.8278,5.7791,170.7841,98.5107,165.005,0
U031,Amor viejo - Kevin Kaarl,76.1597,114.7456,53.3291,93.9342,11.9357,51.1054,296.5992,63.0411,0
U037,Caminando por la vida - Melendi,62.7244,376.2511,38.7709,16.0152,35.5049,35.7625,463.6934,71.2674,1
U062,Vamonos a marte - Kevin Kaarl,23.4616,249.2926,22.6306,26.0649,2.6298,68.6372,236.3788,71.267,1
U050,Love in the dark - Adele,84.5936,298.2786,39.0911,35.3465,5.813,57.0236,382.6498,51.2106,1
U022,Summertime sadness - Lana del rey,41.0754,598.3104,144.635,126.3725,58.3855,151.2152,660.4038,92.8298,0
U075,Dont stop the music - Rihanna,67.3183,212.2571,47.2519,52.7606,54.8602,61.6812,96.4605,116.5414,1
U074,Tierra - Josean Log,68.8065,214.0684,18.1307,11.9041,57.2496,45.6486,117.5405,11.6009,1
U110,A gritos de esperanza - Alex Ubago,77.2405,71.3477,2.3754,6.3695,8.2604,69.8303,24.7873,61.5699,1
U119,Bored - Laufey,84.5936,116.0734,12.0454,4.8245,35.3293,3.6159,35.7248,31.7134,1
U105,MAI - Milo J,82.2354,43.2361,140.4221,177.4956,15.9257,164.5266,98.062,148.6008,0
U063,You da one - Rihanna,41.9008,109.5933,63.6914,38.4694,7.3345,135.6562,28.7468,128.3217,0
U115,There's nothing holding me back - Shawn Mendes,50.4293,22.5072,66.6562,81.4896,5.0755,125.0397,88.5715,130.1151,0
U021,Somedoy - Jung Kook,37.2938,193.2016,0.599,17.7798,6.9336,191.7944,301.9699,198.728,1
U035,Desde que estamos juntos - Melendi,71.2139,5.4995,16.6563,33.0459,5.7368,17.558,104.4468,23.2948,1
U071,First love late spring - Mitski,23.9542,75.0834,3.0025,11.847,61.4182,125.9518,60.0193,64.5336,1
U013,Te quiero tanto - Kevin Kaarl,52.7759,390.188,3.7074,40.9218,16.0691,96.8102,458.0329,112.8794,1
U116,Rata de dos patas - Paquita la del barrio,78.2254,446.2973,55.7824,69.0939,87.7059,23.3371,524.7046,111.0429,0
U004,Doma - Josean log,67.138,374.8357,29.3504,55.5057,43.4574,25.2528,513.6496,68.7103,0
U006,A gritos de esperanza - Alex Ubago,76.2453,251.6217,56.1285,92.3702,80.9522,304.0739,186.6391,223.1217,0
U037,Que pides tu - Alex Ubago,62.7244,106.2183,4.1718,13.1294,2.7215,64.5948,18.776,67.3163,1
U117,Too little too late - Laufey,39.3608,98.7117,8.445,3.7327,40.9962,13.5674,59.612,54.5635,1
U015,La promesa - Melendi,84.5936,70.4196,156.4812,181.667,199.1843,214.1276,3.5728,14.9433,0
U069,Hombres malvados - Paquita la del barrio,84.5936,110.6394,16.5675,42.9494,27.6328,130.9059,29.6866,103.273,1
U073,Diamonds - Rihanna,70.7286,622.5012,161.2446,165.5758,119.4052,105.9705,780.0609,13.4347,0
U012,Valentine - Laufey,32.7597,113.0891,1.6838,45.4466,19.0452,38.3502,10.0393,19.305,1
U097,Summertime sadness - Lana del rey,43.1437,565.2397,110.6735,101.6527,59.5359,65.1663,620.3947,124.7022,0
U029,Euphoria - Jung Kook,37.7735,267.479,89.0654,79.3474,114.2714,120.9791,302.9874,6.7078,0
U104,Sabes - Alex Ubago,33.0441,170.9344,28.9123,32.5863,34.2186,127.8184,198.7037,93.5999,1
U017,Mentira - Greeicy,7.0629,215.008,130.7505,142.5009,158.9635,25.5147,223.1806,184.4781,0
U082,Loba - Shakira,80.5192,549.9817,119.8615,96.1981,116.3899,197.3455,696.7211,80.9556,0
U016,Bajo el agua - Manuel Medrano,62.3968,117.9286,25.9082,22.8736,28.4221,102.9873,27.4525,74.5651,1
U106,Why why why - Shawn Mendes,54.3983,488.2712,88.6085,43.3938,56.4686,81.8642,564.9408,25.3956,0
U104,Para siempre - Vicente Fernandez,33.0441,179.2418,6.1435,17.2172,62.438,115.4893,151.4725,53.0514,1
U045,In a lake portuguese -  Mitski,18.072,59.3886,105.9676,127.1101,22.6295,251.0967,19.4641,228.4672,0
U059,Just friends - Amy Winehouse,59.5534,387.0474,36.0308,4.7208,37.8689,13.8812,444.4331,23.9877,1
U055,Man down - Rihanna,5.9105,241.4451,118.2216,98.9499,99.8068,154.6686,286.3127,54.8617,0
U001,Pierdeme el respeto - Paquita la del barrio,48.7455,139.3108,18.2296,26.529,24.2149,80.1573,200.211,104.3722,1
U106,Me enamore - Shakira,8.0203,442.6226,141.8756,138.8306,113.2564,129.8688,456.8736,16.6124,0
U037,Easy on me - Adele,62.7244,576.8647,166.1146,142.1242,82.1652,166.1474,664.307,83.9822,0
U065,You know i'm no good - Amy Winehouse,26.9631,52.3765,63.877,78.3186,51.2754,213.4133,20.381,264.6887,0
U043,Addicted to you - Shakira,52.5381,435.7593,241.8055,230.5629,186.3233,207.0689,460.3782,20.7456,0
U095,La luna - Josean Log,55.411,118.943,23.6579,5.4498,102.9152,82.6424,173.314,20.2727,1
U111,Cola - Lana del rey,17.0767,219.8941,17.5895,0.6997,116.9743,78.3079,16.9412,38.6664,1
U073,I bet on losing dogs - Mitski,69.5853,616.3329,107.3955,116.6351,23.0363,62.7172,772.7493,39.681,0
U056,Los consejos - Greeicy,15.0001,38.9529,63.05,90.9451,68.6775,91.3846,30.4796,22.707,0
U054,Where have you been - Rihanna,84.5936,319.5497,29.4014,9.502,15.6663,20.6533,384.2375,4.987,1
U061,Sabes - Alex Ubago,57.6365,317.2557,11.1525,7.0959,34.4225,23.5778,407.8028,58.0003,1
U101,Dead women - Mitski,47.4338,512.2112,8.469,24.7162,82.8435,100.2889,564.3422,183.1324,0
U093,Hello - Adele,74.1072,171.7305,7.1964,30.546,48.5321,128.6367,193.221,80.1046,1
U067,Desde que estamos juntos - Melendi,67.7894,18.2316,7.0407,26.8042,1.4725,61.6571,161.4865,60.1846,1
U062,Bad - Michael Jackson,23.8405,417.8265,147.3663,157.2979,64.8444,282.0198,431.1192,217.1755,0
U028,Como hacer para olvidarte - Manuel Medrano,51.8821,308.096,25.8466,11.2397,20.9523,0.8913,417.7759,21.8436,1
U064,Un violinista en tu tejado - Melendi,56.9236,3.8634,20.6301,19.4326,10.146,89.0211,155.1136,99.1671,1
U016,Quedate - Manuel Medrano,62.3968,27.0034,11.8861,8.6128,76.4823,54.1506,63.4727,22.3317,1
U008,Que me perdone tu perro - Paquita la del barrio,23.3973,395.1427,14.6183,9.8083,39.949,124.5812,399.1687,84.6322,1
U016,My love mine all mine - Mitski,20.3156,356.2523,63.2306,34.1658,28.5489,11.5722,404.6472,16.9767,1
U074,Someone like you - Adele,51.806,492.7654,114.7084,64.729,72.9164,140.4169,572.2928,67.5004,0
U110,Si hay algo - Josean Log,77.6194,93.8705,20.2258,18.7886,9.1827,105.2817,190.3844,96.0991,1
U036,Diamonds - Rihanna,61.8251,180.3348,41.1033,10.7511,35.4609,131.7599,176.1532,96.299,1
U082,Pierdeme el respeto - Paquita la del barrio,80.5192,174.2581,2.9404,1.6901,47.1299,43.639,320.9975,90.7689,1
U086,Billie Jean - Michael Jackson,84.5936,483.83,8.9692,46.1447,55.0046,151.5892,569.653,96.5847,0
U085,Caminando por la vida - Melendi,80.9332,407.8692,20.4803,2.412,3.0981,5.4655,594.8416,8.5636,1
U021,When we were young - Adele,53.3478,121.3969,24.9153,49.8815,17.8708,148.1947,28.6826,166.0655,1
U088,Soltera - Shakira,62.9902,453.253,123.2764,124.1607,83.4157,147.826,540.1724,64.4102,0
U047,La vida es un carnaval - Celia Cruz,65.6669,423.9662,34.1522,8.284,25.0693,20.0521,488.6052,45.1215,1
U021,Beso - Josean Log,53.3478,468.3309,101.3453,72.0728,83.4247,306.8051,561.0452,223.3804,0
U091,Para siempre - Vicente Fernandez,50.3965,7.985,49.994,54.7409,42.2683,55.123,87.6845,97.3912,1
U034,Top of the world - Shawn Mendes,54.3008,43.845,44.9072,54.3534,6.7188,28.7002,128.9435,35.4189,1
U051,Aca entre nos - Vicente Fernandez,69.1707,193.6511,83.5306,100.1779,69.4553,449.998,204.0536,380.5428,0
U038,Chachacha - Josean log,60.5,67.2781,2.2349,1.32,29.5752,29.6729,5.6919,0.0976,1
U052,Sin remitente - Melendi,66.8761,74.697,23.0254,25.6109,7.3798,32.9444,68.8243,40.3242,1
U030,Only girl - Rihanna,77.0067,361.074,47.6629,37.3039,27.1287,60.2746,430.3443,87.4034,0
U061,Stitches - Shawn Mendes,57.6365,207.4878,82.8297,91.8473,0.699,78.066,298.0349,78.7649,0
U010,Hate you - Jung Kook,25.7567,135.1225,127.3569,143.5944,81.139,131.1025,176.0103,49.9635,0
U117,Doma - Josean log,51.2882,21.778,76.3434,62.9654,125.4983,74.4159,5.3944,51.0825,0
U022,San lucas - Kevin Kaarl,41.8354,98.8379,52.1186,47.465,6.5311,39.4189,35.9845,32.8879,1
U013,Mentira - Greeicy,20.1834,262.4098,134.3208,121.0111,129.5429,159.5393,297.6622,29.9965,0
U023,Si pudiera - Manuel Medrano,84.5936,398.0765,147.5544,138.2119,84.297,218.946,483.1362,134.649,0
U012,La distancia - Manuel Medrano,32.7597,7.6843,68.8087,100.8624,107.3203,160.7198,110.7341,53.3995,0
U050,From the start - Laufey,18.6661,122.7846,20.195,33.5545,41.97,43.4374,141.6732,1.4674,1
U096,In my blood - Shawn Mendes,55.786,169.4091,54.8383,76.9634,115.5124,459.1123,102.9842,343.5999,0
U048,When we were young - Adele,84.5936,292.0729,6.3179,26.2628,13.5599,55.2279,372.3575,41.6681,1
U112,Lo hecho esta hecho - Shakira,30.1859,623.8956,248.5232,233.6865,171.3395,260.2316,744.5601,88.8921,0
U086,Back to black - Amy Winehouse,79.8992,330.9949,23.6383,46.1447,89.406,0.8159,412.1235,90.2219,1
U085,Desde que estamos juntos - Melendi,80.9332,20.8423,18.2446,41.4854,63.1734,6.1046,207.8147,57.0688,1
U104,Alguien como tu - Josean Log,33.0441,122.1545,36.5277,20.9984,70.6986,175.3582,94.3852,104.6597,0
U001,You know i'm no good - Amy Winehouse,8.6078,183.3142,96.4815,91.8666,129.7428,92.0533,186.8611,37.6895,0
U068,Si supieras - Kevin Kaarl,36.1812,138.9395,39.542,62.3961,19.4923,18.9414,114.5499,38.4338,1
U106,Only girl - Rihanna,46.8114,573.4123,224.758,204.9845,161.5519,186.6131,642.4949,25.0613,0
U044,The girl is mine - Michael Jackson,84.5936,33.9256,16.153,49.3782,8.0957,2.9014,135.566,10.9971,1
U083,Combustion - Josean Log,84.5936,417.2583,20.4804,25.5896,73.0229,34.0608,511.33,107.0837,0
U114,Quimbara - Celia Cruz,73.8885,219.2704,28.2651,10.5155,58.264,371.4136,134.7893,429.6776,0
U017,Quedate - Manuel Medrano,39.6554,76.7802,11.6814,10.0064,43.5196,159.6622,36.0151,116.1425,1
U039,Euphoria - Jung Kook,21.6155,105.7867,5.0043,42.1177,34.869,141.7246,50.2938,176.5936,1
U008,Que le den candela - Celia Cruz,35.3824,351.7116,74.6599,51.7278,63.1619,71.2597,296.9579,134.4216,0
U004,Beat it - Michael Jackson,67.138,620.8074,212.4916,243.6377,33.6118,455.5148,759.6213,489.1265,0
U017,Sabes - Alex Ubago,39.6554,242.8155,9.8201,10.4837,1.6782,120.983,283.5806,119.3047,1
U020,In my bed - Amy Winehouse,57.5392,315.8696,9.5752,5.8035,1.8599,141.6817,361.0525,143.5416,1
U086,Where have you been - Rihanna,84.5936,483.83,63.3812,16.4868,124.4436,143.006,569.653,18.5624,0
U037,Estos celos - Vicente Fernandez,62.7244,140.4884,8.5015,2.6707,56.2249,14.8066,53.0461,41.4184,1
U026,Para siempre - Vicente Fernandez,60.9706,70.5214,1.3884,9.5177,95.7097,13.6673,5.2195,109.377,1
U061,Niño - Milo J,51.3035,122.6225,16.025,19.8744,42.8531,48.7736,38.4084,5.9205,1
U028,Addicted to you - Shakira,66.0816,416.1872,247.3497,227.463,211.4806,284.1367,407.9034,72.6561,0
U033,Bitch better have my money - Rihanna,42.3641,255.6674,61.9846,99.5221,67.6558,341.7389,216.2072,409.3947,0
U104,Doma - Josean log,33.0441,204.6184,0.0376,25.2028,81.4638,146.213,232.3877,64.7492,1
U053,You know i'm no good - Amy Winehouse,16.9676,47.2646,2.5965,15.0115,70.8627,41.6601,55.7581,112.5228,1
U018,Addicted to you - Shakira,40.2652,52.1582,14.762,24.8587,110.5524,221.5912,36.5655,332.1436,0
U045,My love mine all mine - Mitski,26.4508,31.4088,97.1563,138.4565,28.9677,222.3322,65.7386,193.3645,0
U088,Washin machine - Mitski,33.5858,584.0427,93.8257,79.5811,78.3031,133.0954,574.3861,54.7923,0
U081,Que pides tu - Alex Ubago,70.8128,454.0298,134.8988,147.082,83.327,571.6947,480.4047,488.3677,0
U106,La distancia - Manuel Medrano,54.3983,327.4406,34.32,29.2096,0.7001,31.3429,404.1102,32.043,1
U013,Sin remitente - Melendi,52.7759,117.9527,16.8424,37.9906,24.88,33.0139,50.1078,57.894,1
U007,Milagrosa - Milo J,56.6076,626.211,16.2024,15.7969,42.3004,34.1865,781.7574,76.4869,0
U095,Hombres malvados - Paquita la del barrio,55.411,62.1457,54.6808,60.0411,36.8065,5.0338,7.7747,31.7726,1
U044,Una y otra vez - Manuel Medrano,84.5936,16.1562,31.2271,91.781,27.5299,27.5975,85.4842,0.0676,1
U065,When we were young - Adele,30.3902,342.6269,109.2316,124.4703,14.4049,96.4777,367.9847,110.8826,0
U014,Love on the brain - Rihanna,84.5936,338.1547,53.757,38.1698,69.0707,127.8128,434.1715,58.7421,0
U102,La luna - Josean Log,84.5936,55.8131,116.9987,114.8426,33.2253,378.3497,0.5977,345.1245,0
U053,Aca entre nos - Vicente Fernandez,74.3209,284.4556,38.972,57.9109,14.7489,33.4972,333.3154,48.2462,1
U004,Tears dry on their own - Amy Winehouse,25.6759,435.8448,104.4382,125.0944,74.3937,143.6969,533.1966,69.3032,0
U003,Tierra - Josean Log,81.888,436.8763,109.7692,63.9752,95.4306,256.0905,363.6405,160.6599,0
U079,Easy on me - Adele,45.9075,561.9132,210.7381,186.2242,136.4268,71.9246,616.8886,64.5022,0
U102,Quedate - Manuel Medrano,84.5936,320.741,149.0412,156.2394,55.9602,413.597,264.3302,357.6368,0
U026,Yo vivire (I will survive) - Celia Cruz,53.3837,559.3105,94.0205,71.691,29.7058,158.0569,627.4644,128.351,0
U014,Standing next to you - Jung Kook,84.5936,510.7193,62.7127,34.1586,78.4685,185.2309,606.7361,106.7624,0
U056,Someone like you - Adele,2.0004,363.86,123.1617,109.1285,105.1693,209.4481,355.3328,104.2788,0
U052,Top of the world - Shawn Mendes,66.8761,61.9746,34.1864,36.8451,3.7827,135.198,205.4959,138.9807,1
U086,Mercy - Shawn Mendes,84.5936,283.2164,42.3668,44.4728,37.9993,19.8307,369.0394,18.1686,1
U053,La mujer que bota fuego - Manuel Medrano,74.3209,319.4978,123.3306,136.4629,28.5439,169.6139,270.638,141.0699,0
U098,Pierdeme el respeto - Paquita la del barrio,84.5936,78.4868,56.5389,29.9243,46.4676,7.8022,166.4515,54.2698,1
U036,Mercy - Shawn Mendes,61.8251,4.7538,88.6748,48.1884,91.9215,142.5391,0.5722,50.6176,0
U015,Tu jardin con enanitos - Melendi,84.5936,283.5368,132.7104,161.4442,144.8505,246.4153,350.3836,101.5648,0
U006,La negra tiene tumbao - Celia Cruz,23.4526,270.2867,24.784,25.0248,1.6252,226.8573,282.4765,228.4826,0
U007,Yo vivire (I will survive) - Celia Cruz,60.5026,626.211,113.5116,93.0922,117.4461,200.0557,785.6524,82.6095,0
U002,Cola - Lana del rey,12.1071,371.7745,98.1487,49.9991,164.96,81.6145,369.0997,246.5745,0
U062,In my bed - Amy Winehouse,0.1009,374.6456,82.5209,79.4157,99.3506,108.082,363.9969,8.7314,0
U013,Alguien como tu - Josean Log,52.7759,2.8716,13.8652,20.3856,67.5788,16.5312,64.9733,84.1101,1
U014,In a lake portuguese -  Mitski,2.0104,428.9521,45.8981,59.8003,27.3813,43.9744,438.3648,71.3557,0
U051,Stitches - Shawn Mendes,69.1707,146.2791,79.9688,78.7693,94.8165,454.103,135.8766,359.2866,0
U001,Sabes - Alex Ubago,48.7455,284.8721,8.0094,28.5674,14.5443,41.623,345.7723,27.0787,1
U024,The girl is mine - Michael Jackson,74.3637,324.2879,137.8458,124.6019,106.5491,228.6602,460.8403,122.1111,0
U039,Stronger than me - Amy Winehouse,17.0767,253.1581,35.8935,40.186,17.0531,195.2975,193.1263,178.2445,0
U086,Que le den candela - Celia Cruz,25.8139,440.3989,6.2139,44.4728,63.6035,48.5175,467.4422,15.086,1
U034,Colapso - Kevin Kaarl,54.3008,106.7304,40.4279,34.4186,7.7152,150.3224,21.6318,142.6071,1
U023,La promesa - Melendi,84.5936,128.7708,102.0777,106.0787,93.4883,113.6407,213.8305,20.1524,0
U074,There's nothing holding me back - Shawn Mendes,68.8065,59.9339,46.4886,32.5041,0.5892,58.4705,36.5941,57.8812,1
U061,First love late spring - Mitski,57.6365,71.5251,25.8645,38.8174,81.6677,50.6214,162.0722,132.2891,1
U038,Easy on me - Adele,60.5,502.4353,129.7646,131.2969,26.8854,136.4814,564.0215,109.596,0
U094,Beso - Josean Log,60.8547,75.562,17.5295,33.4292,20.3943,85.8532,26.0419,106.2475,1
U082,Stitches - Shawn Mendes,80.5192,210.0515,48.3786,42.1567,25.3528,59.5929,356.7909,34.24,1
U090,I am - Milo J,52.0545,83.1737,210.2007,217.5113,118.1173,299.896,14.2201,181.7789,0
U110,Tierra - Josean Log,77.6194,238.9072,42.0033,8.911,81.0752,105.2817,142.3933,24.2065,1
U049,Summertime sadness - Lana del rey,53.2284,607.9222,142.9866,139.1247,53.0659,130.8205,693.1243,77.7546,0
U087,Waka waka - Shakira,14.6979,160.846,29.2594,73.5362,10.4233,55.5476,78.789,65.9709,1
U012,A veces a besos - Greeicy,20.8323,117.7195,9.8815,39.9003,15.7616,24.2034,232.6966,39.965,1
U049,La distancia - Manuel Medrano,53.9884,361.9505,68.0024,78.1626,11.5482,33.147,447.9126,44.6952,0
U119,Es que yo te quiero a ti - Kevin Kaarl,84.5936,389.663,78.1668,93.8883,99.7501,110.5426,470.0116,10.7926,0
U091,Stronger than me - Amy Winehouse,1.2641,621.8469,173.4789,163.6837,101.1496,181.4618,668.3839,80.3121,0
U056,Doma - Josean log,15.0001,203.0294,20.4529,48.1946,43.0081,42.1603,211.5027,85.1685,1
U057,Smooth criminal - Michael Jackson,56.6341,204.4638,4.324,43.6042,110.7739,15.1341,201.8492,95.6398,1
U098,I am - Milo J,81.8948,424.4185,104.2511,116.5178,14.8829,135.7835,509.6844,120.9007,0
U109,Si pudiera - Manuel Medrano,65.0651,524.0715,9.5104,6.6217,20.2288,77.9026,641.5045,57.6738,1
U013,Para siempre - Vicente Fernandez,52.7759,59.9589,16.519,17.83,59.3182,76.4001,7.886,135.7184,1
U106,In my blood - Shawn Mendes,54.3983,517.8915,86.9294,71.6096,34.1788,124.815,594.5611,90.6361,0
U086,Euphoria - Jung Kook,40.0,336.4586,58.4457,1.3069,156.847,143.006,377.688,13.8409,0
U038,I am - Milo J,57.8012,423.15,60.0673,74.8085,85.0226,163.6554,482.0374,78.6329,0
U107,Desde que estamos juntos - Melendi,72.1148,51.7904,36.7889,40.5387,3.9487,47.7276,31.5123,43.7789,1
U082,From the start - Laufey,22.7405,42.063,96.0654,75.9055,109.5205,91.568,85.5426,17.9525,0
U003,Donde nadie pueda ir - Manuel Medrano,81.888,38.5783,125.3664,101.9362,51.9249,297.7161,111.8141,245.7912,0
U117,Someone like you - Adele,34.2877,182.6086,26.3654,2.0315,22.6791,92.8719,138.4357,70.1928,1
U066,Es que yo te quiero a ti - Kevin Kaarl,79.5647,299.688,111.5817,139.6796,125.031,414.4738,338.2191,289.4429,0
U103,Loba - Shakira,75.6635,578.6072,125.2398,100.7036,136.5675,242.4988,759.8601,105.9313,0
U034,Taco placero - Paquita la del barrio,54.3008,117.6734,50.0412,76.9215,15.8118,53.4776,202.772,37.6657,1
U043,I'll change for you - Mitski,12.1811,625.969,171.5683,164.0257,71.8767,128.4903,715.3071,56.6135,0
U075,Thriller - Michael Jackson,67.6972,212.2571,85.2858,109.1703,92.1605,23.4359,96.8394,68.7246,0
U068,Why why why - Shawn Mendes,36.1812,333.3315,36.0199,26.8603,16.2168,125.6321,357.7211,109.4154,0
U094,A gritos de esperanza - Alex Ubago,60.4758,19.2864,32.3921,33.4292,46.1542,75.3768,81.9386,29.2226,1
U058,Why why why - Shawn Mendes,51.3542,534.1112,96.5306,48.3875,40.2602,189.0554,635.6059,148.7952,0
U034,Una y otra vez - Manuel Medrano,54.3008,16.2445,47.6316,30.1268,42.3444,2.4633,101.343,39.881,1
U091,Niño - Milo J,44.0635,97.687,0.0477,7.8411,22.4795,29.5575,8.3505,7.0781,1
U025,Rolling in the deep - Adele,67.5389,641.4684,215.2882,188.0634,170.6243,291.5723,804.6055,120.948,0
U049,Si hay algo - Josean Log,53.9884,148.725,61.6923,70.7974,37.6514,15.9843,234.6871,21.6672,0
U031,The girl is mine - Michael Jackson,76.1597,81.0108,42.9193,20.3244,14.1064,100.2141,262.8644,86.1077,1
U112,Nobody - Mitski,63.9171,69.6034,145.0255,141.0258,124.1471,155.1539,223.9992,31.0068,0
U011,Chachacha - Josean log,84.5936,53.3687,65.3893,69.5951,13.6172,88.2238,35.0183,101.8409,0
U045,Donde nadie pueda ir - Manuel Medrano,68.532,131.9334,187.1893,197.5963,77.8856,328.1737,124.182,250.2881,0
U108,Somedoy - Jung Kook,49.734,85.9308,23.1899,6.2365,15.1438,179.5239,69.9423,164.3801,1
U042,Aunque no te pueda ver - Alex Ubago,80.5492,116.6697,171.9788,220.6573,52.9979,318.5492,21.7314,265.5512,0
U043,Tierra - Josean Log,68.1244,166.0059,30.1853,55.0296,48.4685,25.1888,20.7245,23.2797,1
U068,You know i'm no good - Amy Winehouse,21.1721,37.259,59.3151,39.812,82.1877,82.8649,4.2953,0.6773,1
U093,Que pides tu - Alex Ubago,79.6162,449.839,185.5523,181.7651,22.1432,172.2776,422.8395,150.1344,0
U058,Beso - Josean Log,51.3542,61.4387,38.9198,39.2572,31.9349,104.6134,40.056,136.5483,1
U037,Es que yo te quiero a ti - Kevin Kaarl,62.7244,570.5522,17.5862,6.2175,66.5363,1.8944,657.9945,64.6418,1
U002,Taco placero - Paquita la del barrio,56.0671,105.5512,27.1504,27.8085,4.1207,297.2042,64.2658,301.3249,0
U047,Chachacha - Josean log,84.5936,145.7472,50.1768,79.7766,64.2945,79.8161,62.1815,15.5216,0
U026,Cola - Lana del rey,17.0106,559.3105,152.8951,116.5288,80.6343,263.347,591.0913,182.7127,0
U001,Loba - Shakira,48.7455,515.0344,135.1507,124.4172,139.3049,233.8638,575.9346,94.5589,0
U076,Yes or no - Jung Kook,48.7088,143.6153,109.9948,84.4887,96.3302,64.381,249.9927,31.9493,0
U114,Tres veces te engañe - Paquita la del barrio,78.989,181.9367,34.7199,59.2148,9.3112,110.3174,102.5562,119.6286,1
U051,Tres veces te engañe - Paquita la del barrio,69.1707,205.8108,1.5475,53.8266,51.3344,140.4738,216.2133,89.1394,1
U055,Si pudiera - Manuel Medrano,59.0821,502.202,23.21,29.159,31.5852,18.3324,600.2413,13.2527,1
U015,Cola - Lana del rey,40.6336,289.8493,2.7298,44.2071,27.0174,1.4621,312.736,28.4795,1
U088,The girl is mine - Michael Jackson,62.9902,55.3699,48.9649,43.8817,14.073,91.8467,142.2893,105.9197,1
U062,Sangre para derramar - Milo J,23.0805,112.1342,45.9511,57.4134,35.3903,6.52,124.6669,28.8703,1
U048,Como hacer para olvidarte - Manuel Medrano,81.8948,84.7352,167.2267,161.4024,76.8582,312.5364,162.321,235.6783,0
U065,Quimbara - Celia Cruz,25.2897,433.5901,115.9394,130.4698,62.2353,156.8224,453.8473,219.0577,0
U023,Colapso - Kevin Kaarl,84.5936,212.6898,158.6349,157.7665,74.0641,210.4855,127.63,136.4214,0
U056,Taco placero - Paquita la del barrio,15.0001,28.3246,43.2562,69.4125,8.4776,106.974,19.8512,115.4516,1
U117,Un violinista en tu tejado - Melendi,51.2882,353.9338,119.6219,113.4658,60.0701,134.8192,381.1062,74.7491,0
U079,Pobre pistolita - Paquita la del barrio,45.9075,201.6443,98.7585,89.1505,2.4595,72.7305,256.6197,75.1899,0
U024,Para siempre - Vicente Fernandez,74.3637,425.447,179.4947,149.4135,144.5844,293.995,561.9994,149.4106,0
U035,San lucas - Kevin Kaarl,71.2139,115.0073,9.5714,20.8397,2.4841,1.8202,5.061,0.6639,1
U061,Yo vivire (I will survive) - Celia Cruz,50.0496,596.9114,129.3302,104.8809,62.7736,180.2965,679.8715,117.5228,0
U101,Tu jardin con enanitos - Melendi,58.0326,524.7273,13.601,13.1784,34.807,44.4906,587.4571,79.2976,1
U073,Never be alone - Shawn Mendes,70.7286,647.5338,64.6308,34.9799,14.0005,40.2572,805.0935,26.2567,0
U051,Sabes - Alex Ubago,69.1707,36.5112,151.646,177.7125,128.54,508.5912,26.1087,380.0512,0
U035,Amor viejo - Kevin Kaarl,71.2139,87.203,50.7771,82.1153,3.9105,37.703,197.1493,41.6135,1
U020,Rincon - Milo J,81.4806,308.0686,115.9003,103.2439,117.2629,263.3137,238.9443,146.0508,0
U047,Too little too late - Laufey,72.6662,254.9282,5.8425,7.3862,6.6819,66.2933,326.5666,72.9752,1
U063,Limonar - Greeicy,2.6928,30.4403,0.5761,0.9134,9.5269,84.7971,155.8805,94.324,1
U034,Quedate - Manuel Medrano,54.3008,4.2523,3.5733,18.4046,44.9385,138.5759,80.8462,93.6373,1
U005,Estos celos - Vicente Fernandez,28.6144,284.2747,19.9851,18.142,76.2158,48.7191,264.0738,124.935,1
U086,Young and beautiful - Lana del rey ,53.6847,148.6868,20.9145,39.3985,94.4599,12.6434,93.7727,107.1033,1
U118,Dame tu aire - Alex Ubago,52.0939,41.2705,37.7183,14.3619,28.3566,1.3287,104.0875,27.0278,1
U073,Dead women - Mitski,60.1298,628.7052,73.8228,65.6051,92.9997,15.5411,775.6661,108.5408,0
U058,Si hay algo - Josean Log,51.3542,160.0551,35.932,26.8381,33.6913,58.6856,261.5498,24.9942,1
U083,Summertime sadness - Lana del rey,83.8336,531.1765,39.4778,29.0367,3.5923,80.895,624.4882,77.3027,0
U044,Treat you better - Shawn Mendes,84.5936,409.7633,1.3446,23.4537,5.7492,12.0167,511.4038,17.7658,1
U092,Mercy - Shawn Mendes,60.5392,220.2359,7.1237,13.5615,1.1471,185.5675,273.046,186.7146,1
U044,Que le den candela - Celia Cruz,25.8139,519.1673,31.9126,10.3446,55.9655,22.9898,562.028,32.9757,1
U043,Como hacer para olvidarte - Manuel Medrano,65.4256,327.6681,20.3024,8.1398,4.205,77.9591,470.2507,73.7541,1
U098,Gitana - Shakira,71.7677,147.6969,27.9588,37.1342,121.2701,42.6078,222.8357,78.6623,1
U110,Remember the time  Michael Jackson,77.6194,521.8668,45.1332,12.2678,18.7645,93.9021,618.3807,75.1376,0
U026,Washin machine - Mitski,35.6054,559.3105,85.1213,70.0287,34.7017,120.2508,538.4754,85.5491,0
U062,Sigo aqui - Alex Ubago,23.8405,84.5272,3.2405,15.7542,1.8316,76.1659,71.2345,77.9974,1
U070,Love is a losing game - Amy Winehouse,25.545,104.7427,118.7352,122.2761,126.8918,19.2036,80.5548,107.6881,0
U096,Doma - Josean log,55.786,21.0418,105.405,101.1518,189.6954,613.6552,87.4667,423.9596,0
U067,Para siempre - Vicente Fernandez,67.7894,23.9598,13.438,13.5734,27.6898,30.9334,119.2951,3.2436,1
U077,Que pides tu - Alex Ubago,32.3816,185.0193,7.1103,5.0037,37.3617,169.3884,152.6377,206.7501,1
U071,Por si acaso no regreso - Celia Cruz,17.5079,388.7894,133.8881,93.3115,89.2861,125.4463,362.3913,36.1602,0
U005,Vamonos a marte - Kevin Kaarl,28.2355,240.3532,23.0966,46.4175,21.307,57.8887,220.5312,79.1957,1
U034,La ley del monte - Vicente Fernandez,54.3008,394.3855,108.2325,121.8004,118.8919,17.8585,479.484,136.7503,0
U053,Los besos - Greeicy,47.7614,170.2808,3.0358,2.7535,84.6427,20.8939,192.5812,105.5365,1
U024,Valentine - Laufey,74.3637,79.1866,108.2314,104.2237,34.6308,203.9641,57.3658,169.3333,0
U113,La luna - Josean Log,59.4279,123.1642,25.8362,34.7641,13.2068,92.0332,182.1217,78.8265,1
U034,You know i'm no good - Amy Winehouse,3.0525,213.7855,102.7789,118.3485,112.1014,49.4664,241.5307,161.5677,0
U008,West coast - Lana del rey,17.8883,129.7564,7.4007,17.2895,52.5566,27.8099,128.2734,24.7467,1
U022,Donde nadie pueda ir - Manuel Medrano,41.8354,281.7901,25.966,29.9618,14.5842,5.2466,344.6435,19.8307,1
U008,Sigo aqui - Alex Ubago,23.3973,113.5235,4.3182,18.5639,11.3352,138.1823,109.4975,149.5176,1
U057,Tres veces te engañe - Paquita la del barrio,56.6341,173.4426,6.4278,9.274,24.0197,50.7235,170.828,74.7432,1
U064,El chofer - Vicente Fernandez,48.9138,17.7618,93.3218,83.8731,40.2359,22.516,161.0022,17.7199,0
U103,Donde nadie pueda ir - Manuel Medrano,75.6635,311.5803,34.6979,48.1521,26.0788,28.5399,492.8332,54.6187,1
U049,You know i'm no good - Amy Winehouse,3.3649,226.7086,145.5861,159.0191,110.1912,103.5869,255.3174,6.6043,0
U058,In my blood - Shawn Mendes,51.3542,563.7315,94.8515,76.6033,17.9704,232.0062,665.2262,214.0357,0
U074,La promesa - Melendi,68.8065,217.6376,0.891,34.6393,52.0581,37.9428,314.1655,90.0008,1
U065,"Volver, volver - Vicente Fernandez",30.3902,427.2776,54.6823,56.8278,11.7979,168.3753,452.6354,156.5774,0
U107,Sin remitente - Melendi,72.1148,151.9756,49.6716,55.9817,4.2722,60.3901,68.6729,64.6623,1
U036,Hello - Adele,56.3161,143.8539,19.7666,8.7367,44.2293,53.6529,134.1633,97.8822,1
U033,Si supieras - Kevin Kaarl,67.8672,301.7447,121.8196,116.1435,109.8382,522.598,315.7017,412.7598,0
U001,Tierra - Josean Log,48.7455,227.4471,9.1898,13.5225,14.6895,4.4507,166.5469,19.1402,1
U021,Mujeres divinas - Vicente Fernandez,53.3478,289.4816,104.6202,74.6143,59.103,340.3596,382.1959,281.2566,0
U094,Soltera - Shakira,60.8547,474.3393,132.6738,143.6919,109.8778,210.7409,575.9432,100.863,0
U036,Rehab - Amy Winehouse,30.9162,88.3125,72.7847,69.1883,40.5148,180.7749,123.403,140.2602,0
U086,Rata de dos patas - Paquita la del barrio,84.5936,452.6291,4.7682,18.1991,82.0408,64.88,538.4521,17.1607,1
U031,Tierra - Josean Log,76.1597,182.2913,22.6788,12.2008,24.9433,14.6221,0.4377,10.3212,1
U070,My you - Jung Kook,38.7736,510.1347,77.1193,82.2603,71.2693,32.5242,598.6411,103.7935,0
U066,Taco placero - Paquita la del barrio,79.5647,171.3252,79.6588,86.9392,93.7777,395.0983,132.794,301.3206,0
U001,Set fire to the rain - Adele,26.8448,564.5278,150.2356,140.0066,181.6649,180.2909,603.5273,1.374,0
U038,Never be alone - Shawn Mendes,60.5,502.4353,11.306,22.8213,78.5193,44.4726,564.0215,34.0467,1
U054,Sigo aqui - Alex Ubago,84.5936,189.1165,119.1718,140.7533,97.0005,140.7578,124.4287,43.7574,0
U048,In my bed - Amy Winehouse,60.6522,333.5427,43.3778,33.3044,31.3447,159.848,389.8859,191.1928,0
U033,Gitana - Shakira,55.0413,100.3395,16.7167,12.2145,5.6218,435.7649,127.1224,441.3867,0
U113,Chachacha - Josean log,59.4279,112.2257,15.1884,52.0196,54.1726,59.6702,53.2682,113.8427,1
U039,Rehab - Amy Winehouse,35.3002,40.5218,89.9267,106.2835,32.572,303.1357,82.33,270.5639,0
U098,Stitches - Shawn Mendes,84.5936,114.2802,11.1007,13.9225,26.0151,23.7561,202.2449,2.2591,1
U110,Rincon - Milo J,77.6194,120.3639,53.5128,53.0298,47.7316,126.9956,23.85,79.264,0
U090,Me arrepiento - Alex Ubago,54.7533,375.96,188.6565,182.9265,124.2555,209.981,442.2148,85.7256,0
U063,Waka waka - Shakira,10.9919,236.6597,80.6711,18.981,18.3579,351.9961,124.9042,333.6382,0
U074,Si hay algo - Josean Log,68.8065,118.7093,3.6468,21.7817,14.6429,45.6486,215.2372,60.2917,1
U117,Valentine - Laufey,51.2882,142.5514,11.2612,25.7612,3.4811,46.3387,115.379,42.8576,1
U076,Rincon - Milo J,52.1989,63.3048,0.8448,19.6855,9.3286,46.9586,46.5627,56.2872,1
U062,Loba - Shakira,23.8405,374.6456,112.8954,125.3818,100.8786,237.577,387.9383,136.6984,0
U104,Where have you been - Rihanna,33.0441,450.5901,153.1661,142.022,100.4986,64.4224,478.3594,36.0763,0
U021,Cinnamon girl - Lana del rey,43.1867,8.704,40.2212,40.1104,43.0019,120.4752,111.5794,163.4771,0
U057,Valentine - Laufey,56.6341,85.578,49.6386,38.1666,19.4911,215.0339,82.9634,195.5428,0
U031,Las de la intruicion - Shakira,76.1597,501.4545,128.6607,104.4556,84.8827,247.0034,683.3081,162.1207,0
U077,Sabes - Alex Ubago,32.3816,218.408,13.5262,14.351,12.0719,133.7316,250.7896,145.8035,1
U108,Smooth criminal - Michael Jackson,65.788,313.3184,38.2054,51.1648,92.0832,1.0303,345.3609,91.0529,0
U008,La vida es un carnaval - Celia Cruz,4.4706,395.1427,87.3346,70.7711,126.9215,80.3169,380.242,207.2384,0
U107,Beso - Josean Log,72.1148,144.8409,15.4941,5.3332,24.9141,20.5775,61.5382,4.3366,1
U091,Quimbara - Celia Cruz,45.296,621.8469,183.7785,177.5226,112.1095,149.8151,712.4158,37.7055,0
U104,Tierra - Josean Log,33.0441,341.3848,30.0927,9.5036,63.4524,164.9907,313.6155,101.5384,0
U111,Say yes to heaven - Lana del rey,44.5108,219.8941,2.2253,60.1584,71.0417,59.2047,44.3754,11.837,1
U006,Somedoy - Jung Kook,60.5702,32.768,29.7552,2.5176,57.1424,178.5868,16.5395,121.4444,1
U028,Brooklyn baby - Lana del rey,20.8497,606.3969,192.8059,180.4136,95.8381,259.1176,685.0444,163.2796,0
U019,Sangre para derramar - Milo J,65.1942,306.8046,7.2612,11.9126,35.3748,23.4871,481.5804,11.8877,1
U116,Retirada - Milo J,74.7353,7.3611,18.3504,3.3662,17.4419,54.7889,82.2783,37.347,1
U048,La distancia - Manuel Medrano,84.5936,137.0644,129.2562,100.7454,98.4288,242.6034,217.349,144.1747,0
U025,Alguien como tu - Josean Log,67.5389,68.7238,7.0547,4.5418,9.4335,19.5793,231.8609,29.0128,1
U086,Borracho te recuerdo - Vicente Fernandez,84.5936,24.6328,52.9575,59.1783,15.5364,4.804,110.4558,10.7324,1
U096,Que me perdone tu perro - Paquita la del barrio,55.786,224.9299,81.9132,87.2117,171.684,550.8298,158.505,379.1457,0
U066,Remember the time  Michael Jackson,79.5647,274.7996,45.4559,102.6775,10.4571,279.5059,313.3307,269.0488,0
U032,Bored - Laufey,75.3734,50.7044,39.7146,42.0227,69.9655,98.7311,24.669,168.6966,1
U016,A gritos de esperanza - Alex Ubago,62.0179,52.1674,28.4227,15.5285,8.9401,17.1923,37.9298,26.1324,1
U005,Sin remitente - Melendi,28.6144,254.7473,41.3233,53.9725,36.3404,3.5306,234.5464,39.871,1
U001,Dame tu aire - Alex Ubago,48.7455,118.5552,9.0851,21.2787,28.0628,20.0077,57.655,8.055,1
U057,Alguien como tu - Josean Log,56.6341,361.9683,151.2861,121.572,137.7053,364.9337,364.5829,227.2284,0
U076,Que le den candela - Celia Cruz,6.5808,566.6957,126.018,95.9921,79.0959,109.6799,617.7835,30.584,0
U056,I am - Milo J,12.3013,369.7158,29.9702,41.0916,2.9374,44.4965,375.4903,41.5592,1
U027,Hombres malvados - Paquita la del barrio,49.3451,281.1293,6.7664,18.5774,49.8407,319.2331,340.6663,369.0736,0
U052,Cola - Lana del rey,22.9161,613.1287,164.6195,137.2208,134.526,326.0103,712.6899,191.4843,0
U103,Only girl - Rihanna,68.0766,628.1006,199.4249,163.0714,166.1178,248.2044,801.7665,82.0867,0
U064,Fragile - Laufey,56.5447,517.3178,171.944,150.243,108.504,105.8052,668.1891,2.6988,0
U092,Rincon - Milo J,60.5392,252.5821,81.8966,102.1161,43.016,313.5192,199.772,270.5032,0
U054,Standing next to you - Jung Kook,84.5936,276.1186,20.3779,15.5363,1.5643,55.8969,340.8064,54.3326,1
U013,Donde nadie pueda ir - Manuel Medrano,52.7759,253.3527,23.0274,27.8446,16.8269,14.7269,321.1976,2.1001,1
U014,Somedoy - Jung Kook,68.5396,148.5887,13.989,0.0686,25.2441,81.5127,228.5515,56.2686,1
U011,Too little too late - Laufey,72.6662,347.3067,9.37,2.7953,84.5936,74.701,423.7664,159.2945,1
U036,La ley del monte - Vicente Fernandez,61.8251,4.7538,55.0607,37.9512,18.2054,129.5664,0.5722,111.361,1
U119,Sabes - Alex Ubago,84.5936,116.3198,97.9971,120.1549,55.7821,137.5862,196.6684,81.8041,0
U059,Yes or no - Jung Kook,59.9526,29.9707,29.3139,0.1524,24.2468,15.9043,27.8142,8.3426,1
U029,La vida es un carnaval - Celia Cruz,63.4404,414.8504,37.0805,55.2248,84.7875,17.4334,476.0257,67.3541,0
U088,La luna - Josean Log,62.9902,249.7192,14.7284,31.1535,42.9954,10.7509,336.6386,53.7462,1
U043,Doma - Josean log,68.1244,379.9973,60.3156,70.7288,66.4799,6.4111,525.2787,60.0689,0
U001,Rolling in the deep - Adele,48.7455,564.5278,206.7181,175.6257,158.1221,266.0762,625.428,107.9541,0
U033,Bad - Michael Jackson,67.8672,249.3549,50.1776,50.5313,34.6303,272.4212,235.3979,237.7908,0
U076,Las de la intruicion - Shakira,52.1989,501.8977,163.6938,141.0897,85.811,236.3808,611.7652,150.5698,0
U029,Someone like you - Adele,65.3666,329.7093,43.5812,41.2558,48.083,77.6315,392.8108,29.5485,0
U089,Sin miedo a nada - Alex Ubago,78.3497,57.5836,66.9479,125.5452,121.5783,144.3803,7.8659,22.802,0
U030,Quimbara - Celia Cruz,79.4931,361.074,13.129,5.4633,55.2812,30.6506,432.8307,24.6306,1
U071,Una y otra vez - Manuel Medrano,23.9542,128.4517,31.6291,1.854,31.2685,50.6354,113.3876,81.9039,1
U038,Tierra - Josean Log,60.5,289.5396,39.7745,1.2215,107.0819,95.7763,227.9534,11.3056,1
U016,Cheque al portamor - Melendi,62.3968,15.3925,3.7941,8.6128,24.825,46.5285,75.0836,21.7035,1
U030,Alguien como tu - Josean Log,84.5936,211.6706,177.2977,166.4606,217.9196,185.2116,134.8133,32.708,0
U095,Rolling in the deep - Adele,55.411,453.2665,160.8884,136.8564,59.7691,145.2427,507.6375,85.4736,0
U015,Set fire to the rain - Adele,62.6929,289.8493,16.0775,32.4477,8.0214,121.8788,334.7954,113.8574,1
U093,Quimbara - Celia Cruz,74.5157,233.244,35.4149,28.5346,78.7254,29.5996,255.1429,108.325,1
U039,Standing next to you - Jung Kook,66.2091,209.727,9.0923,30.3583,11.6364,106.481,198.8277,94.8447,1
U037,Te quiero tanto - Kevin Kaarl,62.7244,397.1797,7.7131,41.4324,7.5386,3.8012,484.622,11.3398,1
U055,La luna - Josean Log,59.0821,258.8417,34.6066,45.5064,35.8407,37.1219,356.881,72.9624,1
U036,Brooklyn baby - Lana del rey,28.0939,205.3674,9.1092,8.7367,50.2789,41.5383,167.4546,8.7407,1
U056,Rincon - Milo J,15.0001,224.4305,21.1869,11.6234,8.3469,1.6687,215.9572,6.6782,1
U011,Why why why - Shawn Mendes,84.5936,431.2036,25.0226,60.4648,14.5719,23.9574,519.5906,38.5293,1
U024,La promesa - Melendi,74.3637,155.884,184.4222,179.8623,140.4073,259.905,292.4364,119.4977,0
U079,Por si acaso no regreso - Celia Cruz,4.4454,500.3997,193.982,138.9937,135.1524,155.2809,513.9129,20.1285,0
U073,Un violinista en tu tejado - Melendi,70.7286,25.8503,23.0141,21.7785,32.8547,52.6721,183.41,85.5268,1
U083,Taco placero - Paquita la del barrio,84.5936,53.8508,10.6604,7.5041,67.1956,49.6502,147.9226,116.8458,1
U104,West coast - Lana del rey,27.5351,185.2038,16.3118,12.0451,76.06,13.3837,207.4641,89.4436,1
U113,Combustion - Josean Log,59.4279,343.5695,14.0842,50.7377,12.6423,57.7716,402.527,45.1293,1
U014,Doma - Josean log,84.5936,308.1787,81.3923,76.6263,89.3919,60.6481,404.1955,28.7439,0
U099,Stronger than me - Amy Winehouse,31.0439,360.1153,42.8246,30.3717,86.9838,4.5067,378.2224,91.4905,1
U024,La vida es un carnaval - Celia Cruz,55.437,204.3849,77.1055,66.525,21.2717,217.629,48.9058,238.9007,0
U050,Somedoy - Jung Kook,68.5396,29.0658,25.1622,35.3465,8.5304,80.7403,97.383,89.2707,1
U004,La promesa - Melendi,67.138,260.5385,18.2418,17.0713,20.2545,90.0665,399.3524,110.321,1
U057,Las de la intruicion - Shakira,56.6341,102.5472,6.4884,25.5864,20.6331,92.9407,99.9326,72.3076,1
U011,You know i'm no good - Amy Winehouse,27.2403,135.1311,1.7274,6.2075,80.5428,66.7246,166.1648,147.2674,1
U112,Vamonos a marte - Kevin Kaarl,63.5382,49.536,37.8046,22.1297,44.4671,29.5617,104.4808,14.9054,1
U110,Sin miedo a nada - Alex Ubago,77.6194,147.506,3.4529,25.903,37.5695,3.2692,244.0199,34.3004,1
U069,Mas fuerte - Greeicy,26.5292,404.7728,2.2695,19.2412,17.8472,141.8103,427.6611,123.9631,1
U095,Sin miedo a nada - Alex Ubago,55.411,47.7048,16.4691,42.2388,69.5368,14.3703,102.0758,55.1666,1
U037,Azul celeste - Paquita la del barrio,62.7244,167.3264,91.6128,93.1427,39.9142,50.9067,254.7687,90.821,0
U031,Sigo aqui - Alex Ubago,76.1597,101.0174,12.0068,10.9337,26.3409,53.3799,282.871,27.0389,1
U088,Summertime sadness - Lana del rey,62.2302,584.0427,86.4386,69.8062,34.1843,91.8467,670.2021,57.6624,0
U031,Never be alone - Shawn Mendes,76.1597,609.6836,5.7897,33.8006,3.6193,36.6816,791.5372,33.0623,1
U075,Easy on me - Adele,67.6972,212.2571,36.7312,67.254,0.5484,9.638,96.8394,9.0896,1
U012,Ultraviolence - Lana del rey,32.7597,36.6393,16.6542,30.1339,71.3336,47.5127,139.6891,23.8209,1
U048,Beat it - Michael Jackson,84.5936,383.0361,55.9277,105.5982,129.2875,189.2736,463.3207,318.5609,0
U026,Tu jardin con enanitos - Melendi,60.9706,552.998,17.4549,0.7083,37.1988,15.4696,628.7389,52.6684,1
U026,La vida es un carnaval - Celia Cruz,42.0439,559.3105,101.0008,92.4062,70.1464,90.0333,616.1247,19.8869,0
U084,Young and beautiful - Lana del rey ,28.3012,392.3898,72.7665,71.0396,17.5577,558.0368,577.6554,575.5945,0
U088,Rie y llora - Celia Cruz,33.1876,577.7302,98.7032,66.6225,79.5702,72.776,634.847,6.7942,0
U062,Bajo el agua - Manuel Medrano,23.8405,266.0376,46.1481,21.3735,17.6632,42.1797,252.7449,24.5164,1
U117,Fecha de caducidad - Melendi,51.2882,267.7497,59.0119,87.3323,70.6079,3.5679,240.5773,67.04,0
U092,Me arrepiento - Alex Ubago,60.5392,117.5695,69.1357,96.9995,60.4385,269.7694,64.7594,209.3309,0
U023,Stronger than me - Amy Winehouse,35.4612,489.0397,26.3347,33.3129,45.7525,21.3919,524.9669,67.1444,1
U113,Bad - Michael Jackson,59.4279,451.1752,121.6136,88.2497,94.6261,148.0823,510.1327,53.4563,0
U001,Te busco audio - Celia Cruz,46.439,545.6992,81.6063,40.309,69.2224,186.3995,604.2929,117.1771,0
U068,Send my love - Adele,33.4824,120.1717,114.7666,70.464,97.39,181.3278,141.8625,83.9379,0
U001,Lo hecho esta hecho - Shakira,15.0143,564.5278,210.3433,184.5273,162.6689,295.5939,591.6968,132.925,0
U049,Alguien como tu - Josean Log,53.9884,35.1776,33.4798,50.173,41.4873,5.6168,121.1397,47.1041,1
U119,Love is a losing game - Amy Winehouse,2.317,338.4765,1.9673,9.8404,84.808,100.9948,340.4044,185.8027,1
U064,From the start - Laufey,46.3361,68.1348,154.3227,144.8359,109.8542,76.2401,116.1252,33.6141,0
U102,Stitches - Shawn Mendes,84.5936,110.9132,75.5027,77.7863,19.6047,320.4296,54.5024,340.0344,0
U015,Diamonds - Rihanna,84.5936,264.8167,50.4206,49.9357,70.4085,180.702,331.6635,110.2935,0
U028,Where have you been - Rihanna,54.5809,606.3969,218.9883,184.4481,140.6398,281.2921,718.7756,140.6523,0
U082,Love in the dark - Adele,80.5192,463.1262,114.9615,77.6975,73.3635,105.1542,609.8656,31.7907,0
U084,Ultraviolence - Lana del rey,59.2101,34.7997,58.1791,19.1888,57.73,501.4307,189.1564,443.7007,0
U095,There's nothing holding me back - Shawn Mendes,55.411,184.5739,9.5998,19.1614,55.2037,12.2637,130.2028,42.94,1
U023,Retirada - Milo J,81.1035,18.9026,33.8856,57.9711,47.3956,32.181,100.4722,79.5766,1
U042,Rehab - Amy Winehouse,53.1304,86.047,110.1837,154.2751,23.0209,322.3792,251.8668,345.4002,0
U006,In a lake portuguese -  Mitski,9.9798,247.5954,30.1319,62.3865,55.0052,304.0739,226.3528,249.0687,0
U112,Sangre para derramar - Milo J,63.1571,311.8908,14.4841,9.2188,11.7066,45.5955,465.5265,57.3021,1
U090,Por si acaso no regreso - Celia Cruz,13.2912,100.9455,37.1249,58.6364,7.4837,83.5971,6.7715,91.0807,1
U061,Mentira - Greeicy,25.044,289.4482,151.7231,145.8887,126.2192,119.0461,347.4028,7.1731,0
U034,Mujeres divinas - Vicente Fernandez,54.3008,93.1574,18.598,40.0044,1.7429,124.6957,178.2559,122.9527,1
U042,Hombres malvados - Paquita la del barrio,84.0393,307.7793,93.8843,119.5461,43.9565,268.9646,442.6902,312.921,0
U094,Brooklyn baby - Lana del rey,27.1235,605.129,149.8406,159.3716,92.4887,247.164,673.0017,154.6754,0
U024,Las de la intruicion - Shakira,74.3637,96.1558,52.1044,40.4707,35.7728,81.8709,40.3966,46.0981,1
U003,Stitches - Shawn Mendes,81.888,34.325,36.9116,7.1219,32.4733,164.43,38.9108,131.9568,1
U025,Billie Jean - Michael Jackson,67.5389,641.4684,128.2271,95.8471,92.3247,267.9431,804.6055,175.6185,0
U015,Where have you been - Rihanna,84.5936,289.8493,7.7559,26.4134,40.4248,68.3059,356.6961,27.8811,1
U007,MAI - Milo J,67.7106,375.3435,2.8142,20.9135,34.5219,45.4161,541.993,10.8943,1
U031,Caminando por la vida - Melendi,76.1597,409.07,19.5166,5.7914,62.3637,15.7257,590.9236,46.638,1
U040,Sin miedo a nada - Alex Ubago,44.7784,191.9628,60.9461,48.2272,8.7669,137.6448,258.3469,128.8781,0
U098,"Volver, volver - Vicente Fernandez",84.5936,497.3913,12.5183,13.9225,44.4168,64.7362,585.356,20.3194,1
U099,Someone like you - Adele,63.1758,274.9742,28.2296,9.6516,72.7175,5.7186,325.2133,66.9989,1
U043,La negra tiene tumbao - Celia Cruz,14.9528,523.462,150.7257,124.9165,106.9237,87.4792,615.5717,19.4446,0
U030,Set fire to the rain - Adele,62.6929,361.074,11.4373,9.4745,14.319,0.9961,416.0306,15.3151,1
U056,Top of the world - Shawn Mendes,15.0001,102.153,38.1222,46.8444,14.053,131.7514,93.6797,117.6984,1
U020,Beat it - Michael Jackson,81.4806,365.363,108.8807,144.7061,158.7723,207.4399,434.4873,366.2121,0
U001,Sin remitente - Melendi,48.7455,123.2979,18.602,34.5845,20.7631,10.5659,62.3977,10.1972,1
U109,First love late spring - Mitski,65.0651,89.6484,51.8578,65.3135,52.623,8.0272,207.0814,60.6502,1
U018,Ultraviolence - Lana del rey,80.3973,32.5588,83.3077,22.1907,65.5598,323.4791,0.62,257.9193,0
U062,Para siempre - Vicente Fernandez,23.8405,205.6929,7.4959,22.2007,52.1014,57.6653,192.4002,109.7667,1
U048,La promesa - Melendi,84.5936,22.7672,138.3221,120.9682,115.9302,176.1747,103.0518,60.2446,0
U025,Caminando por la vida - Melendi,67.5389,440.8548,41.5757,32.3696,85.1197,60.2946,603.9919,24.8251,0
U005,La distancia - Manuel Medrano,28.6144,187.1067,3.8235,8.3779,49.1001,14.5781,207.3076,63.6782,1
U070,Brooklyn baby - Lana del rey,23.0004,629.7093,178.6014,182.5354,76.2172,152.6785,702.4425,76.4614,0
U045,A veces a besos - Greeicy,56.6046,171.42,64.8143,101.1856,24.3835,132.869,175.5959,157.2525,0
U091,Nobody - Mitski,50.3965,67.5547,142.0802,125.3714,86.8833,191.6871,163.2243,104.8037,0
U043,Sangre para derramar - Milo J,67.3644,313.9642,15.6793,16.8709,30.743,39.8727,458.4856,9.1297,1
U017,Say yes to heaven - Lana del rey,23.1295,522.4712,147.4174,86.8722,100.5138,121.9226,546.7104,21.4089,0
U043,Cheque al portamor - Melendi,68.1244,38.3285,37.5964,33.4298,9.4188,19.0736,183.6099,9.6548,1
U101,A gritos de esperanza - Alex Ubago,57.6537,93.3756,10.4364,18.2323,48.0965,60.3429,31.0247,108.4394,1
U020,Te quiero tanto - Kevin Kaarl,81.4806,185.678,93.2532,110.1633,106.343,171.6883,254.8023,65.3453,0
U051,Beat it - Michael Jackson,69.1707,243.1445,60.4451,68.2086,165.9396,96.7238,253.547,69.2157,0
U098,Que pides tu - Alex Ubago,84.5936,179.3792,76.362,65.666,17.5814,66.3889,91.4145,83.9703,0
U022,Sabes - Alex Ubago,41.8354,318.6547,42.7436,25.8329,0.3123,73.5513,381.5081,73.2391,1
U074,Easy on me - Adele,68.8065,577.9065,151.4084,120.6143,76.7177,186.6091,674.4344,109.8913,0
U077,Mentira - Greeicy,0.2109,190.6005,127.0444,138.6336,172.7136,38.2633,190.3896,210.9769,0
U082,Hombres malvados - Paquita la del barrio,80.5192,84.0629,85.2213,70.5913,112.2445,89.349,230.8023,22.8954,0
U034,Sigo aqui - Alex Ubago,54.3008,86.3329,31.7932,41.2715,18.9533,69.067,171.4314,88.0203,1
U055,Mentira - Greeicy,26.4896,285.702,144.996,136.6041,143.9075,136.0221,351.1488,7.8855,0
U093,Never be alone - Shawn Mendes,79.6162,233.244,164.6801,180.6297,48.1042,122.4894,260.2435,74.3852,0
U068,You da one - Rihanna,36.1812,260.2053,113.828,59.3004,83.5302,199.8005,284.595,116.2704,0
U047,I'll change for you - Mitski,28.6503,423.9662,49.1968,26.678,21.456,7.7596,451.5886,29.2154,1
U083,Soltera - Shakira,84.5936,400.3868,76.3156,83.3912,52.8237,136.8743,494.4585,84.0505,0
U061,Un violinista en tu tejado - Melendi,57.6365,24.7721,3.1761,0.1928,16.2395,55.2201,65.775,38.9806,1
U092,Las de la intruicion - Shakira,60.5392,312.6204,80.9524,58.6591,33.4664,30.1798,365.4305,63.6462,0
U008,Sin miedo a nada - Alex Ubago,23.3973,10.419,0.4534,36.823,3.5567,104.1718,6.393,107.7284,1
U095,Yes or no - Jung Kook,51.9209,13.245,42.621,34.8086,7.3027,26.7571,37.6359,34.0599,1
U109,San lucas - Kevin Kaarl,65.0651,82.1136,46.5208,41.0323,0.841,53.1488,35.3194,53.9898,1
U073,Man down - Rihanna,17.557,295.8137,151.1389,129.8202,131.2127,140.2406,400.2017,9.0279,0
U089,Por si acaso no regreso - Celia Cruz,36.8876,286.4646,47.2847,23.2653,32.3911,69.2212,310.4519,101.6122,1
U058,Retirada - Milo J,47.8641,149.1152,101.3683,62.0881,13.083,288.0987,247.1198,275.0157,0
U096,Waka waka - Shakira,24.8771,193.729,41.6286,38.5069,14.8858,211.5548,96.3952,196.6689,0
U061,The girl is mine - Michael Jackson,57.6365,68.2386,75.5702,67.5192,24.6066,101.2417,158.7857,125.8483,0
U050,Aunque no te pueda ver - Alex Ubago,81.1035,343.6643,68.7436,72.8709,52.2604,8.3662,424.5453,43.8943,0
U065,Pierdeme el respeto - Paquita la del barrio,30.3902,8.3731,14.3749,12.981,102.6823,225.3093,33.7309,122.627,0
U058,Mas fuerte - Greeicy,6.7102,619.2523,142.6918,145.7118,121.4334,169.1978,662.6825,47.7644,0
U032,Where have you been - Rihanna,75.3734,461.3445,111.7505,101.3006,113.5713,47.6924,536.7179,161.2637,0
U012,Yes or no - Jung Kook,29.2696,228.2241,0.7442,38.2946,9.668,88.2568,334.764,78.5889,1
U098,Si supieras - Kevin Kaarl,84.5936,53.7083,77.1441,66.7948,5.8101,44.2253,34.2564,50.0354,1
U029,Back to black - Amy Winehouse,77.6727,262.0153,6.9814,34.5096,46.8304,22.8428,337.4229,69.6732,1
U062,Te busco audio - Celia Cruz,21.534,405.3104,59.351,41.2736,30.7961,190.1127,416.2966,159.3166,0
U118,Te quiero tanto - Kevin Kaarl,52.0939,462.1275,48.7512,1.8751,29.8678,55.6832,607.4855,25.8154,0
U115,Que le den candela - Celia Cruz,8.3504,571.9021,115.7006,108.6402,40.1966,155.8452,624.201,115.6485,0
U063,Es que yo te quiero a ti - Kevin Kaarl,41.9008,261.5481,75.4821,75.1864,153.1745,4.6661,180.7015,148.5083,0
U069,Ultraviolence - Lana del rey,84.5936,129.8461,12.7173,0.2466,118.8022,121.9527,210.7989,3.1505,1
U017,Hello - Adele,34.1464,460.9577,174.9517,160.0901,94.2869,144.2745,496.2138,49.9877,0
U109,Mujeres divinas - Vicente Fernandez,65.0651,113.193,57.4558,61.4901,4.0236,43.8154,230.626,39.7918,1
U096,Washin machine - Mitski,40.79,224.9299,25.0764,48.6264,40.2582,476.348,61.929,436.0897,0
U092,Tierra - Josean Log,60.5392,371.1254,70.3871,57.9973,76.3596,291.8053,318.3153,215.4457,0
U100,Pobre pistolita - Paquita la del barrio,60.9263,254.9012,52.8803,70.3414,34.6367,126.8265,381.3996,161.4632,0
U003,My love mine all mine - Mitski,39.8068,139.1029,35.3334,42.7964,3.007,191.8746,170.2575,188.8676,0
U042,Retirada - Milo J,80.5492,262.5042,116.3708,179.4616,54.6083,160.9681,400.9052,106.3598,0
U049,Washin machine - Mitski,42.5876,607.9222,150.3737,148.8996,97.1847,172.0692,597.3083,74.8845,0
U029,Yo vivire (I will survive) - Celia Cruz,74.7802,414.8504,30.1002,34.5096,44.3469,85.457,487.3654,41.11,0
U069,La mujer que bota fuego - Manuel Medrano,84.5936,248.674,141.3306,171.3446,132.4561,292.6737,167.7212,160.2175,0
U109,Fecha de caducidad - Melendi,65.0651,615.0347,83.4272,52.8224,2.2674,33.437,732.4677,31.1696,0
U059,Rincon - Milo J,63.4427,236.8908,79.8361,104.3266,62.7548,95.4353,175.6158,32.6805,0
U097,"Volver, volver - Vicente Fernandez",43.9037,558.9272,104.0783,100.0563,53.5879,47.3619,614.8422,100.9498,0
U097,Te busco audio - Celia Cruz,41.5972,546.4111,98.3978,69.9895,56.1408,1.9463,600.0196,54.1945,0
U099,Taco placero - Paquita la del barrio,80.1763,117.2104,51.6759,49.3676,40.9294,96.7555,49.9707,55.8261,1
U003,Man down - Rihanna,28.7164,3.3785,5.2074,9.2653,50.3442,104.8034,23.4426,155.1476,1
U092,Say yes to heaven - Lana del rey,44.0133,420.8495,88.0308,2.7313,55.0662,11.7274,457.1337,66.7936,0
U095,Dame tu aire - Alex Ubago,55.411,229.8165,54.9148,60.048,70.2902,100.8258,175.4455,30.5355,0
U068,Aca entre nos - Vicente Fernandez,36.1812,368.9792,22.9396,3.0874,26.0739,91.0278,393.3688,64.9539,1
U073,Niño - Milo J,64.3956,72.0001,10.1652,1.7113,6.2411,46.2256,79.2266,52.4667,1
U008,Para siempre - Vicente Fernandez,23.3973,234.6892,15.0546,12.1174,38.9346,156.6829,230.6632,117.7483,1
U118,Gitana - Shakira,39.268,285.8056,149.5307,129.2281,143.8166,96.2839,418.3377,47.5327,0
U031,Let you break my heart again - Laufey,17.6335,490.109,105.6347,85.6317,107.7496,161.2181,578.1694,53.4685,0
U026,Sabes - Alex Ubago,60.9706,279.6548,24.1572,40.2858,67.4903,1.3382,355.3957,68.8285,1
U099,Doma - Josean log,80.1763,114.1436,74.4792,70.5855,75.4599,161.5692,181.3832,86.1092,0
U053,In my blood - Shawn Mendes,74.3209,278.4282,27.5708,53.468,17.398,44.0579,327.288,61.4558,1
U077,San lucas - Kevin Kaarl,32.3816,199.0846,4.1512,7.2811,18.2907,167.864,166.703,186.1547,1
U081,Cheque al portamor - Melendi,70.8128,358.5873,135.084,145.9466,98.8009,567.095,384.9622,468.2941,0
U105,Rara vez - Milo J,82.6143,35.8076,144.4181,167.1125,0.9445,244.1292,19.3972,245.0736,0
U030,Fecha de caducidad - Melendi,84.5936,361.074,123.4009,144.6263,173.7944,85.2184,437.9313,88.576,0
U035,La ley del monte - Vicente Fernandez,71.2139,381.5274,90.9981,81.4141,118.2543,117.9908,491.4737,0.2635,0
U018,Waka waka - Shakira,49.4884,211.167,19.6943,72.3305,32.5588,32.9708,212.1969,65.5296,1
U010,Diamonds - Rihanna,41.8107,558.1561,160.9376,181.0317,121.1179,117.7497,615.0979,3.3683,0
U117,Brooklyn baby - Lana del rey,17.557,267.7497,50.6027,49.8193,11.6624,114.045,206.8461,102.3827,0
U113,Hate you - Jung Kook,43.3739,9.4215,34.3038,16.9977,70.6543,4.5962,52.325,66.058,1
U093,You da one - Rihanna,79.6162,74.9767,32.9644,61.1974,69.108,30.7451,101.9763,38.3629,1
U059,Washin machine - Mitski,33.1333,436.5408,42.1323,8.0168,35.3274,82.3635,401.2398,47.0361,1
U022,Quiero + - Greeicy,41.8354,554.8793,139.5773,141.1633,79.7691,166.7488,617.7327,86.9798,0
U116,Sabes - Alex Ubago,78.2254,197.8425,67.683,70.8285,4.6085,137.4519,276.2498,132.8434,0
U065,Smooth criminal - Michael Jackson,30.3902,427.2776,98.7328,47.4403,73.4717,38.4162,452.6354,111.8879,0
U117,Back to black - Amy Winehouse,46.5938,114.9146,10.2344,8.7777,21.4265,7.6024,83.0478,29.0289,1
U010,Mujeres divinas - Vicente Fernandez,41.8107,81.347,57.3457,72.0356,17.7386,13.106,138.2888,4.6327,1
U064,Desde que estamos juntos - Melendi,56.9236,37.9064,37.2488,21.5698,10.0391,28.6178,189.1566,18.5787,1
U117,La promesa - Melendi,51.2882,92.5192,87.452,101.3998,102.2954,9.6022,119.6916,92.6932,0
U102,Mujeres divinas - Vicente Fernandez,84.5936,223.3313,126.8699,134.6396,12.7646,399.7168,166.9205,386.9522,0
U001,Una y otra vez - Manuel Medrano,48.7455,14.2268,41.3342,3.6449,59.9858,143.983,46.6734,83.9972,1
U040,Estos celos - Vicente Fernandez,44.7784,119.8286,34.3217,52.9427,39.1616,86.936,53.4445,126.0978,1
U036,Love in the dark - Adele,61.8251,69.0185,26.7451,27.3531,58.4602,111.5551,64.8369,53.0949,1
U115,Nobody - Mitski,50.4293,61.041,118.0723,115.4255,67.2517,206.9861,172.1197,139.7343,0
U031,Rincon - Milo J,76.1597,63.748,34.1883,56.3196,8.4003,36.336,118.1056,44.7363,1
U108,Es que yo te quiero a ti - Kevin Kaarl,65.788,313.3184,81.311,114.4539,126.5026,276.2465,345.3609,149.744,0
U044,Bored - Laufey,84.5936,50.5495,29.4718,8.6629,73.1998,66.4396,152.1899,6.7602,1
U086,Diamonds - Rihanna,84.5936,458.7974,5.2047,7.0355,94.4599,30.6099,544.6204,63.85,1
U075,Fragile - Laufey,67.3183,104.028,68.1046,103.7632,12.3559,69.419,11.7686,81.7749,0
U116,Gitana - Shakira,65.3995,121.4913,43.0537,51.3264,124.37,64.112,187.0727,188.482,0
U091,MAI - Milo J,50.0176,370.9794,29.0771,2.9085,0.223,44.873,466.27,44.65,1
U025,Amor viejo - Kevin Kaarl,67.5389,146.5304,31.27,55.7732,34.6917,6.5365,309.6675,41.2282,1
U102,Chachacha - Josean log,84.5936,291.203,106.3509,132.0981,34.1541,345.9867,234.7922,380.1407,0
U032,In a lake portuguese -  Mitski,11.2306,336.1462,5.8838,1.3074,48.3821,241.6541,324.9155,290.0362,0
U090,Estos celos - Vicente Fernandez,54.7533,554.8941,177.9819,156.2008,144.5994,180.7132,621.1489,36.1138,0
U106,Addicted to you - Shakira,66.2642,383.2026,217.8526,207.2553,212.799,183.7521,339.2097,29.0469,0
U019,Tears dry on their own - Amy Winehouse,24.4921,433.8468,126.9853,145.2758,46.7394,128.4186,567.9205,81.6792,0
U062,Si pudiera - Manuel Medrano,23.8405,333.1758,57.9001,40.3813,38.733,13.55,346.4685,25.183,1
U029,Waka waka - Shakira,51.4582,383.6495,87.906,42.9668,74.7152,312.4441,432.8426,237.7289,0
U082,Yo vivire (I will survive) - Celia Cruz,72.9323,599.4751,94.8791,55.1903,88.8254,161.8234,738.6275,72.9979,0
U082,La ley del monte - Vicente Fernandez,80.5192,398.8615,86.6459,67.0994,113.6183,87.1429,545.6009,26.4754,0
U063,Niño - Milo J,35.5678,451.6733,122.4899,114.2315,117.6371,104.0611,538.8529,13.576,0
U034,Bitch better have my money - Rihanna,28.7977,594.9991,187.726,231.806,187.9154,67.4692,654.5944,120.4461,0
U105,You da one - Rihanna,82.6143,135.8363,16.7298,35.5443,86.3434,0.7602,191.0412,85.5832,1
U105,Milagrosa - Milo J,71.1324,294.1036,153.8103,172.379,8.1472,244.1292,337.8264,235.982,0
U008,La negra tiene tumbao - Celia Cruz,29.7743,292.6357,81.5366,50.0559,115.4432,93.5163,243.49,208.9596,0
U082,West coast - Lana del rey,75.0102,334.0888,21.9255,12.1551,50.2121,146.3068,475.3192,196.5189,0
U072,Man down - Rihanna,12.0397,70.4179,15.0834,5.4671,79.0547,406.8348,296.1082,485.8895,0
U048,Standing next to you - Jung Kook,84.5936,339.605,16.8915,28.2511,28.7273,4.8906,419.8896,23.8368,1
U004,Si hay algo - Josean Log,67.138,161.6102,20.9976,29.9289,46.4465,6.4751,300.4241,39.9715,1
U056,Me enamore - Shakira,47.4185,318.2114,125.9658,139.604,110.2525,201.757,264.2661,91.5045,0
U117,Tears dry on their own - Amy Winehouse,9.8261,82.7871,1.2556,6.6233,7.6472,44.0282,14.1526,51.6754,1
U093,Hate you - Jung Kook,63.5622,214.8222,101.647,87.4711,17.3216,43.4233,203.8767,60.7448,0
U003,Ya para que - Greeicy,17.9841,355.0986,36.725,46.9195,78.8879,121.1659,364.4305,200.0538,0
U030,Love on the brain - Rihanna,84.5936,145.0783,5.5831,5.4633,70.2222,32.3945,221.9356,102.6167,1
U031,Colapso - Kevin Kaarl,76.1597,92.0459,60.2143,86.6238,0.3276,27.8755,89.8078,27.5479,1
U022,From the start - Laufey,61.4243,40.8983,162.1076,158.5249,118.2035,160.0146,0.4919,41.8112,0
U063,Rehab - Amy Winehouse,10.9919,25.8193,3.0919,8.8042,9.5269,0.88,137.5748,8.6468,1
U024,Stitches - Shawn Mendes,74.3637,185.0387,130.5863,100.2738,82.6415,251.8359,321.5911,169.1945,0
U006,I'll change for you - Mitski,20.6809,372.7937,45.6266,14.0844,33.4218,185.8462,382.2119,152.4245,0
U050,Bored - Laufey,84.5936,77.4214,10.8735,16.1929,15.1902,98.1762,6.9498,82.986,1
U090,There's nothing holding me back - Shawn Mendes,54.7533,475.3814,125.2886,99.5161,82.3378,127.8978,541.6361,45.5601,0
U033,Los besos - Greeicy,41.3077,91.9992,17.3302,1.6774,5.6218,437.9083,51.4828,443.53,0
U017,Promise - Laufey,39.6554,516.1587,113.5904,106.5381,96.7561,25.5147,556.9238,122.2707,0
U019,Cinnamon girl - Lana del rey,55.7931,397.7453,188.099,174.7126,79.5926,223.4545,563.12,143.8619,0
U013,Easy on me - Adele,52.7759,569.873,162.1089,142.6348,73.6347,259.1564,637.7179,185.5218,0
U115,La mujer que bota fuego - Manuel Medrano,50.4293,38.1136,13.0259,6.0259,17.8886,19.4306,72.965,1.542,1
U113,Hombres malvados - Paquita la del barrio,59.4279,57.9245,52.5025,30.7268,126.5149,4.357,1.033,130.8718,1
U029,Just friends - Amy Winehouse,78.4778,365.357,15.0995,29.5513,51.8843,20.8314,441.5697,72.7157,1
U044,I bet on losing dogs - Mitski,83.4503,531.3975,10.5179,21.848,9.547,38.1711,631.8946,28.624,1
U054,Diamonds - Rihanna,84.5936,294.5171,28.7751,33.0243,14.3174,91.7428,359.2049,77.4254,1
U092,Estos celos - Vicente Fernandez,60.5392,296.5036,58.4611,70.2738,80.7824,240.5016,243.6935,159.7191,0
U089,Retirada - Milo J,74.8596,122.159,18.2845,83.1808,113.7998,16.9797,60.1996,96.82,1
U047,Mentira - Greeicy,52.0011,116.503,49.5648,28.5766,48.0743,13.2789,167.4762,61.3533,1
U097,Rincon - Milo J,43.9037,108.1919,3.9078,0.9158,5.5725,201.7164,52.2769,207.2889,1
U073,Lover girl - Laufey,36.4735,616.3329,127.4805,115.0294,129.8702,56.9555,666.6905,72.9148,0
U119,Top of the world - Shawn Mendes,84.5936,155.1786,51.3779,63.716,45.9662,66.3897,74.83,20.4235,1
U007,Gitana - Shakira,55.2636,270.2041,106.0706,103.2703,149.2285,116.6769,424.4066,32.5516,0
U049,Yo vivire (I will survive) - Celia Cruz,46.4015,607.9222,159.2729,150.5619,92.1888,209.8753,686.2973,117.6864,0
U012,Cheque al portamor - Melendi,32.7597,349.3531,89.4852,119.9498,90.9635,171.7673,452.4029,80.8038,0
U062,Tres veces te engañe - Paquita la del barrio,23.8405,386.8053,119.8338,96.2831,53.3236,413.4536,400.098,360.13,0
U034,A gritos de esperanza - Alex Ubago,53.9219,29.4163,36.7355,42.5459,40.4839,101.6176,55.3033,142.1014,1
U084,Fecha de caducidad - Melendi,59.2101,240.127,124.2678,156.3404,79.5306,542.1748,85.7703,462.6442,0
U032,Los besos - Greeicy,48.8139,297.6763,39.7953,59.3843,107.8326,168.7367,346.4903,276.5692,0
U039,Donde nadie pueda ir - Manuel Medrano,66.2091,63.3622,198.9248,194.8034,117.9797,412.7633,74.2615,294.7837,0
U083,In a lake portuguese -  Mitski,2.0104,405.9782,2.0305,3.1122,15.0471,1.5102,413.4458,13.5369,1
U089,Never be alone - Shawn Mendes,78.3497,347.9781,77.0298,130.153,136.5214,195.0891,413.4276,58.5678,0
U103,Bajo el agua - Manuel Medrano,75.6635,62.076,33.8037,46.0517,18.0257,37.2579,119.1769,55.2835,1
U032,La luna - Josean Log,75.3734,127.021,40.1467,11.4208,40.2524,243.3651,202.3944,203.1128,0
U017,Yo vivire (I will survive) - Celia Cruz,32.0685,522.4712,108.3576,101.4931,95.5179,35.7357,555.6493,59.7822,0
U006,Las de la intruicion - Shakira,76.6242,264.5646,55.5831,21.7447,43.941,77.8998,329.9261,33.9588,0
U059,Hombres malvados - Paquita la del barrio,63.4427,78.8714,41.3737,25.0801,53.7506,47.6952,17.5964,6.0553,1
U009,La promesa - Melendi,84.5936,2.3316,185.2787,222.1622,232.3935,304.2244,69.0043,71.8309,0
U037,Tu jardin con enanitos - Melendi,62.7244,570.5522,39.368,7.0934,7.7232,14.8066,657.9945,22.5298,1
U023,Tears dry on their own - Amy Winehouse,43.1315,304.0771,15.8813,1.9444,1.1599,60.0103,347.6747,61.1702,1
U038,West coast - Lana del rey,54.991,237.049,6.63,1.32,119.6895,82.5981,293.1262,202.2876,1
U055,Too sad to dance - Jung Kook,57.9388,593.1652,112.5135,68.6021,87.9993,93.0072,690.0612,5.0077,0
U025,Niño - Milo J,61.2059,78.0655,26.6168,28.9082,18.6159,5.2323,78.7386,23.8482,1
U097,Dame tu aire - Alex Ubago,43.9037,117.8433,7.7064,8.4018,14.9812,164.4455,61.9283,179.4266,1
U036,Soltera - Shakira,61.8251,74.5777,26.276,6.943,32.8898,77.9614,70.3961,45.0717,1
U101,El chofer - Vicente Fernandez,50.0228,76.7453,30.352,45.3301,52.7884,25.8828,22.0253,78.6712,1
U063,From the start - Laufey,61.3589,289.5515,24.0516,31.239,8.6847,54.7536,473.6579,46.0689,1
U035,In my bed - Amy Winehouse,47.2725,532.6476,93.8392,64.5467,119.4979,98.6984,618.6525,20.7995,0
U047,Doma - Josean log,84.5936,177.9945,62.0559,66.6189,159.8126,127.1418,261.5602,32.6708,0
U105,Thriller - Michael Jackson,82.6143,294.1036,22.4699,42.7747,18.173,4.5942,349.3084,13.5788,1
U023,La vida es un carnaval - Celia Cruz,65.6669,489.0397,5.239,7.2586,68.1907,71.3647,555.1727,139.5554,1
U087,Donde nadie pueda ir - Manuel Medrano,45.6068,124.4734,222.0205,189.8413,123.7158,406.9561,175.6215,283.2403,0
U076,Me arrepiento - Alex Ubago,52.1989,71.7078,13.6057,14.5689,8.0939,3.2088,181.5753,4.8851,1
U105,Bajo el agua - Manuel Medrano,82.6143,396.073,158.1574,169.2374,23.9788,254.1216,340.8682,230.1427,0
U097,San lucas - Kevin Kaarl,43.9037,131.9086,18.1571,22.7452,7.6815,176.9626,75.9936,184.6441,1
U080,Pobre pistolita - Paquita la del barrio,11.5538,50.5984,40.7537,43.0725,88.3518,120.2577,33.539,31.9058,1
U051,Smooth criminal - Michael Jackson,69.1707,236.832,12.2993,88.1568,138.0886,206.3314,247.2345,68.2428,0
U101,Para siempre - Vicente Fernandez,58.0326,98.7921,5.2423,23.4044,23.7039,46.2929,36.0623,22.589,1
U105,Loba - Shakira,82.6143,244.6102,0.8861,22.4821,94.563,25.6351,299.815,68.9279,1
U054,Only girl - Rihanna,77.0067,319.5497,64.6682,31.2421,35.26,26.3589,376.6505,8.901,1
U081,Un violinista en tu tejado - Melendi,70.8128,392.6303,155.6433,159.148,90.4338,614.8358,419.0052,524.402,0
U089,Where have you been - Rihanna,78.3497,347.9781,77.7605,23.9652,1.133,16.9797,413.4276,15.8468,1
U091,Sin remitente - Melendi,50.3965,65.9788,16.6326,1.0797,7.8301,11.7368,29.6907,19.5668,1
U111,Dont stop the music - Rihanna,60.6578,219.8941,1.6248,31.5874,127.895,59.9347,60.5224,187.8297,1
U036,Fragile - Laufey,61.4462,97.1383,28.0199,23.738,23.6534,95.5762,92.5778,71.9228,1
U053,Love on the brain - Rihanna,74.3209,117.9533,57.0118,37.1397,66.8816,77.9759,166.8131,11.0943,1
U073,Beat it - Michael Jackson,70.7286,647.5338,249.4338,260.4109,22.7279,437.9932,805.0935,460.721,0
U118,Valentine - Laufey,52.0939,516.6142,132.8261,102.0665,96.5723,125.304,661.9722,28.7317,0
U017,Una y otra vez - Manuel Medrano,39.6554,56.2834,39.5235,21.7286,43.7633,18.623,15.5183,62.3862,1
U021,Tears dry on their own - Amy Winehouse,11.8857,27.3975,20.8925,10.6736,10.1487,215.5111,106.7789,225.6598,0
U073,Stronger than me - Amy Winehouse,21.5962,647.5338,183.5964,173.2361,129.8702,164.7937,755.961,34.9235,0
U070,MAI - Milo J,56.3527,378.8418,24.5573,9.9327,0.5736,15.3087,484.9273,15.8822,1
U030,Never be alone - Shawn Mendes,84.5936,361.074,142.3942,157.5584,182.1108,123.5404,437.9313,58.5704,0
U001,Si hay algo - Josean Log,48.7455,105.3306,12.5877,3.6449,57.203,4.4507,166.2308,52.7524,1
U050,Cheque al portamor - Melendi,84.5936,153.013,92.9383,78.6474,66.1053,74.083,68.6418,7.9777,0
U007,Sabes - Alex Ubago,68.0895,346.5553,4.6661,18.8846,20.25,43.337,513.5837,23.087,1
U077,Quedate - Manuel Medrano,32.3816,101.1877,15.3875,6.1391,29.7695,172.4108,68.8061,142.6413,1
U029,Aca entre nos - Vicente Fernandez,82.3671,365.357,19.9621,0.0674,6.2355,12.6685,445.459,18.9041,1
U056,Love is a losing game - Amy Winehouse,67.2765,285.4509,87.5328,100.72,144.8272,97.1463,359.2541,47.6808,0
U088,First love late spring - Mitski,62.9902,58.6564,0.7408,15.1799,71.1341,41.2264,145.5758,112.3605,1
U008,Still with you - Jung Kook,23.3973,395.1427,70.5298,43.4638,80.3962,52.5052,399.1687,132.9015,0
U051,Mercy - Shawn Mendes,69.1707,42.5309,75.3156,64.0638,80.2671,439.5257,52.9334,359.2586,0
U106,Let you break my heart again - Laufey,39.3949,453.8377,134.5459,129.5545,110.7001,127.3346,436.7141,16.6345,0
U056,In my bed - Amy Winehouse,8.9413,399.5077,104.2886,97.424,127.4697,123.3007,384.0396,4.169,0
U082,Set fire to the rain - Adele,58.6185,599.4751,134.9464,111.7875,158.7499,143.7726,724.3138,14.9773,0
U041,Only girl - Rihanna,77.0067,354.8233,100.7917,90.2562,134.8537,156.4176,414.4421,291.2712,0
U097,La mujer que bota fuego - Manuel Medrano,43.9037,88.2071,7.4611,0.0957,17.2546,220.3537,32.2921,237.6082,1
U028,Que pides tu - Alex Ubago,54.5809,76.6861,43.3258,29.1945,31.2124,53.3945,35.6926,22.1821,1
U080,I'll change for you - Mitski,44.3895,410.8673,124.5772,116.6239,31.9934,54.1812,337.8646,86.1747,0
U104,Hello - Adele,27.5351,389.0766,155.8595,137.9875,61.7465,137.4391,411.3369,75.6925,0
U008,You da one - Rihanna,23.3973,236.8754,121.1804,78.0015,105.8258,1.6461,240.9015,107.4719,0
U010,Man down - Rihanna,11.3609,231.4686,150.8319,145.2761,132.9254,152.0198,235.2387,19.0943,0
U020,Set fire to the rain - Adele,59.5799,365.363,55.0346,67.359,45.7479,65.7596,412.5866,111.5075,0
U090,Addicted to you - Shakira,65.9092,27.7507,21.7123,31.609,94.6152,0.2408,214.668,94.3745,1
U049,Mujeres divinas - Vicente Fernandez,53.9884,106.0805,61.4052,80.675,3.6531,28.3576,192.0426,32.0107,1
U104,El chofer - Vicente Fernandez,25.0343,157.195,29.4508,39.1429,14.0543,95.0792,137.4355,109.1336,1
U039,Por si acaso no regreso - Celia Cruz,24.747,191.6446,30.5446,71.5545,28.7925,55.5237,139.2831,26.7313,1
U047,Lo hecho esta hecho - Shakira,50.8624,423.9662,127.3469,88.6867,35.5572,145.2237,473.8007,109.6664,0
U049,Si pudiera - Manuel Medrano,53.9884,516.959,13.4598,25.8066,19.8583,5.7296,602.9211,14.1287,1
U067,Fecha de caducidad - Melendi,67.7894,605.8721,36.9506,2.8079,8.1748,9.1909,749.127,1.0161,1
U053,La distancia - Manuel Medrano,74.3209,87.9773,80.1802,95.868,50.8767,112.1,136.8371,61.2233,0
U071,Tears dry on their own - Amy Winehouse,17.5079,265.3403,86.3232,93.3115,56.4329,52.9459,238.9423,109.3788,0
U065,Los besos - Greeicy,3.8307,269.9219,69.5093,90.5766,65.0554,192.6471,268.7203,257.7024,0
U012,Tears dry on their own - Amy Winehouse,8.7024,53.3248,8.3218,13.0621,30.1735,40.6607,91.1871,10.4872,1
U117,When we were young - Adele,51.2882,176.7865,44.5522,45.8312,0.0749,111.3446,149.6141,111.2697,1
U101,Colapso - Kevin Kaarl,58.0326,170.6897,66.727,58.7322,0.1026,109.0477,107.9598,108.9451,0
U047,Valentine - Laufey,84.5936,298.7679,3.0263,29.4147,30.8332,6.3872,382.3336,24.4459,1
U020,You know i'm no good - Amy Winehouse,24.1273,15.8506,1.2805,19.219,6.1742,153.9972,4.0796,147.823,1
U037,Dead women - Mitski,52.1256,558.0361,34.236,18.6312,55.7597,70.6049,634.8796,126.3646,0
U111,Back to black - Amy Winehouse,56.3423,67.059,64.4039,45.5375,68.5293,135.282,96.6282,203.8113,0
U089,La distancia - Manuel Medrano,78.3497,102.0064,77.4107,111.0656,142.3911,229.2301,167.4559,86.8391,0
U044,Rata de dos patas - Paquita la del barrio,84.5936,531.3975,42.8947,15.9291,74.4028,39.3523,633.0379,35.0504,0
U055,Los consejos - Greeicy,59.0821,105.2112,75.9724,84.1591,47.7062,71.3835,203.2505,23.6771,0
U021,Promise - Laufey,53.3478,206.0476,1.5197,0.3176,37.9771,220.0923,113.3333,258.0694,1
U117,Send my love - Adele,48.5894,30.5512,54.6491,30.3315,52.1477,92.8719,60.4224,40.7242,1
U098,In my blood - Shawn Mendes,84.5936,448.183,3.2613,3.0432,19.2294,105.4162,536.1477,86.1867,1
U062,Que pides tu - Alex Ubago,23.8405,258.944,23.8488,8.2481,1.4078,9.6794,245.6513,8.2716,1
U083,Cola - Lana del rey,40.6336,531.1765,114.6387,85.3117,93.6437,265.2399,581.2881,171.5962,0
U050,Summertime sadness - Lana del rey,83.8336,434.6275,2.7224,1.4021,17.848,34.638,518.2387,52.486,1
U070,Sabes - Alex Ubago,56.7316,350.0536,22.7054,11.9616,13.6983,17.3878,456.518,3.6895,1
U072,Too little too late - Laufey,53.2839,112.2642,32.0313,3.7757,81.763,478.4957,72.1817,560.2586,0
U004,Pierdeme el respeto - Paquita la del barrio,67.138,195.5904,26.6395,52.813,34.9714,82.1817,334.4043,117.1531,0
U094,Where have you been - Rihanna,60.8547,605.129,176.023,163.4061,137.2904,269.3385,706.7329,132.0481,0
U002,Doma - Josean log,56.0671,125.8028,49.9537,49.0264,30.4098,362.0179,167.0881,331.608,0
U039,Tu jardin con enanitos - Melendi,66.2091,246.8456,140.5351,159.3548,101.9601,319.834,235.9463,217.874,0
U088,You da one - Rihanna,62.9902,425.7754,143.551,109.189,92.6521,181.5487,512.6949,88.8966,0
U094,Say yes to heaven - Lana del rey,44.3288,605.129,151.1821,86.1537,104.7652,320.0033,690.207,215.2381,0
U001,Bajo el agua - Manuel Medrano,48.7455,125.6488,23.8928,22.3381,20.7631,45.8929,64.7486,66.6559,1
U055,Sangre para derramar - Milo J,58.3221,281.1604,11.261,46.1911,28.2425,11.3024,378.4397,16.94,1
U005,Stronger than me - Amy Winehouse,20.518,433.0784,115.523,110.7909,72.6393,173.2556,404.1468,100.6163,0
U094,Loba - Shakira,60.8547,555.6356,137.1047,141.7824,127.3338,269.3385,657.2395,142.0047,0
U095,Standing next to you - Jung Kook,55.411,409.8354,119.2158,101.2373,36.8065,148.2739,464.2064,111.4674,0
U040,Sigo aqui - Alex Ubago,44.7784,88.8583,57.0813,66.4863,16.5454,103.6343,155.2424,87.0889,0
U050,Easy on me - Adele,84.5936,434.6275,69.1897,75.4708,28.8123,152.0595,518.9987,123.2472,0
U105,Love on the brain - Rihanna,82.6143,78.1079,21.8252,2.8815,81.0198,3.4606,133.3127,77.5592,1
U011,Tears dry on their own - Amy Winehouse,43.1315,331.3821,2.1806,13.1513,35.9502,17.1054,378.307,53.0556,1
U098,Limonar - Greeicy,40.0,205.4029,13.1106,15.5189,91.9712,85.7747,248.774,6.1965,1
U038,Limonar - Greeicy,15.9064,204.1344,57.2944,57.2282,21.8315,57.9028,221.127,36.0713,1
U040,Sin remitente - Melendi,44.7784,90.3012,12.9835,17.1122,0.7138,41.7475,23.9171,41.0338,1
U031,El chofer - Vicente Fernandez,68.1499,1.8985,36.8647,17.4385,52.5634,55.2894,175.7423,2.726,1
U012,Bored - Laufey,32.7597,273.7615,14.3266,25.1095,9.668,0.4919,376.8113,10.1599,1
U026,Combustion - Josean Log,60.9706,445.3923,17.776,5.6275,86.0323,32.1679,521.1332,118.2002,1
U030,Euphoria - Jung Kook,40.0,213.7026,7.4606,21.2339,14.319,54.569,245.9663,68.8881,1
U022,Addicted to you - Shakira,78.8271,408.1007,253.1834,243.4561,205.8703,268.6367,350.2916,62.7665,0
U004,Vamonos a marte - Kevin Kaarl,66.7591,52.6242,8.0346,0.7455,25.04,66.9484,85.8108,41.9084,1
U073,La promesa - Melendi,70.7286,287.2649,55.184,33.8445,9.3706,72.5449,444.8246,81.9155,0
U042,Alguien como tu - Josean Log,84.0393,365.1117,210.0196,235.336,113.1387,400.7487,500.0226,287.61,0
U041,Te quiero tanto - Kevin Kaarl,84.5936,175.1383,106.5963,134.0445,4.4275,321.6248,242.3441,317.1973,0
U026,Doma - Josean log,60.9706,313.3388,4.7927,17.5033,114.7355,17.0564,389.0797,97.6792,1
U005,Rara vez - Milo J,28.6144,103.1672,32.8748,39.6012,11.4171,42.9358,123.3681,31.5186,1
U032,Mercy - Shawn Mendes,75.3734,260.7309,6.0025,40.341,27.127,170.8677,336.1043,197.9947,0
U012,Rata de dos patas - Paquita la del barrio,32.7597,207.0865,27.7495,0.5175,8.465,26.5954,104.0367,18.1303,1
U087,When we were young - Adele,45.6068,101.0837,55.3974,27.3845,59.6597,160.7923,49.9356,101.1326,0
U113,Send my love - Adele,56.7291,159.1868,103.925,54.435,136.3005,60.2919,215.4455,76.0086,0
U105,I am - Milo J,79.9155,214.8183,163.7472,206.9638,37.3721,271.6571,267.3243,234.2851,0
U004,Easy on me - Adele,67.138,620.8074,168.7592,172.3249,108.5213,238.7328,759.6213,130.2115,0
U114,Un violinista en tu tejado - Melendi,78.989,402.4131,199.147,175.812,49.7114,557.2327,481.7936,507.5213,0
U101,Hombres malvados - Paquita la del barrio,58.0326,15.6276,80.5088,100.9787,125.1307,25.6223,78.3574,99.5083,0
U071,Loba - Shakira,23.9542,400.8095,125.4456,118.9183,110.5876,39.2454,415.8736,71.3422,0
U040,Bored - Laufey,44.7784,85.4756,133.6186,138.4597,85.6064,214.0067,151.8597,128.4004,0
U107,Dead women - Mitski,61.516,517.0215,2.5989,1.1507,76.3814,70.9999,589.7254,147.3813,0
U098,A gritos de esperanza - Alex Ubago,84.2147,120.7116,44.3304,40.3893,35.8726,32.453,33.1258,68.3256,1
U098,Retirada - Milo J,81.1035,33.5667,3.2555,17.5584,14.342,161.5087,118.0413,147.1667,1
U076,Mas fuerte - Greeicy,5.8655,610.1268,140.8916,133.4294,135.6196,85.2675,661.9298,50.3521,0
U010,I am - Milo J,39.1119,503.9034,15.5625,1.5514,9.2099,67.1464,558.1464,76.3565,1
U108,Never be alone - Shawn Mendes,65.788,319.6309,73.8532,120.2304,83.2058,289.1587,351.6734,205.9529,0
U039,Back to black - Amy Winehouse,61.5147,100.323,87.0883,86.9555,32.572,285.5465,84.7293,252.9746,0
U120,Tears dry on their own - Amy Winehouse,15.9271,42.9799,82.4064,110.9653,33.0583,431.8685,140.1688,464.9268,0
U106,Si hay algo - Josean Log,54.3983,114.2151,28.0099,21.8444,49.8997,48.5056,190.8847,98.4054,1
U032,Fecha de caducidad - Melendi,75.3734,461.3445,24.0465,39.8855,13.5007,187.4798,536.7179,173.9791,0
U044,Hate you - Jung Kook,68.5396,114.5322,9.7505,10.3446,46.843,18.435,200.1186,28.4079,1
U096,Tres veces te engañe - Paquita la del barrio,55.786,187.5962,15.7436,35.055,65.2446,227.1432,121.1713,161.8985,0
U059,Waka waka - Shakira,32.5338,405.3399,108.8373,18.1363,60.6998,347.1567,435.706,286.4569,0
U050,Why why why - Shawn Mendes,84.5936,349.4864,17.9733,45.3758,26.6936,50.1716,433.8576,76.8652,1
U062,Brooklyn baby - Lana del rey,9.8907,424.139,125.6313,142.971,66.0335,215.4025,403.7005,149.3691,0
U105,Si hay algo - Josean Log,82.6143,165.0936,121.6769,143.2544,12.4611,203.778,109.8888,216.2392,0
U028,Vamonos a marte - Kevin Kaarl,54.202,67.0347,44.544,11.3777,27.1748,112.3523,44.9651,85.1775,1
U094,Bored - Laufey,60.8547,93.0801,103.9871,104.1282,93.6846,218.2998,194.684,124.6152,0
U040,Cheque al portamor - Melendi,44.7784,9.884,29.8068,43.6194,4.3109,41.7475,76.2681,37.4367,1
U004,Only girl - Rihanna,59.5511,620.8074,217.7457,213.069,158.0987,241.5938,752.0343,83.4952,0
U024,San lucas - Kevin Kaarl,74.3637,492.7634,192.8885,177.5849,110.1462,340.4565,629.3158,230.3103,0
U021,Smooth criminal - Michael Jackson,53.3478,206.0476,14.4165,27.1485,70.0058,13.3008,113.3333,56.705,1
U010,Me arrepiento - Alex Ubago,41.8107,44.7697,37.1067,33.0334,3.0717,22.7686,101.7115,19.6968,1
U073,Sin remitente - Melendi,70.7286,40.2919,26.7501,8.4727,20.8905,4.9313,117.2678,25.8218,1
U116,Niño - Milo J,71.8924,242.0357,94.8605,83.607,13.0391,209.8033,169.9614,196.7642,0
U063,Gitana - Shakira,29.0749,88.1463,15.4243,20.7019,19.772,41.6302,181.8188,21.8582,1
U040,La ley del monte - Vicente Fernandez,44.7784,396.9109,133.5206,147.0152,116.484,154.8428,463.295,38.3589,0
U001,A gritos de esperanza - Alex Ubago,48.3666,59.8876,30.4381,16.064,58.1253,39.9021,0.6337,18.2232,1
U115,Caminando por la vida - Melendi,50.4293,414.7196,44.2323,43.4908,24.3927,51.2684,525.7982,26.8756,0
U013,Still with you - Jung Kook,52.7759,569.873,102.1034,73.4112,60.0126,180.5778,637.7179,120.5652,0
U080,You know i'm no good - Amy Winehouse,45.7995,29.6537,88.8655,85.9719,56.0805,120.2577,44.759,176.3382,0
U021,Me enamore - Shakira,9.0708,81.5704,9.5326,32.4943,45.5582,174.3585,73.5625,219.9167,1
U077,I'll change for you - Mitski,23.5617,498.0637,126.6764,136.735,103.1833,17.2248,474.502,120.4082,0
U104,Combustion - Josean Log,33.0441,336.6719,13.0209,13.327,52.7606,96.9887,364.4412,44.2282,1
U069,Pobre pistolita - Paquita la del barrio,84.5936,44.5039,68.7083,92.7926,177.4818,164.7199,125.4567,12.762,0
U003,Let you break my heart again - Laufey,11.9052,235.524,18.5443,33.8573,37.2623,80.2503,214.9666,117.5126,1
U010,Dame tu aire - Alex Ubago,41.8107,99.8943,35.96,37.2344,29.9029,16.2897,42.9525,13.6132,1
U012,Me arrepiento - Alex Ubago,32.7597,300.1316,95.6449,137.3522,114.0921,155.8466,403.1814,41.7545,0
U005,Aca entre nos - Vicente Fernandez,28.6144,383.585,37.3847,29.5792,16.5255,93.1809,403.7859,76.6553,0
U048,Stitches - Shawn Mendes,84.5936,6.3875,84.4862,41.3797,58.1644,168.1056,73.8971,109.9414,0
U057,Estos celos - Vicente Fernandez,56.6341,506.5768,132.9251,103.3465,134.8819,303.2625,509.1914,168.3805,0
U117,Que me perdone tu perro - Paquita la del barrio,51.2882,267.7497,52.8516,49.0253,107.4869,11.5905,240.5773,95.8964,0
U001,Si supieras - Kevin Kaarl,48.7455,7.1157,2.3756,10.3415,28.0628,28.1298,68.0159,0.067,1
U040,Too sad to dance - Jung Kook,43.6351,597.5245,131.6642,108.1119,99.2285,125.258,662.7653,26.0295,0
U054,Dont stop the music - Rihanna,84.2147,319.5497,5.161,4.9914,39.9944,47.8213,383.8586,87.8157,1
U041,Bad - Michael Jackson,84.5936,348.5108,61.0775,59.8045,69.2692,117.6804,415.7166,186.9495,0
U118,Si pudiera - Manuel Medrano,52.0939,550.8493,11.1586,5.7053,0.0129,35.9422,696.2073,35.9293,1
U075,Love on the brain - Rihanna,67.6972,3.7386,40.9907,69.2771,7.0323,15.3811,119.1563,22.4134,1
U056,First love late spring - Mitski,15.0001,76.3852,6.215,36.3188,43.0081,87.5985,67.9119,130.6066,1
U060,Send my love - Adele,35.7812,22.7904,69.9912,39.6896,13.5438,181.7361,96.6763,195.2799,0
U069,Mentira - Greeicy,52.0011,97.3096,15.4832,17.3426,12.3937,119.6819,145.6699,132.0756,1
U113,Mujeres divinas - Vicente Fernandez,59.4279,44.354,35.7074,54.5611,7.2539,113.4003,14.6035,120.6542,1
U083,Colapso - Kevin Kaarl,84.5936,170.553,101.1295,103.836,59.099,47.1946,76.4812,11.9044,0
U069,Fragile - Laufey,84.2147,296.5437,11.8979,32.2281,31.707,99.1218,377.1176,67.4148,1
U018,In my blood - Shawn Mendes,80.3973,186.8471,116.1612,110.787,68.0678,280.5283,218.7859,212.4606,0
U011,Ultraviolence - Lana del rey,84.5936,241.418,6.1518,56.3473,5.2099,23.9574,329.805,18.7475,1
U030,Te busco audio - Celia Cruz,82.2871,342.2454,80.0666,109.1721,126.7615,7.1047,416.7962,133.8662,0
U059,Mercy - Shawn Mendes,63.4427,235.9272,9.1842,11.351,18.5917,32.5164,297.2022,51.1081,1
U111,Sin remitente - Melendi,61.0367,467.9316,170.0554,163.5314,24.9315,214.758,626.9244,189.8265,0
U080,Rie y llora - Celia Cruz,18.2488,404.5548,98.5306,62.8938,44.3411,112.0948,357.6928,156.4359,0
U058,Quedate - Manuel Medrano,51.3542,20.0009,13.4736,15.1159,50.8088,57.1787,121.4956,107.9875,1
U017,Love in the dark - Adele,39.6554,386.1223,128.44,124.0003,80.056,20.9335,426.8874,100.9894,0
U022,Vamonos a marte - Kevin Kaarl,41.4565,75.1212,50.3777,27.3708,21.5645,96.8523,12.6467,75.2879,1
U034,MAI - Milo J,53.9219,344.1316,0.1399,4.1144,11.1748,97.8176,428.8512,108.9922,1
U060,Desde que estamos juntos - Melendi,38.48,312.13,87.6611,101.9705,118.8591,349.0239,383.3171,230.1648,0
U061,Sigo aqui - Alex Ubago,57.6365,88.2452,44.6577,36.2611,12.3721,54.4075,178.7923,66.7795,1
U088,I bet on losing dogs - Mitski,61.8469,552.8418,54.6,71.4119,15.5243,50.7742,638.6179,66.2986,0
U042,Euphoria - Jung Kook,39.4457,60.2615,25.2613,90.1093,90.4619,160.9681,119.243,251.4299,0
U099,West coast - Lana del rey,74.6673,94.729,58.205,83.7432,70.0561,1.9725,156.4596,68.0836,0
U062,Back to black - Amy Winehouse,19.1461,271.3039,64.7942,84.374,75.7976,93.7551,279.9022,17.9575,0
U049,My you - Jung Kook,36.0304,488.3476,95.5091,108.8838,79.9603,38.0202,556.3517,41.9401,0
U043,In my bed - Amy Winehouse,44.183,576.4756,144.1513,119.9582,103.9979,74.7293,697.8156,29.2686,0
U053,A veces a besos - Greeicy,62.3935,22.0579,1.49,34.9059,72.2052,24.4164,14.8746,47.7888,1
U095,Tres veces te engañe - Paquita la del barrio,55.411,415.9328,96.2594,56.5492,6.6031,288.9069,470.3038,295.51,0
U096,Taco placero - Paquita la del barrio,55.786,252.3958,82.6017,79.9339,155.1649,548.8415,318.8206,393.6765,0
U011,Euphoria - Jung Kook,40.0,368.9733,70.9246,42.5881,132.4649,75.0859,412.7667,57.3789,0
U034,La promesa - Melendi,54.3008,234.7302,16.1293,17.2692,27.1394,53.4776,319.8287,26.3381,1
U104,Por si acaso no regreso - Celia Cruz,8.418,389.0766,122.6903,94.7915,69.2405,150.6233,375.3837,81.3827,0
U049,Dame tu aire - Alex Ubago,53.9884,75.1608,40.0195,45.8738,8.5112,31.5413,10.8013,23.0302,1
U037,Los consejos - Greeicy,62.7244,88.9107,69.3029,68.0555,41.8721,1.8917,176.353,39.9805,1
U040,Yes or no - Jung Kook,41.2883,131.013,120.0362,125.2746,85.6064,125.258,193.907,39.6516,0
U015,Amor viejo - Kevin Kaarl,84.5936,205.0887,206.1532,240.6652,167.4968,334.2023,138.2419,166.7055,0
U010,Loba - Shakira,41.8107,533.6953,180.1958,182.9303,141.145,230.1458,590.6371,89.0007,0
U047,Euphoria - Jung Kook,40.0,276.5948,86.1371,32.4066,54.5532,83.4936,315.5669,28.9404,0
U008,Love in the dark - Adele,23.3973,258.7938,100.4367,72.5631,71.019,68.9625,262.8198,139.9815,0
U038,There's nothing holding me back - Shawn Mendes,60.5,135.4051,24.8448,43.1867,49.2431,8.3428,73.8188,57.5859,1
U077,Lover girl - Laufey,74.8205,466.8628,76.6116,86.1886,127.2704,102.9019,392.0423,230.1724,0
U087,A veces a besos - Greeicy,33.6794,163.96,99.6455,93.4306,21.4467,211.6514,227.0354,190.2047,0
U088,Aunque no te pueda ver - Alex Ubago,59.5001,493.0795,14.9726,4.4668,0.2281,48.8425,576.5087,49.0707,1
U096,Limonar - Greeicy,11.1924,73.371,38.4664,58.4013,42.7706,478.7538,184.3895,435.9831,0
U076,Top of the world - Shawn Mendes,52.1989,58.9727,60.1539,38.7823,15.0347,83.1241,168.8402,68.0894,1
U062,Beso - Josean Log,23.8405,256.552,6.6798,17.0286,46.8495,54.0917,243.2593,100.9412,1
U120,Valentine - Laufey,57.3892,102.7442,92.412,143.3498,44.1866,429.558,38.9424,473.7446,0
U120,West coast - Lana del rey,51.8802,37.4438,141.22,193.7117,79.389,390.7159,184.6394,311.3269,0
U022,Chicago - Michael Jackson,41.8354,387.4125,143.1761,107.8104,76.402,204.7038,450.2659,128.3019,0
U064,Promise - Laufey,56.9236,619.2344,158.3692,129.1657,90.3973,85.2451,770.4846,5.1522,0
U049,Me arrepiento - Alex Ubago,53.9884,69.5032,41.1662,41.6728,18.32,38.0202,155.4653,56.3402,1
U106,Never be alone - Shawn Mendes,54.3983,573.4123,34.7009,10.1222,6.5698,2.7981,650.0819,3.7717,1
U090,Set fire to the rain - Adele,32.8526,162.459,30.4825,17.4402,56.1778,56.1767,74.3035,112.3546,1
U002,Quedate - Manuel Medrano,56.0671,227.4769,80.7649,86.3254,25.006,382.3025,186.1916,357.2965,0
U075,La ley del monte - Vicente Fernandez,67.6972,11.6435,95.1454,117.9764,17.8039,103.4092,103.7742,121.2131,0
U117,Chicago - Michael Jackson,51.2882,56.8518,4.8608,38.777,2.1634,75.1312,29.6794,77.2946,1
U096,Easy on me - Adele,55.786,224.9299,34.0038,15.6674,37.7167,400.1752,158.505,362.4584,0
U056,Si supieras - Kevin Kaarl,15.0001,108.411,2.8632,8.6314,17.7556,47.0617,99.9377,29.3061,1
U041,Yo vivire (I will survive) - Celia Cruz,77.0067,354.8233,1.6242,13.1194,77.7389,197.6453,414.4421,275.3843,0
U095,I am - Milo J,52.7122,373.9812,75.3123,98.8338,90.9832,184.2619,425.6534,93.2788,0
U020,Bajo el agua - Manuel Medrano,81.4806,324.8136,119.0938,94.9857,115.1539,291.9434,255.6893,176.7894,0
U102,Valentine - Laufey,84.5936,153.3121,53.1478,81.7362,67.6154,272.5578,209.7229,340.1732,0
U085,Aca entre nos - Vicente Fernandez,80.9332,558.9894,47.5807,26.6233,2.0866,70.8832,745.9618,72.9697,0
U097,The girl is mine - Michael Jackson,43.9037,36.5669,73.1998,75.7282,11.2786,65.1663,92.4819,76.4449,0
U098,Euphoria - Jung Kook,40.0,356.3324,94.365,71.7939,159.4122,161.5087,399.7035,2.0966,0
U008,From the start - Laufey,79.8624,162.2694,81.5406,70.7711,107.176,82.5487,261.5032,189.7247,0
U025,Ultraviolence - Lana del rey,67.5389,366.5417,112.9308,154.4441,56.4923,160.3166,529.6788,103.8243,0
U075,Dame tu aire - Alex Ubago,67.6972,470.8259,206.1656,234.5736,90.6666,207.0627,586.2436,116.396,0
U094,Cheque al portamor - Melendi,60.8547,17.4885,0.1753,9.2879,12.3891,46.0406,119.0924,33.6515,1
U118,Back to black - Amy Winehouse,47.3995,488.9774,133.8529,119.05,114.5177,71.3629,629.641,43.1548,0
U062,Tu jardin con enanitos - Melendi,23.8405,417.8265,11.3474,11.9747,6.4095,59.4676,431.1192,53.0581,1
U118,Nobody - Mitski,52.0939,87.5203,153.649,127.5072,115.7703,171.8372,232.8784,56.0669,0
U065,Milagrosa - Milo J,18.9083,433.5901,52.1502,39.0277,41.8727,341.3671,447.4659,299.4944,0
U025,MAI - Milo J,67.16,390.6009,2.4126,18.1586,41.3184,69.1982,553.3591,27.8799,1
U074,You know i'm no good - Amy Winehouse,11.4532,196.6929,87.5406,66.44,87.1827,41.954,235.8675,45.2288,0
U101,Rara vez - Milo J,58.0326,201.1286,30.1552,18.0449,35.6576,136.1455,263.8584,171.803,0
U025,Para siempre - Vicente Fernandez,67.5389,11.6365,23.3295,33.6738,1.1729,79.4482,174.7736,80.6211,1
U086,Los consejos - Greeicy,84.5936,4.124,47.1502,57.5819,54.1668,18.4051,81.699,72.572,1
U085,Still with you - Jung Kook,80.9332,608.4828,87.8185,54.4734,29.9401,128.7968,795.4552,98.8566,0
U017,Beso - Josean Log,39.6554,158.2198,13.7648,34.1477,24.6457,112.2275,117.4547,87.5817,1
U063,Dont stop the music - Rihanna,41.5219,267.8606,62.5256,87.6487,49.8388,92.0565,186.6351,42.2177,0
U003,Te quiero tanto - Kevin Kaarl,81.888,175.4136,98.6316,115.0134,51.1671,186.179,248.6494,135.0119,0
U044,Fragile - Laufey,84.2147,454.3693,56.4146,14.1058,98.6294,41.2659,555.6308,57.3635,0
U080,Quiero + - Greeicy,11.5538,367.4362,81.2083,80.8683,20.3388,77.4905,350.3768,97.8293,0
U116,In a lake portuguese -  Mitski,8.3786,352.2999,3.2389,3.7866,64.9195,139.1728,344.1031,204.0923,0
U049,Bored - Laufey,53.9884,95.8733,151.1377,153.9155,86.1041,194.3587,181.8354,108.2546,0
U011,You da one - Rihanna,84.5936,358.0774,52.7855,25.6959,81.8853,50.211,446.4645,31.6743,0
U055,Dead women - Mitski,48.4833,574.3366,40.9055,34.7348,61.5938,1.1131,661.7771,62.707,0
U016,Too sad to dance - Jung Kook,61.2535,572.248,98.0633,55.8797,70.0926,36.982,661.5808,33.1107,0
U057,Somedoy - Jung Kook,40.5801,194.7854,19.3395,1.3241,33.8345,193.6277,213.454,159.7932,1
U097,Gitana - Shakira,31.0778,209.2328,119.5188,123.268,130.4412,69.4903,252.3219,199.9315,0
U028,Chachacha - Josean log,54.5809,36.6835,77.7389,54.4712,54.1955,117.9824,149.0622,63.787,0
U116,Vamonos a marte - Kevin Kaarl,77.8465,195.9334,60.0489,69.2906,16.6437,114.1509,117.905,130.7946,0
U115,Bajo el agua - Manuel Medrano,50.4293,74.8434,12.6661,1.2208,27.4617,29.423,36.2352,1.9613,1
U040,My you - Jung Kook,26.8204,477.9499,77.99,93.428,79.4626,57.6682,526.376,21.7943,0
U012,Dead women - Mitski,22.1609,219.4588,59.2358,89.3246,22.4514,182.3771,105.8102,159.9257,0
U089,Rata de dos patas - Paquita la del barrio,78.3497,316.7772,19.1475,10.7207,43.5358,95.1057,382.2267,51.5699,1
U016,La promesa - Melendi,62.3968,211.9791,7.8165,9.7482,58.6832,30.9477,302.4552,89.6309,1
U054,My love mine all mine - Mitski,42.5124,103.554,79.4216,120.8416,55.8611,144.5439,126.1606,88.6828,0
U092,Dame tu aire - Alex Ubago,60.5392,262.2335,70.2824,92.7985,33.6073,276.2483,209.4234,242.6409,0
U090,Colapso - Kevin Kaarl,54.7533,539.2705,227.4434,218.3473,115.5609,245.2703,605.5252,129.7095,0
U048,Love in the dark - Adele,84.5936,246.6872,17.9033,5.8389,10.1537,122.5443,326.9718,112.3907,1
U068,Treat you better - Shawn Mendes,36.1812,265.6375,36.7395,19.9176,9.35,95.1804,290.0272,104.5306,1
U077,Ya para que - Greeicy,31.5223,498.0637,131.7876,138.6336,157.1566,35.9793,466.5414,193.1359,0
U048,Gitana - Shakira,71.7677,27.0292,45.4267,18.168,37.0906,149.2539,94.4879,186.3446,0
U035,Combustion - Josean Log,71.2139,468.2228,22.9868,3.4415,22.2767,66.7823,578.1691,89.059,1
U013,Una y otra vez - Manuel Medrano,52.7759,8.8816,43.0938,0.2388,14.3427,166.431,58.9633,152.0884,1
U047,Rehab - Amy Winehouse,53.6847,130.2863,1.2147,31.7592,12.8878,77.9175,182.9431,65.0299,1
U059,Los consejos - Greeicy,63.4427,51.4132,4.4008,1.7581,2.4242,5.7194,9.8618,3.2953,1
U066,Diamonds - Rihanna,79.5647,280.9679,7.5101,14.8602,23.6705,361.6727,319.499,385.3432,0
U034,Never be alone - Shawn Mendes,54.3008,594.9991,25.5761,18.4046,3.7683,85.7653,680.0976,81.9969,0
U060,Valentine - Laufey,38.48,150.3122,4.0809,16.4031,35.1228,228.2693,79.1251,193.1465,1
U032,In my blood - Shawn Mendes,75.3734,405.8237,9.1887,8.6698,5.7919,103.7849,481.1971,109.5769,1
U024,Yo vivire (I will survive) - Celia Cruz,66.7768,204.3849,84.0858,87.2402,19.1689,149.6054,60.2455,130.4366,0
U051,Vamonos a marte - Kevin Kaarl,68.7918,430.2871,144.0119,176.1746,107.2878,485.2902,420.2635,378.0024,0
U108,La promesa - Melendi,65.788,40.638,83.3,121.3658,106.5769,256.871,8.5955,150.2941,0
U119,Aunque no te pueda ver - Alex Ubago,81.1035,305.0123,67.5717,93.8883,32.1213,102.9265,381.8707,70.8051,0
U077,Man down - Rihanna,20.79,146.3436,100.27,100.9794,128.6129,19.6168,125.5535,148.2297,0
U048,Taco placero - Paquita la del barrio,84.5936,94.2896,104.4102,61.3159,104.6026,176.1747,14.0049,71.5722,0
U110,La promesa - Melendi,77.6194,192.7988,22.9816,31.6462,75.8837,21.6903,289.3127,54.1934,1
U047,Borracho te recuerdo - Vicente Fernandez,84.5936,35.231,25.2661,25.4648,117.8302,64.3164,48.3347,53.5137,1
U063,Los besos - Greeicy,15.3413,104.1924,14.8108,31.239,19.772,39.4868,3.2136,19.7149,1
U040,Te quiero tanto - Kevin Kaarl,44.7784,417.8395,33.5333,14.181,9.5247,105.5438,484.2236,96.0192,0
U099,Valentine - Laufey,80.1763,234.917,9.397,33.3813,53.5195,40.8146,302.1566,94.3341,1
U068,Una y otra vez - Manuel Medrano,36.1812,160.282,4.1678,48.4097,12.4307,134.7946,135.8924,122.364,1
U072,La luna - Josean Log,65.2113,53.0213,98.6984,58.9106,56.5928,524.3815,225.5399,467.7888,0
U085,Una y otra vez - Manuel Medrano,80.9332,29.7282,28.8089,18.699,15.7298,114.65,216.7006,130.3798,1
U110,There's nothing holding me back - Shawn Mendes,77.6194,84.7727,22.616,35.4972,23.2364,1.1626,11.7413,22.0738,1
U049,No me culpes por sentir - Kevin Kaarl,53.9884,148.7871,29.0673,50.173,29.0496,11.2092,62.825,17.8404,1
U086,Mas fuerte - Greeicy,26.5292,483.83,8.6597,7.0355,120.1272,24.1051,511.5885,96.0221,1
U117,Stronger than me - Amy Winehouse,2.1558,267.7497,40.9604,37.9918,36.9454,82.6466,191.4448,45.7012,1
U007,Que me perdone tu perro - Paquita la del barrio,68.0895,626.211,47.7756,52.8446,8.9838,87.7678,793.2394,96.7516,0
U028,Beso - Josean Log,54.5809,74.2941,60.4948,54.4712,17.0449,97.8068,38.0846,114.8517,1
U092,Taco placero - Paquita la del barrio,60.5392,56.4762,17.4535,21.0802,59.8405,208.2139,3.666,148.3734,1
U033,Mas fuerte - Greeicy,9.8028,255.6674,0.0965,16.7166,7.0441,435.7649,183.6459,442.809,0
U078,"Volver, volver - Vicente Fernandez",84.5936,251.5545,106.9343,109.9778,32.2553,392.0958,251.6027,359.8405,0
U045,Me enamore - Shakira,6.1134,53.7972,35.9489,52.5267,13.8579,108.1737,0.87,122.0316,1
U106,You know i'm no good - Amy Winehouse,2.955,192.1987,111.9037,110.0661,122.4395,39.097,211.515,83.3425,0
U060,Someone like you - Adele,21.4795,190.3694,41.7075,7.3266,15.9248,181.7361,102.1818,165.8113,1
U113,Standing next to you - Jung Kook,59.4279,414.0566,117.0375,71.923,126.5149,138.8831,473.0141,12.3682,0
U052,La distancia - Manuel Medrano,66.8761,367.157,14.4744,19.9837,20.1395,43.9919,510.6783,64.1314,1
U036,Somedoy - Jung Kook,45.7711,200.1943,40.674,27.3531,72.8036,87.8384,220.4299,15.0348,1
U067,Fragile - Laufey,67.4105,497.643,127.6545,101.869,117.0706,72.7659,640.519,44.3047,0
U091,West coast - Lana del rey,44.8875,356.4606,72.4493,49.5688,55.8903,183.996,446.6211,239.8862,0
U119,Tierra - Josean Log,84.5936,395.9994,99.1775,78.065,85.0159,174.7585,315.6508,89.7426,0
U112,Es que yo te quiero a ti - Kevin Kaarl,63.9171,617.5831,50.0008,46.8584,20.7531,33.3043,771.9788,54.0573,0
U108,Las de la intruicion - Shakira,65.788,211.4018,49.0178,18.0258,1.9424,78.8369,243.4443,76.8945,1
U077,Never be alone - Shawn Mendes,32.3816,498.0637,13.7619,6.1391,11.4007,119.6002,530.4453,131.0009,1
U112,My love mine all mine - Mitski,21.8359,407.8999,103.4259,83.8605,86.4047,33.3043,520.2144,53.1004,0
U098,Young and beautiful - Lana del rey ,53.6847,128.813,15.0048,33.7023,97.0251,5.8593,71.7572,91.1658,1
U004,Send my love - Adele,64.4392,322.5065,160.3429,148.8026,134.1886,192.5406,458.6216,58.352,0
U090,Only girl - Rihanna,47.1664,162.459,28.6177,29.3382,43.3681,3.1018,88.6172,40.2663,1
U113,Bitch better have my money - Rihanna,33.9248,457.4877,133.4206,137.2405,196.9122,78.7646,490.942,118.1476,0
U118,Treat you better - Shawn Mendes,52.0939,488.9774,120.7093,107.6128,38.4989,85.6898,634.3355,47.191,0
U062,The girl is mine - Michael Jackson,23.8405,104.5338,34.153,47.0123,14.0661,123.0001,91.2411,137.0662,1
U082,Bad - Michael Jackson,80.5192,593.1626,154.3324,128.1142,80.3557,241.7883,739.902,161.4327,0
U099,Sabes - Alex Ubago,80.1763,80.4596,103.4291,128.3746,28.2147,143.1746,147.6992,114.9599,0
U002,Me arrepiento - Alex Ubago,56.0671,166.6445,78.8326,103.7278,3.5227,358.7597,125.3592,362.2824,0
U001,Cheque al portamor - Melendi,48.7455,23.1127,1.7787,8.0773,24.3602,10.5659,37.7875,13.7943,1
U062,La ley del monte - Vicente Fernandez,23.8405,223.5254,79.6798,96.2831,98.107,127.3744,236.8181,29.2674,0
U101,Beso - Josean Log,58.0326,149.6512,4.4262,18.2323,18.452,49.8665,86.9214,31.4145,1
U006,Sangre para derramar - Milo J,75.8642,60.7889,110.2624,166.8122,136.0415,354.2092,125.3904,218.1677,0
U072,Yo vivire (I will survive) - Celia Cruz,57.6244,281.3022,10.7019,8.8207,59.7098,364.2309,101.1966,423.9408,0
U061,No me culpes por sentir - Kevin Kaarl,57.6365,159.7979,0.8754,4.492,58.4648,40.788,69.2508,17.6768,1
U074,Desde que estamos juntos - Melendi,68.8065,9.734,14.6602,44.5681,30.0179,26.8709,86.7939,3.1469,1
U102,Rehab - Amy Winehouse,53.6847,15.1695,54.9594,84.0807,85.5608,344.0881,10.3324,429.649,0
U031,Niño - Milo J,69.8267,109.8503,48.6759,67.0692,4.1401,49.8012,65.6703,45.6611,1
U055,Niño - Milo J,52.7491,126.3687,22.7521,29.159,25.1648,31.7976,34.6624,6.6329,1
U119,Borracho te recuerdo - Vicente Fernandez,84.5936,63.2217,32.2574,21.2117,61.0449,93.1554,17.1269,32.1105,1
U043,Donde nadie pueda ir - Manuel Medrano,68.1244,309.4487,14.5881,17.0686,4.9628,66.8144,454.7301,61.8516,1
U011,Thriller - Michael Jackson,84.5936,516.3447,13.5858,18.4655,22.6311,44.8566,604.7317,67.4877,1
U058,Mentira - Greeicy,18.7617,311.7891,155.9055,147.6104,151.6743,191.3262,380.6913,39.6519,0
U015,Young and beautiful - Lana del rey ,53.6847,342.6675,76.5398,82.2987,70.4085,223.9553,306.7296,153.5468,0
U036,Too sad to dance - Jung Kook,60.6818,205.3674,56.9171,76.8545,35.4609,159.1512,200.0425,123.6904,0
U055,Addicted to you - Shakira,61.5804,402.9555,214.8652,201.2427,188.8238,235.6392,380.3323,46.8153,0
U059,Bored - Laufey,63.4427,75.5081,42.8963,13.0327,24.2468,104.653,14.2331,80.4062,1
U082,A veces a besos - Greeicy,68.5918,243.4682,82.2988,43.7531,108.1703,121.6115,378.2803,13.4412,0
U018,Los besos - Greeicy,53.8378,78.6997,85.5546,60.0725,33.9729,345.4801,84.0791,379.4529,0
U044,Set fire to the rain - Adele,62.6929,562.5984,77.6743,44.5807,149.209,63.9054,642.3381,85.3036,0
U050,Te busco audio - Celia Cruz,82.2871,415.7989,9.5533,30.2611,21.2431,101.7506,497.8636,122.9937,0
U048,Love on the brain - Rihanna,84.5936,167.0404,7.9358,32.2623,19.3295,52.5275,247.325,71.8571,1
U048,Quimbara - Celia Cruz,79.4931,383.0361,0.3899,32.2623,34.2705,115.5726,458.2201,149.8432,0
U033,Cola - Lana del rey,23.9072,255.6674,49.5989,22.4452,24.7679,247.096,197.7503,271.8639,0
U100,Cinnamon girl - Lana del rey,50.7652,394.106,161.6526,149.6214,98.0562,271.4816,510.4433,173.4253,0
U117,Si supieras - Kevin Kaarl,51.2882,289.6624,99.6595,102.5286,64.7346,69.5145,316.8348,4.7799,0
U094,Rehab - Amy Winehouse,29.9458,311.4491,86.1651,81.4466,102.2528,107.9274,382.1441,5.6745,0
U099,Quedate - Manuel Medrano,80.1763,239.1361,105.2904,107.8845,70.0561,181.8538,171.8965,111.7977,0
U107,La promesa - Melendi,72.1148,175.5812,21.2377,30.6099,25.9889,17.0861,258.8839,43.075,1
U050,Rehab - Amy Winehouse,53.6847,140.9476,6.9485,6.4887,23.7584,12.1962,194.4099,35.9547,1
U094,Smooth criminal - Michael Jackson,60.8547,598.8165,133.2913,78.3535,6.9754,379.3575,700.4204,386.3329,0
U052,Stronger than me - Amy Winehouse,17.7437,613.1287,133.8209,139.1525,101.5999,202.6694,707.5175,101.0695,0
U017,Rie y llora - Celia Cruz,9.8528,516.1587,104.3359,86.8722,101.7809,62.3898,527.1212,164.1706,0
U094,Bad - Michael Jackson,60.8547,598.8165,171.5756,173.6985,91.2996,313.7813,700.4204,222.4818,0
U097,Pierdeme el respeto - Paquita la del barrio,43.9037,140.0227,35.0211,56.2095,37.2965,104.2959,195.9377,66.9994,0
U052,Beat it - Michael Jackson,66.8761,613.1287,199.6583,226.3273,50.9982,475.8689,756.65,526.867,0
U095,El chofer - Vicente Fernandez,47.4012,154.5186,4.524,4.3925,35.5358,46.4713,108.1574,10.9355,1
U046,Sangre para derramar - Milo J,72.3414,256.9404,33.1513,81.2762,39.0715,81.7641,358.1763,42.6926,0
U009,Nobody - Mitski,84.5936,196.3549,88.265,121.0829,107.419,201.7503,125.0189,94.3313,0
U116,A veces a besos - Greeicy,66.298,121.4913,37.9144,29.7111,111.9325,20.9451,187.9713,132.8776,1
U005,Sin miedo a nada - Alex Ubago,28.6144,27.5167,6.6393,22.8575,28.2873,99.4279,47.7176,127.7153,1
U058,Rincon - Milo J,51.3542,54.1793,2.645,7.4031,4.8576,36.9717,47.3154,41.8293,1
U066,Borracho te recuerdo - Vicente Fernandez,79.5647,153.1967,65.6723,67.003,86.3258,397.0866,114.6656,310.7608,0
U058,Brooklyn baby - Lana del rey,17.623,619.2523,171.2309,165.1996,80.9481,265.9242,687.0158,184.9762,0
U037,Quedate - Manuel Medrano,62.7244,22.3867,4.1054,11.994,64.4097,67.6172,65.0556,3.2075,1
U101,West coast - Lana del rey,52.5236,265.6535,17.213,18.2323,37.3259,82.5801,322.8743,119.906,1
U110,Fecha de caducidad - Melendi,77.6194,553.0677,5.4585,17.5787,44.1962,15.656,649.5816,28.5402,1
U086,Quiero + - Greeicy,84.5936,440.3989,21.8635,42.7911,69.1832,43.9627,526.2219,25.2205,0
U117,There's nothing holding me back - Shawn Mendes,51.2882,370.0907,41.8544,34.2564,49.6481,10.9255,397.263,60.5736,1
U044,Te quiero tanto - Kevin Kaarl,84.5936,382.9134,70.6135,132.9416,2.8819,42.0233,484.5538,39.1414,0
U058,Que pides tu - Alex Ubago,51.3542,63.8307,21.7508,13.9805,16.3224,60.2011,37.664,43.8787,1
U059,Cinnamon girl - Lana del rey,53.2816,215.4767,98.0052,54.5169,36.5945,158.5363,266.5906,121.9418,0
U104,Rata de dos patas - Paquita la del barrio,33.0441,419.3892,94.5531,107.3361,58.0958,13.7036,447.1585,71.7994,0
U079,Bad - Michael Jackson,45.9075,555.6007,220.0104,196.5166,120.4197,113.5228,610.5761,6.8968,0
U026,A veces a besos - Greeicy,49.0432,203.3036,81.4402,60.2538,49.0507,117.845,267.1172,68.7943,0
U047,Es que yo te quiero a ti - Kevin Kaarl,84.5936,417.6537,71.1755,98.1414,156.5354,81.7036,501.2194,74.8316,0
U115,Vamonos a marte - Kevin Kaarl,50.0504,58.0984,10.8514,3.4706,12.4283,81.3939,52.6013,93.8221,1
U087,Thriller - Michael Jackson,45.6068,192.0469,85.4388,61.2782,125.9631,166.1467,140.8988,40.1836,0
U067,Say yes to heaven - Lana del rey,51.2635,605.8721,147.9067,61.1258,102.7216,199.6431,732.6011,96.9215,0
U026,Niño - Milo J,54.6376,160.2234,51.3347,53.0643,75.9209,71.0132,90.8155,4.9077,1
U085,Cheque al portamor - Melendi,80.9332,20.8423,14.304,30.4212,51.3554,18.7671,207.8147,32.5883,1
U013,Si hay algo - Josean Log,52.7759,110.6758,14.3473,0.2388,11.5599,26.8987,178.5207,15.3388,1
U016,La ley del monte - Vicente Fernandez,62.3968,371.6344,99.9197,94.783,87.3481,66.5668,462.1105,20.7813,0
U120,Rincon - Milo J,57.3892,445.4891,199.134,240.372,33.4378,590.8042,587.1757,557.3664,0
U074,Loba - Shakira,68.8065,528.4131,126.2098,98.9906,96.7448,183.7645,624.941,87.0196,0
U089,Rehab - Amy Winehouse,47.4408,54.2982,12.0974,57.9943,36.1706,178.3908,88.8388,142.2204,0
U037,A gritos de esperanza - Alex Ubago,62.3455,47.5507,36.2034,12.1473,21.0127,30.6589,39.5127,51.6716,1
U105,Por si acaso no regreso - Celia Cruz,41.1522,232.5901,9.3286,48.0889,73.2615,111.836,246.3327,38.5745,1
U047,Stitches - Shawn Mendes,84.5936,34.5426,19.3286,25.4648,78.8439,54.259,118.1083,24.5847,1
U071,Taco placero - Paquita la del barrio,23.9542,27.0228,34.0387,44.9407,26.8877,106.5763,11.9586,79.6886,1
U093,Rolling in the deep - Adele,79.6162,233.244,22.7593,3.0733,96.1448,87.8324,260.2435,8.3124,1
U047,Sangre para derramar - Milo J,83.8336,111.9614,106.6922,154.2186,124.0757,160.6034,194.7671,36.5278,0
U053,Washin machine - Mitski,22.2551,333.949,2.1911,25.131,57.8562,26.8222,286.2328,31.034,1
U055,I am - Milo J,56.3833,513.8799,17.0478,47.8776,23.9087,64.4976,609.2204,40.5891,0
U028,No me culpes por sentir - Kevin Kaarl,54.5809,150.3124,24.882,21.4277,18.1197,24.6855,37.9337,42.8052,1
U104,Rincon - Milo J,33.0441,222.8415,41.6022,34.6152,30.1088,186.7046,195.0722,156.5959,0
U035,Bored - Laufey,71.2139,70.0921,91.0961,72.8586,87.3767,177.1547,180.0384,89.778,0
U045,Rincon - Milo J,68.532,488.8447,183.1016,203.7541,88.0477,308.262,481.0933,220.2143,0
U036,Send my love - Adele,59.1263,92.9335,5.0628,10.7511,9.7936,62.7114,99.8139,52.9178,1
U032,Donde nadie pueda ir - Manuel Medrano,75.3734,144.8242,87.1055,69.1788,6.874,318.7311,220.1976,311.8571,0
U110,Hate you - Jung Kook,61.5654,105.0015,49.4983,62.6478,12.9132,25.0881,185.4614,12.175,1
U005,Un violinista en tu tejado - Melendi,28.6144,188.6051,45.0593,40.6667,24.3762,44.2102,168.4042,19.834,1
U056,Beso - Josean Log,15.0001,231.6899,15.0879,35.0369,18.7304,69.3104,223.2166,88.0408,1
U082,Para siempre - Vicente Fernandez,80.5192,30.3568,0.5298,6.983,36.5901,17.4338,116.3826,54.0239,1
U112,First love late spring - Mitski,63.9171,98.5093,44.8825,66.5051,24.0303,33.3043,252.905,57.3346,1
U026,Tierra - Josean Log,60.9706,232.6644,25.3376,1.8041,96.7241,35.8341,156.9235,60.89,1
U070,Alguien como tu - Josean Log,56.7316,56.9647,15.09,23.5495,50.1783,64.9276,163.4291,14.7493,1
U040,Washin machine - Mitski,51.7976,597.5245,132.8546,133.4438,96.687,191.7172,567.3326,95.0303,0
U119,Treat you better - Shawn Mendes,84.5936,243.1404,16.0818,19.6153,32.1213,74.8404,323.4891,42.719,1
U034,Rehab - Amy Winehouse,23.3919,301.3192,90.5085,90.5633,96.5825,69.067,355.5088,165.6495,0
U103,Te busco audio - Celia Cruz,73.357,609.272,71.6954,16.5954,66.485,195.0345,788.2184,128.5495,0
U104,La promesa - Melendi,33.0441,90.3212,11.071,13.2316,58.2609,81.3993,118.0905,23.1385,1
U095,Diamonds - Rihanna,55.411,428.2339,70.0628,83.7493,20.9248,0.6342,482.6049,20.2906,0
U034,Te busco audio - Celia Cruz,51.9943,576.1705,87.9037,66.7909,51.581,44.8798,658.9625,6.7011,0
U073,Donde nadie pueda ir - Manuel Medrano,70.7286,331.0135,20.5651,18.6187,28.9436,52.6721,488.5732,81.6157,1
U059,Estos celos - Vicente Fernandez,63.4427,280.8123,56.4006,72.4843,100.5212,22.4177,219.5373,78.1036,0
U058,Stronger than me - Amy Winehouse,2.2218,619.2523,161.5886,153.3721,106.2311,234.5258,671.6145,128.2947,0
U014,San lucas - Kevin Kaarl,84.5936,142.9979,100.9672,112.7833,35.9279,76.3859,46.9811,40.458,0
U001,Para siempre - Vicente Fernandez,48.7455,65.3041,14.7594,21.2361,13.6751,53.9521,4.4039,67.6272,1
U058,Remember the time  Michael Jackson,51.3542,588.0514,101.291,57.8945,61.6385,257.8694,689.5461,196.2309,0
U003,You da one - Rihanna,81.888,196.8313,50.415,33.8573,50.3442,51.5523,270.0672,101.8965,1
U040,Quedate - Manuel Medrano,44.7784,1.7269,21.7148,43.6194,47.3464,34.1254,64.6572,81.4719,1
U059,Too sad to dance - Jung Kook,62.2994,436.5408,40.9419,17.3151,37.8689,15.9043,496.6725,21.9647,1
U026,Diamonds - Rihanna,60.9706,534.2779,99.7447,110.8002,37.2432,81.1829,610.0188,43.9397,0
U023,Las de la intruicion - Shakira,84.5936,380.8106,30.2401,33.3129,11.1462,64.3934,465.8703,53.2472,1
U109,Si supieras - Kevin Kaarl,65.0651,57.6226,42.7796,37.6261,8.1407,32.5096,175.0556,40.6503,1
U013,Rehab - Amy Winehouse,21.867,276.1931,85.9707,60.6753,68.5808,94.9007,313.1291,26.3199,0
U039,Too sad to dance - Jung Kook,65.0658,253.1581,74.0591,113.9497,27.5181,281.512,241.1155,253.9941,0
U057,In my bed - Amy Winehouse,32.6927,161.2829,30.8851,26.1414,22.0073,254.6481,134.7269,276.6554,0
U118,Vamonos a marte - Kevin Kaarl,51.715,31.6191,46.4281,8.6111,36.0903,46.245,113.36,10.1547,1
U109,El chofer - Vicente Fernandez,57.0553,7.2496,95.5089,91.1294,42.8951,13.7228,116.6728,29.1723,0
U045,Sabes - Alex Ubago,68.532,95.0688,170.4117,201.7252,92.1575,249.3758,87.3174,157.2183,0
U072,Las de la intruicion - Shakira,65.2113,173.0731,21.2795,37.9488,43.1059,296.4964,0.5545,339.6023,0
U092,Borracho te recuerdo - Vicente Fernandez,60.5392,38.3477,3.467,1.144,52.3886,210.2022,14.4624,157.8136,1
U113,Valentine - Laufey,59.4279,332.2894,38.0147,1.6577,87.6339,13.7587,391.2469,73.8752,1
U079,Niño - Milo J,39.5745,157.6207,15.2019,1.1626,23.2627,195.5122,108.9783,218.7749,1
U057,Loba - Shakira,56.6341,161.2829,0.5106,19.8247,23.5353,125.1531,158.6683,148.6884,1
U036,Billie Jean - Michael Jackson,61.8251,205.3674,37.3388,49.8603,74.9162,10.7806,201.1858,64.1357,1
U036,Si supieras - Kevin Kaarl,61.8251,352.0447,159.3714,143.6112,126.6759,225.0978,356.2263,98.4219,0
U057,Easy on me - Adele,56.6341,210.7763,24.688,41.4484,3.5082,122.3085,208.1617,125.8167,1
U060,Stitches - Shawn Mendes,38.48,113.9131,18.274,12.4532,83.1335,276.1411,185.1002,193.0077,0
U044,Still with you - Jung Kook,84.5936,562.5984,27.7825,18.6086,73.1998,41.7443,664.2388,31.4556,0
U120,Top of the world - Shawn Mendes,57.3892,323.2116,139.8249,181.9042,27.7317,460.7215,464.8982,432.9898,0
U099,Mas fuerte - Greeicy,22.1119,360.1153,23.9278,22.7114,102.1861,69.8347,369.2904,172.0208,0
U012,Dont stop the music - Rihanna,32.3808,238.2874,62.1221,48.6618,58.2659,16.944,134.8587,75.2099,1
U109,La promesa - Melendi,65.0651,254.7658,54.9871,38.7549,29.4201,27.4027,372.1988,56.8228,1
U056,Para siempre - Vicente Fernandez,15.0001,180.8308,14.2718,40.209,23.9823,72.884,172.3575,96.8663,1
U051,Man down - Rihanna,15.9991,108.5756,37.8498,62.3821,11.999,394.4764,151.3448,382.4774,0
U004,Stronger than me - Amy Winehouse,18.0056,620.8074,146.6542,156.4629,118.9863,182.3153,710.4888,63.329,0
U048,Rara vez - Milo J,84.5936,53.1249,158.3075,131.9687,60.7458,300.1173,133.4095,239.3715,0
U108,Soltera - Shakira,65.788,188.8412,37.5879,14.1736,24.77,169.6469,220.8837,194.417,0
U067,Doma - Josean log,67.7894,359.9004,19.6191,21.559,46.7156,61.6571,503.1553,14.9414,1
U089,Stronger than me - Amy Winehouse,29.2173,347.9781,41.9358,8.1032,20.6517,70.5526,364.2951,49.901,1
U029,Si hay algo - Josean Log,82.3671,44.3468,67.4804,45.2549,10.1905,108.434,35.7552,98.2436,1
U035,Me arrepiento - Alex Ubago,71.2139,43.722,18.8754,39.3841,17.0474,20.8162,153.6683,37.8636,1
U105,Set fire to the rain - Adele,60.7136,294.1036,15.971,6.8927,136.923,27.9378,327.4077,164.8608,1
U093,Washin machine - Mitski,16.9598,233.244,82.6897,90.8053,54.759,17.7082,163.6675,72.4672,0
U011,Remember the time  Michael Jackson,84.5936,485.1438,20.2622,50.9578,35.9502,44.8566,573.5308,8.9064,0
U047,Fragile - Laufey,84.2147,315.7371,45.9795,13.6911,3.9736,7.2812,398.9239,3.3075,1
U008,Where have you been - Rihanna,23.3973,395.1427,144.255,112.6874,124.002,23.2288,399.1687,100.7732,0
U053,Waka waka - Shakira,43.412,302.7481,68.8961,15.0115,83.2286,291.6154,320.699,208.3868,0
U060,Love in the dark - Adele,38.48,139.1616,48.3089,23.0876,35.1228,230.5798,67.9745,195.457,0
U081,Remember the time  Michael Jackson,70.8128,197.8523,55.3586,103.168,38.0109,374.0264,171.4774,336.0155,0
U029,The girl is mine - Michael Jackson,82.3671,113.8224,23.6598,2.8521,43.0333,6.4022,33.7204,49.4355,1
U015,El chofer - Vicente Fernandez,76.5838,317.9358,115.9594,129.2925,126.8691,227.8075,259.0988,100.9384,0
U049,El chofer - Vicente Fernandez,45.9786,0.1371,99.4583,110.3143,43.2656,85.8958,78.0894,42.6302,0
U039,Rolling in the deep - Adele,66.2091,253.1581,32.5803,5.2608,11.3262,109.5122,242.2588,120.8385,1
U089,Los besos - Greeicy,51.7902,184.3099,5.8053,17.9511,6.8717,138.024,223.2,131.1523,1
U091,My love mine all mine - Mitski,8.3153,405.8512,100.4806,68.2061,49.1409,69.8375,459.4395,20.6965,0
U096,Milagrosa - Milo J,44.3041,224.9299,145.8912,155.8532,120.3998,672.7841,147.023,552.3842,0
U061,Es que yo te quiero a ti - Kevin Kaarl,57.6365,590.5989,30.9828,19.1707,78.3905,50.6214,681.146,129.0118,0
U052,Amor viejo - Kevin Kaarl,66.8761,118.1907,44.2635,59.2373,5.9534,9.6541,261.712,3.7007,1
U072,Love is a losing game - Amy Winehouse,17.0653,453.1498,32.8498,10.483,103.1038,484.3582,707.9449,587.4619,0
U110,The girl is mine - Michael Jackson,77.6194,24.3949,23.5948,23.6142,42.0255,9.5545,120.9088,51.58,1
U073,Sangre para derramar - Milo J,69.9686,335.529,21.6563,15.3208,3.1634,25.7304,492.3287,28.8938,1
U080,Nobody - Mitski,11.5538,143.4249,99.2296,85.9719,41.8142,21.7948,160.4842,63.609,0
U069,Rincon - Milo J,84.5936,268.6588,137.7773,172.3561,144.1382,274.0364,187.706,129.8982,0
U108,You know i'm no good - Amy Winehouse,8.4347,61.5827,3.3496,20.2865,32.6639,252.8598,86.8935,285.5237,0
U011,Send my love - Adele,81.8948,218.0438,53.7241,36.8595,95.7451,31.7383,303.732,64.0068,0
U033,Alguien como tu - Josean Log,67.8672,317.0772,135.0688,122.7815,159.8367,556.6446,331.0342,396.8079,0
U020,Love on the brain - Rihanna,81.4806,149.3673,60.8888,71.3702,10.1553,34.3612,218.4916,24.2059,1
U014,Sin miedo a nada - Alex Ubago,84.5936,148.5887,72.9722,109.3175,27.8748,22.5867,244.6055,50.4616,0
U011,Para siempre - Vicente Fernandez,84.5936,113.4872,83.4495,64.423,62.8751,104.8258,25.1002,41.9507,0
U115,Rara vez - Milo J,50.4293,285.422,1.0732,3.3457,2.5384,19.4306,396.5006,16.8922,1
U079,Waka waka - Shakira,14.9986,530.7123,218.3629,132.0499,159.2577,260.545,554.7788,101.2873,0
U093,Beat it - Michael Jackson,79.6162,233.244,20.1229,44.8013,84.8326,275.2466,260.2435,360.0791,0
U060,Ultraviolence - Lana del rey,38.48,0.5838,22.4189,59.1774,87.4112,237.4318,70.6033,150.0206,0
U020,Still with you - Jung Kook,81.4806,365.363,5.1428,4.1697,30.2613,87.9207,434.4873,57.6595,1
U019,Valentine - Laufey,65.9542,493.6111,116.9797,112.8913,57.8677,130.7291,669.1469,72.8614,0
U101,There's nothing holding me back - Shawn Mendes,58.0326,106.8006,35.4278,60.099,33.1205,8.3248,44.0707,24.7957,1
U037,Taco placero - Paquita la del barrio,62.7244,99.539,49.5091,46.5229,35.283,17.4811,186.9814,52.7641,1
U048,Por si acaso no regreso - Celia Cruz,43.1315,321.5226,4.5608,12.9451,11.5712,55.8479,360.345,44.2766,1
U045,Treat you better - Shawn Mendes,68.532,31.7518,88.4964,101.1856,68.4967,186.63,39.5033,118.1332,0
U001,Un violinista en tu tejado - Melendi,48.7455,57.1557,22.338,21.2787,32.7273,37.1749,3.7445,69.9022,1
U110,Beat it - Michael Jackson,77.6194,553.0677,171.2682,194.9202,89.241,343.758,649.5816,432.9989,0
U015,Bitch better have my money - Rihanna,59.0905,289.8493,15.1155,32.8698,15.8705,93.1808,331.1929,109.0513,1
U022,Los consejos - Greeicy,41.8354,110.3564,114.2906,126.3725,64.7527,104.381,173.2098,39.6283,0
U006,MAI - Milo J,76.2453,121.9262,92.7241,139.0305,110.2613,300.2739,186.9088,190.0125,0
U058,Tierra - Josean Log,51.3542,172.7226,14.1545,36.7157,38.2012,58.6856,71.2279,96.8868,1
U093,Limonar - Greeicy,35.0226,65.0569,96.0797,100.5802,52.2466,20.114,82.651,72.3606,0
U040,La promesa - Melendi,44.7784,237.2556,41.4174,42.484,29.5473,119.2237,303.6397,148.7711,0
U020,Milagrosa - Milo J,69.9987,365.363,114.7467,98.1273,99.3223,281.951,423.0053,182.6287,0
U034,Diamonds - Rihanna,54.3008,569.9665,122.1899,149.0005,101.6364,20.052,655.065,121.6883,0
U038,El chofer - Vicente Fernandez,52.4902,105.3498,19.769,28.4178,29.5752,25.8648,51.7734,3.7104,1
U056,La luna - Josean Log,15.0001,114.6776,21.6842,52.2924,14.8694,57.123,123.1509,71.9923,1
U043,La mujer que bota fuego - Manuel Medrano,68.1244,27.4778,15.1225,11.9223,3.4428,65.54,117.8036,62.0971,1
U087,Lover girl - Laufey,61.5953,160.846,115.1051,93.4306,22.7892,297.3285,2.4958,274.5394,0
U106,Por si acaso no regreso - Celia Cruz,12.9362,511.8988,159.0154,117.0099,110.7001,267.1084,547.1062,156.4083,0
U003,Easy on me - Adele,81.888,355.0986,59.7699,68.5432,38.5367,23.8328,428.3344,62.3695,0
U014,Stitches - Shawn Mendes,84.5936,164.7268,38.665,35.4722,8.4232,12.2347,260.7436,20.6578,1
U108,Diamonds - Rihanna,65.788,294.5983,22.7606,10.3655,22.1989,223.4454,326.6408,245.6443,0
U037,MAI - Milo J,62.3455,325.9972,0.3922,34.513,8.2964,26.8589,413.0606,18.5624,1
U067,Taco placero - Paquita la del barrio,67.7894,128.5464,42.4224,42.7769,12.1851,3.1566,271.8014,15.3417,1
U035,Aca entre nos - Vicente Fernandez,71.2139,532.6476,49.169,35.0628,55.35,94.5458,642.5939,39.1957,0
U098,Una y otra vez - Manuel Medrano,84.5936,75.0508,33.4343,52.8084,37.7331,71.6279,12.9139,33.8948,1
U070,In my blood - Shawn Mendes,56.7316,574.1885,102.222,93.9391,13.2395,118.7605,680.6529,105.5209,0
U095,Que me perdone tu perro - Paquita la del barrio,55.411,453.2665,1.3974,4.3925,113.0425,34.7797,507.6375,78.2628,1
U111,Someone like you - Adele,44.0362,134.753,27.8041,38.7913,69.7819,34.8077,41.2403,104.5896,1
U085,Only girl - Rihanna,73.3463,608.4828,196.8105,164.4411,93.1396,210.2364,787.8682,117.0969,0
U101,Que pides tu - Alex Ubago,58.0326,152.0432,21.5952,7.0444,29.8053,94.2788,89.3134,124.0841,1
U063,Que le den candela - Celia Cruz,16.8789,224.4295,17.1709,12.1957,35.3294,66.0426,84.8032,101.372,1
U117,Borracho te recuerdo - Vicente Fernandez,51.2882,191.4475,39.5536,21.8113,83.5159,11.5905,218.6199,71.9254,1
U098,Yes or no - Jung Kook,81.1035,37.1923,13.6822,17.1246,83.403,21.7213,121.6669,61.6818,1
U024,Standing next to you - Jung Kook,74.3637,160.9538,29.2086,30.643,4.2502,78.8397,24.4014,83.0899,1
U099,Why why why - Shawn Mendes,80.1763,274.9742,22.2334,74.6129,21.0129,49.9771,342.2138,70.99,1
U107,Taco placero - Paquita la del barrio,72.1148,58.5244,12.6742,29.0424,14.6613,17.0861,141.8272,31.7474,1
U107,Caminando por la vida - Melendi,72.1148,335.2365,1.936,1.4653,56.1266,36.1575,418.5392,92.2841,1
U104,Mujeres divinas - Vicente Fernandez,33.0441,51.2516,8.6023,9.5036,32.8644,152.6174,23.4823,119.7531,1
U106,Rie y llora - Celia Cruz,24.5957,567.0998,121.5688,86.988,110.7001,47.2599,613.9668,63.4402,0
U053,Mentira - Greeicy,41.7284,26.4858,33.4832,17.5391,116.3059,3.3779,42.7531,112.928,1
U099,La ley del monte - Vicente Fernandez,80.1763,159.5017,6.5154,4.4887,93.7743,61.1364,226.7413,154.9107,1
U061,Dame tu aire - Alex Ubago,57.6365,86.1716,10.0768,0.1928,20.904,1.9625,4.3755,22.8666,1
U030,Mujeres divinas - Vicente Fernandez,84.5936,140.7677,149.3723,135.9586,180.0854,162.4708,63.9104,17.6146,0
U043,A veces a besos - Greeicy,56.197,269.9621,136.9631,113.4793,97.3063,128.4903,403.3162,31.184,0
U096,Pierdeme el respeto - Paquita la del barrio,55.786,200.2871,108.1159,103.8445,181.2094,556.7263,266.712,375.5168,0
U032,Si pudiera - Manuel Medrano,75.3734,370.3813,97.9633,86.0862,35.9969,298.8194,445.7547,262.8225,0
U049,MAI - Milo J,53.6095,357.0547,42.9471,36.5562,9.2646,55.2357,442.6379,45.9712,1
U073,Too sad to dance - Jung Kook,69.5853,647.5338,145.4308,99.4724,119.4052,78.5792,803.9502,40.8261,0
U106,Tierra - Josean Log,54.3983,218.5626,6.2324,31.722,21.9928,48.5056,141.893,26.5128,1
U030,Mercy - Shawn Mendes,84.5936,160.4604,93.3519,64.3998,133.1667,68.6063,237.3177,64.5604,0
U115,First love late spring - Mitski,50.4293,89.9469,17.9293,40.9048,80.9257,85.1365,201.0255,166.0621,1
U009,Vamonos a marte - Kevin Kaarl,84.2147,315.4943,195.4859,239.979,187.099,327.3425,244.5373,140.2435,0
U113,Borracho te recuerdo - Vicente Fernandez,59.4279,1.7095,9.7223,2.2922,0.6369,44.1705,57.248,44.8074,1
U029,Say yes to heaven - Lana del rey,65.8412,414.8504,69.16,19.8887,49.3428,171.6439,478.4265,122.3011,0
U073,Amor viejo - Kevin Kaarl,70.7286,152.5958,5.512,25.1537,22.3169,47.5298,310.1555,69.8467,1
U119,Niño - Milo J,78.2606,323.5584,125.1746,132.9334,64.2127,209.9376,249.5428,145.7249,0
U038,Someone like you - Adele,43.4995,417.2942,93.0646,75.4116,23.0841,90.2892,461.8799,67.2051,0
U094,Los consejos - Greeicy,60.8547,117.175,65.4916,89.3374,67.0136,107.9274,218.7789,40.9137,0
U086,There's nothing holding me back - Shawn Mendes,84.5936,154.0104,55.2583,71.6234,18.3314,17.712,68.1873,0.6194,1
U109,MAI - Milo J,64.6862,364.1672,38.9977,17.3713,8.8941,16.9373,481.2213,25.8313,1
U020,A veces a besos - Greeicy,69.5532,9.3561,2.387,0.6754,4.8317,87.9207,66.5531,83.089,1
U012,Gitana - Shakira,19.9338,117.7195,15.0208,18.285,28.1991,67.3703,233.5952,95.5694,1
U052,Diamonds - Rihanna,66.8761,588.0961,111.4691,131.4922,91.1349,143.8462,731.6174,52.7113,0
U068,Tu jardin con enanitos - Melendi,36.1812,412.1601,3.5637,41.0445,2.7193,46.566,436.5497,49.2854,1
U011,A veces a besos - Greeicy,72.6662,160.3378,0.6209,13.6869,81.8853,0.6481,236.7975,82.5334,1
U067,La ley del monte - Vicente Fernandez,67.7894,405.2585,100.6137,87.6558,122.5186,38.7757,548.5134,83.7429,0
U099,Summertime sadness - Lana del rey,79.4163,360.1153,1.5377,27.835,29.8585,65.5107,426.5949,95.3692,1
U103,Cheque al portamor - Melendi,75.6635,40.4601,11.6896,31.7909,21.6228,19.2009,221.713,2.4219,1
U085,Addicted to you - Shakira,39.7293,418.2731,189.9051,166.7119,144.3867,207.3754,484.583,62.9887,0
U020,The girl is mine - Michael Jackson,81.4806,163.3098,38.7927,26.5999,111.5568,126.7636,94.1855,15.2068,0
U101,In a lake portuguese -  Mitski,28.5714,405.8415,36.433,48.216,74.0435,60.3429,381.9672,134.3864,0
U055,Tierra - Josean Log,59.0821,198.8097,3.245,25.7094,45.968,3.3815,100.7704,49.3494,1
U088,Waka waka - Shakira,32.0813,552.8418,160.5307,89.7006,103.6755,397.8886,608.8523,294.2131,0
U027,Rehab - Amy Winehouse,18.4362,59.397,23.0658,53.3064,28.9051,372.6477,149.8429,401.5528,0
U050,Borracho te recuerdo - Vicente Fernandez,84.5936,24.5697,33.4293,0.1943,81.184,1.4049,59.8015,82.5889,1
U053,Where have you been - Rihanna,74.3209,333.949,74.991,39.1628,90.3814,100.1504,382.8088,9.769,0
U021,Mentira - Greeicy,20.7553,95.1031,15.6404,36.2804,100.1845,220.0923,220.4099,320.2768,0
U107,Ya para que - Greeicy,8.2109,535.8501,106.2348,103.02,143.1381,68.4193,555.2489,74.7188,0
U062,Easy on me - Adele,23.8405,424.139,138.094,147.0055,80.8515,240.4216,437.4317,159.5701,0
U034,Vamonos a marte - Kevin Kaarl,53.9219,78.4325,5.9221,0.5476,18.1551,76.5957,6.2871,94.7507,1
U089,Cheque al portamor - Melendi,78.3497,239.6624,98.0872,130.153,126.0343,240.2776,174.2129,114.2434,0
U021,My love mine all mine - Mitski,11.2666,3.6356,51.6748,53.4355,2.7326,288.517,138.4311,291.2496,0
U033,Tierra - Josean Log,67.8672,536.3075,128.6338,92.2795,152.5905,546.2771,550.2645,393.6866,0
U028,Sin remitente - Melendi,54.5809,81.4288,26.3173,3.8227,12.1414,57.9942,30.9499,45.8528,1
U080,Para siempre - Vicente Fernandez,11.5538,218.9646,7.1434,15.3414,87.3374,158.3589,236.024,71.0215,1
U019,Los consejos - Greeicy,65.9542,130.8554,94.4946,118.4376,40.5739,59.1988,306.3912,18.6248,0
U094,Chicago - Michael Jackson,60.8547,394.2311,94.3771,70.7753,78.6629,208.2502,495.835,129.5873,0
U086,Rara vez - Milo J,84.5936,153.9188,120.8413,149.7673,20.8685,126.7583,239.7418,147.6267,0
U031,Pobre pistolita - Paquita la del barrio,76.1597,249.4147,34.8807,23.2439,24.9433,72.9805,431.2683,97.9239,1
U105,Gitana - Shakira,69.7884,61.9033,31.5373,53.3118,98.7809,93.2658,19.5244,192.0467,0
U066,Only girl - Rihanna,71.9778,306.0005,85.9332,49.4062,73.2479,243.571,336.9446,316.8188,0
U084,Tres veces te engañe - Paquita la del barrio,59.2101,202.7933,20.4507,65.8767,9.9702,226.5108,48.4366,216.5406,0
U048,Que le den candela - Celia Cruz,25.8139,339.605,43.6801,26.6742,18.0108,124.8415,361.1099,106.8308,0
U012,Waka waka - Shakira,1.8508,207.0865,80.2676,20.0059,26.785,242.9956,73.1278,216.2106,0
U001,Quedate - Manuel Medrano,48.7455,34.7236,9.8707,8.0773,27.2971,2.9438,26.1766,30.2409,1
U010,Un violinista en tu tejado - Melendi,41.8107,38.4948,22.7071,37.2344,34.5674,40.8929,18.447,75.4604,1
U045,Brooklyn baby - Lana del rey,34.8008,184.5869,14.5157,31.1514,2.242,79.3095,158.6071,77.0674,1
U029,Pobre pistolita - Paquita la del barrio,82.3671,54.5815,31.6984,0.0674,82.083,20.8314,134.6835,61.2517,1
U034,Chachacha - Josean log,54.3008,25.2857,39.117,42.5459,45.1758,70.9656,110.3842,116.1412,1
U106,Love is a losing game - Amy Winehouse,27.8783,161.0397,103.4426,99.9466,147.8311,25.2581,166.6466,122.5729,0
U048,La ley del monte - Vicente Fernandez,84.5936,182.4225,46.2189,16.437,30.1011,140.5556,262.7071,170.6568,0
U011,Que le den candela - Celia Cruz,25.8139,472.9136,6.265,0.5778,39.2214,19.4026,502.5209,58.624,1
U116,Pobre pistolita - Paquita la del barrio,78.2254,117.2293,11.3039,6.7061,33.8423,87.0216,195.6366,53.1792,1
U027,Estos celos - Vicente Fernandez,49.3451,483.0702,104.5407,116.1418,104.4311,389.346,542.6072,284.9147,0
U014,Milagrosa - Milo J,73.1117,554.1504,121.8785,131.3277,20.0963,119.777,638.6852,99.6807,0
U085,Bad - Michael Jackson,80.9332,602.1703,157.0963,133.9894,27.5551,248.9736,789.1427,221.4186,0
U013,Pierdeme el respeto - Paquita la del barrio,52.7759,144.656,19.9892,23.1229,69.858,102.6053,212.5009,172.4634,1
U073,Still with you - Jung Kook,70.7286,647.5338,145.6959,119.8745,105.7831,142.6326,805.0935,36.8494,0
U117,I bet on losing dogs - Mitski,50.1449,236.5488,35.2405,18.6092,69.8885,19.4299,208.2331,50.4587,1
U003,Cinnamon girl - Lana del rey,71.7269,134.0345,56.5626,50.7495,37.2623,23.8328,197.1092,61.0951,1
U053,Remember the time  Michael Jackson,74.3209,302.7481,21.1313,72.1768,26.2701,69.9211,351.6079,43.651,1
U110,Estos celos - Vicente Fernandez,77.6194,164.2854,30.0773,21.1875,85.498,53.978,67.7715,31.5201,1
U097,Una y otra vez - Manuel Medrano,43.9037,13.5149,58.1257,33.3254,46.9042,40.4702,42.4001,87.3744,1
U018,Combustion - Josean Log,80.3973,128.4497,153.7446,146.8512,113.5476,385.8469,160.3885,272.2993,0
U031,Desde que estamos juntos - Melendi,76.1597,22.0431,19.2083,44.8648,2.2884,4.1556,203.8967,1.8672,1
U059,Promise - Laufey,63.4427,430.2283,56.2643,14.7241,31.5697,58.9192,491.5033,27.3495,0
U097,MAI - Milo J,43.5248,314.3722,10.634,0.9158,15.7346,140.7511,369.9083,156.4856,1
U118,Lover girl - Laufey,55.1082,610.6116,128.9318,107.6128,130.0366,53.7737,648.7675,76.263,0
U026,Que me perdone tu perro - Paquita la del barrio,60.9706,559.3105,28.2845,31.4434,96.7241,45.769,635.0514,142.4931,0
U068,Rara vez - Milo J,36.1812,88.5614,47.3199,72.2678,1.8687,45.0889,112.951,43.22,1
U037,Sabes - Alex Ubago,62.7244,297.209,2.2441,32.4841,22.5683,28.938,384.6513,6.3697,1
U038,Retirada - Milo J,57.0099,32.2982,47.4393,24.1509,55.7977,133.6368,90.3943,189.4345,0
U037,Bajo el agua - Manuel Medrano,62.7244,113.3119,18.1275,26.2548,16.3495,116.4539,25.8696,100.1043,1
U083,Si hay algo - Josean Log,84.5936,71.9793,41.8165,39.2906,11.8222,33.9412,166.051,22.1191,1
U061,Summertime sadness - Lana del rey,56.8765,596.9114,113.0439,93.4437,23.6507,101.2417,686.6985,77.591,0
U008,Mentira - Greeicy,9.1952,87.6795,102.7472,91.0637,149.9265,73.5437,59.113,223.4702,0
U008,Estos celos - Vicente Fernandez,23.3973,322.2104,27.0778,32.1075,44.3718,154.8806,318.1844,110.5087,0
U118,Bajo el agua - Manuel Medrano,52.0939,48.3641,22.9106,13.3025,21.0569,64.5719,96.9939,85.6287,1
U019,La mujer que bota fuego - Manuel Medrano,65.9542,34.6374,6.7044,16.8806,8.0746,49.1544,140.8984,41.0797,1
U013,Azul celeste - Paquita la del barrio,52.7759,160.3347,87.6071,93.6533,48.4447,143.9157,228.1796,192.3606,0
U004,The girl is mine - Michael Jackson,67.138,92.1346,64.8182,72.3317,13.6037,121.3113,230.9485,107.7076,0
U075,Rolling in the deep - Adele,67.6972,212.2571,9.6376,37.6692,39.3927,39.0058,96.8394,0.3869,1
U025,Si supieras - Kevin Kaarl,67.5389,84.0563,6.1945,2.0962,40.565,53.6259,247.1934,13.0609,1
U045,La distancia - Manuel Medrano,68.532,61.3848,143.5045,162.1477,98.6984,269.3854,53.6334,170.687,0
U005,Rincon - Milo J,28.6144,240.3532,43.4206,49.9843,38.4494,24.2985,220.1523,14.1509,1
U041,Vamonos a marte - Kevin Kaarl,84.2147,318.6083,108.9194,123.5583,1.795,331.063,251.7814,332.858,0
U030,Fragile - Laufey,84.2147,252.8449,32.697,39.9494,64.8986,21.6434,329.3233,43.2552,1
U105,Easy on me - Adele,82.6143,294.1036,26.0847,0.8584,74.5359,28.4797,349.3084,46.0562,1
U004,Why why why - Shawn Mendes,67.138,535.6663,81.5962,51.4783,53.0154,136.8449,674.4802,83.8295,0
U102,Los consejos - Greeicy,84.5936,209.4436,75.6329,76.1899,50.3216,344.0881,153.0328,394.4098,0
U043,Las de la intruicion - Shakira,68.1244,517.7399,181.5248,171.686,61.3575,236.4367,663.0213,175.0792,0
U104,Fecha de caducidad - Melendi,33.0441,450.5901,17.3691,0.8359,26.5734,75.365,478.3594,48.7917,1
U098,Los consejos - Greeicy,84.5936,15.7498,11.2309,15.5189,56.732,0.0976,103.7145,56.6345,1
U027,"Volver, volver - Vicente Fernandez",49.3451,227.9704,19.9901,47.012,18.6493,308.0091,168.4334,289.3597,0
U067,Never be alone - Shawn Mendes,67.7894,605.8721,17.9573,15.74,0.1416,29.1311,749.127,28.9895,1
U039,Amor viejo - Kevin Kaarl,66.2091,241.7799,213.9779,238.5758,124.6064,407.621,252.6792,283.0147,0
U083,Pobre pistolita - Paquita la del barrio,84.5936,170.9076,6.0345,6.0317,83.7147,53.6614,264.9793,137.3762,1
U103,Euphoria - Jung Kook,31.0699,480.7292,159.2226,104.5336,178.9275,242.4988,617.3885,63.5714,0
U034,Cinnamon girl - Lana del rey,44.1397,373.935,163.4394,154.7291,100.362,95.1887,448.8724,5.1732,0
U024,Love on the brain - Rihanna,74.3637,11.6108,38.1643,26.6318,5.1476,136.2578,148.1632,131.1102,1
U006,Too little too late - Laufey,64.6968,203.7557,2.2723,19.9798,5.2839,259.8991,257.1899,254.6151,0
U027,Para siempre - Vicente Fernandez,49.3451,395.549,92.5175,96.1517,98.9939,391.1483,455.086,292.1543,0
U080,When we were young - Adele,11.5538,319.9041,134.2201,132.1236,19.21,3.3221,302.8447,22.5321,0
U038,Combustion - Josean Log,60.5,388.5171,3.3391,2.6019,96.3901,27.7743,450.1033,68.6158,1
U026,Smooth criminal - Michael Jackson,60.9706,552.998,115.1895,49.2699,77.0389,303.598,628.7389,380.6369,0
U046,Top of the world - Shawn Mendes,73.1014,17.7911,29.1543,4.9733,17.7473,41.2886,119.787,59.0359,1
U063,Rata de dos patas - Paquita la del barrio,41.9008,236.6597,28.153,38.4694,16.8921,82.4051,155.8131,99.2973,1
U037,Rara vez - Milo J,62.7244,246.9535,4.3882,24.1299,8.5738,106.4615,334.3958,115.0352,1
U017,Waka waka - Shakira,8.7465,491.2703,166.1634,109.9503,125.8862,262.7228,501.1265,136.8367,0
U023,Cinnamon girl - Lana del rey,74.4325,267.9756,45.2324,31.3812,34.0131,35.0256,342.8742,1.0125,1
U089,Doma - Josean log,78.3497,102.0064,75.368,92.854,183.0954,227.6151,167.4559,44.5197,0
U113,El chofer - Vicente Fernandez,51.4181,150.2974,2.3457,24.9218,54.1726,55.8621,99.3497,110.0347,1
U018,First love late spring - Mitski,80.3973,283.0184,180.9658,146.8512,142.2508,389.633,251.0796,247.3822,0
U010,La luna - Josean Log,41.8107,248.8652,67.2169,91.8326,2.7221,34.4731,305.807,37.195,0
U105,Treat you better - Shawn Mendes,82.6143,141.2685,60.3587,74.9271,6.5368,103.8599,196.4734,97.323,0
U106,Beso - Josean Log,54.3983,107.2787,30.9977,34.2635,15.7265,2.5778,30.6091,13.1487,1
U104,Let you break my heart again - Laufey,60.7491,331.0155,98.2208,107.3361,69.2405,10.8495,264.9916,58.3911,0
U026,Dame tu aire - Alex Ubago,60.9706,123.7725,25.2329,32.9971,53.9718,20.2771,48.0316,33.6948,1
U102,Euphoria - Jung Kook,40.0,131.139,29.963,19.9149,153.0018,182.677,142.9562,335.6787,0
U064,A gritos de esperanza - Alex Ubago,56.5447,1.1315,73.4062,56.7753,35.544,11.9441,152.0028,47.4881,1
U053,Taco placero - Paquita la del barrio,74.3209,143.3767,55.3342,56.4385,57.0505,45.6713,94.5168,11.3792,1
U105,Limonar - Greeicy,38.0207,4.1973,46.3855,74.9271,69.482,50.0989,6.4139,119.5809,1
U110,Vamonos a marte - Kevin Kaarl,77.2405,120.3639,33.1888,49.463,30.5892,44.8084,24.2289,14.2192,1
U022,Cheque al portamor - Melendi,41.8354,10.6699,48.9743,46.323,10.1282,42.4942,73.5233,32.3661,1
U100,Si supieras - Kevin Kaarl,60.9263,57.758,2.135,11.0327,8.1156,62.903,184.2564,54.7873,1
U056,Loba - Shakira,15.0001,399.5077,134.6631,143.3901,128.9977,252.7957,407.981,123.798,0
U063,I'll change for you - Mitski,14.0425,267.8606,44.8902,49.633,18.0951,84.7971,131.0707,102.8921,1
U053,Still with you - Jung Kook,74.3209,333.949,1.2658,30.0608,46.7756,24.4164,382.8088,22.3593,1
U012,Rolling in the deep - Adele,32.7597,238.2874,119.0116,63.7532,42.7984,83.743,135.2376,40.9446,0
U037,Mercy - Shawn Mendes,62.7244,376.2511,74.0863,81.1646,25.7046,40.1275,463.6934,14.4229,0
U005,Pobre pistolita - Paquita la del barrio,28.6144,72.8095,25.6484,29.5792,71.793,85.018,93.0104,156.8111,1
U042,Ultraviolence - Lana del rey,84.0393,67.2938,90.0341,76.3501,47.2129,260.0114,202.2047,212.7985,0
U066,La ley del monte - Vicente Fernandez,79.5647,105.3869,21.4675,42.0603,40.926,359.4792,143.918,400.4052,0
U063,Sabes - Alex Ubago,41.9008,11.7951,95.3124,101.453,109.2065,31.7097,92.6417,77.4968,0
U039,Las de la intruicion - Shakira,66.2091,144.929,31.9881,40.186,51.6594,109.5122,134.0297,57.8529,1
U016,Desde que estamos juntos - Melendi,62.3968,15.3925,7.7347,19.677,36.643,33.866,75.0836,2.777,1
U031,Sabes - Alex Ubago,76.1597,330.0279,21.4984,54.2907,4.2905,22.5502,511.8815,18.2597,1
U075,Too sad to dance - Jung Kook,66.5539,212.2571,97.0018,156.8797,0.5484,132.994,95.6961,133.5425,0
U099,Soltera - Shakira,80.1763,229.3256,35.3001,26.5195,79.0899,9.5314,296.5652,88.6214,1
U052,Me enamore - Shakira,4.4575,482.339,122.03,129.6047,92.4168,205.2036,563.4417,112.7868,0
U052,Rara vez - Milo J,66.8761,283.2175,14.5769,11.2396,17.5435,13.522,426.7388,31.0654,1
U010,Rara vez - Milo J,41.8107,253.2775,34.8916,38.2999,47.5265,39.6185,310.2193,87.145,1
U030,Mas fuerte - Greeicy,26.5292,361.074,42.3254,26.9625,51.0388,64.3319,379.8668,13.2931,1
U034,Los besos - Greeicy,27.7413,431.3309,108.4112,130.6065,125.8814,28.7002,489.87,154.5814,0
U009,Los consejos - Greeicy,84.5936,130.0167,131.573,140.9773,143.9108,319.8138,58.6808,175.9031,0
U074,Stitches - Shawn Mendes,68.8065,188.4829,54.7269,44.9492,5.7077,46.0119,285.0108,40.304,1
U004,La distancia - Manuel Medrano,67.138,374.8357,27.3077,37.2941,2.7531,23.6378,513.6496,26.3909,1
U057,Me enamore - Shakira,5.7845,79.9866,9.2079,16.0386,4.7901,176.1918,14.9534,180.9819,1
U020,Billie Jean - Michael Jackson,81.4806,365.363,24.456,10.7618,56.0945,3.6035,434.4873,52.4911,1
U038,The girl is mine - Michael Jackson,60.5,26.2375,25.8236,31.3037,68.0322,19.0599,35.3487,87.0921,1
U071,Dame tu aire - Alex Ubago,23.9542,232.7801,18.7902,26.7776,0.6545,174.6107,217.716,173.9561,1
U003,Billie Jean - Michael Jackson,81.888,355.0986,19.0776,5.9117,0.9186,18.0942,428.3344,17.1755,1
U051,Te busco audio - Celia Cruz,66.8642,224.3159,62.0303,108.8361,73.8619,363.8147,232.4119,289.9528,0
U074,Bajo el agua - Manuel Medrano,68.8065,112.2701,32.8337,47.7647,21.797,95.9922,15.7422,74.1952,1
U111,Hombres malvados - Paquita la del barrio,61.0367,295.5181,50.9429,30.1365,89.4649,99.4566,454.5109,188.9214,0
U013,Si supieras - Kevin Kaarl,52.7759,12.4609,0.616,13.7476,17.5803,50.5778,80.3058,68.1582,1
U003,Las de la intruicion - Shakira,81.888,246.8695,41.5703,52.6812,14.3954,5.535,320.1053,8.8604,1
U037,Si pudiera - Manuel Medrano,62.7244,485.9015,29.8795,45.2626,37.4193,87.8242,573.3438,50.4049,0
U101,Valentine - Laufey,58.0326,405.8415,66.021,68.5942,86.2497,43.738,468.5713,42.5117,0
U107,Me arrepiento - Alex Ubago,72.1148,2.5689,39.008,46.8769,15.2593,44.4694,80.7338,29.2101,1
U067,La distancia - Manuel Medrano,67.7894,359.9004,17.5764,3.3474,6.0113,63.2721,503.1553,57.2608,1
U108,Top of the world - Shawn Mendes,65.788,231.5232,54.5221,84.2816,72.7187,232.0936,199.4807,159.3749,0
U044,Rincon - Milo J,84.5936,110.8332,93.2606,126.0222,13.8018,133.6487,9.1928,119.8469,0
U026,Sin miedo a nada - Alex Ubago,60.9706,153.7488,13.2128,15.1879,53.2184,66.1784,229.4897,119.3969,1
U081,Beso - Josean Log,70.8128,451.6378,117.7298,121.8053,131.5843,527.2824,478.0127,395.6981,0
U107,La ley del monte - Vicente Fernandez,72.1148,335.2365,70.8655,73.9213,120.0424,52.7052,418.5392,67.3372,0
U067,Pierdeme el respeto - Paquita la del barrio,67.7894,180.6551,16.9082,18.8663,38.2296,4.7282,323.91,33.5014,1
U090,Rincon - Milo J,54.7533,510.9726,201.4174,188.0431,106.833,253.7308,577.2274,146.8979,0
U111,Mas fuerte - Greeicy,2.9723,219.8941,32.1059,6.4283,99.2505,110.361,2.8368,209.6115,1
U077,Me arrepiento - Alex Ubago,32.3816,40.3553,13.4552,11.2633,1.2408,148.868,7.9737,147.6272,1
U100,Colapso - Kevin Kaarl,60.9263,86.5594,42.2147,39.5263,10.021,25.9705,39.9391,35.9914,1
U036,When we were young - Adele,61.8251,114.4042,15.1597,4.7486,61.8664,44.2387,110.2226,17.6277,1
U086,Brooklyn baby - Lana del rey,50.8624,483.83,37.1988,12.4523,79.6419,120.8315,535.9218,41.1897,0
U084,Rolling in the deep - Adele,59.2101,240.127,44.1783,14.4305,56.402,370.175,85.7703,426.577,0
U117,Never be alone - Shawn Mendes,51.2882,267.7497,78.0052,100.2644,78.9243,41.8899,240.5773,37.0344,0
U017,Si supieras - Kevin Kaarl,39.6554,34.9409,4.1863,7.7422,11.8403,134.4762,5.8242,146.3164,1
U107,Treat you better - Shawn Mendes,72.1148,383.015,42.8363,50.575,21.7142,33.4128,466.3178,11.6987,1
U063,Caminando por la vida - Melendi,41.9008,67.247,54.2974,52.9537,51.1333,38.5342,13.5996,12.5991,1
U095,Stitches - Shawn Mendes,55.411,63.8429,17.8381,31.6065,50.0852,24.7223,118.2139,25.3628,1
U045,Desde que estamos juntos - Melendi,68.532,403.0536,168.1216,192.2993,94.1596,267.7704,395.3022,173.6108,0
U003,You know i'm no good - Amy Winehouse,24.5347,26.115,4.0979,14.3689,49.0017,168.4879,10.2325,217.4896,1
U020,Por si acaso no regreso - Celia Cruz,40.0185,303.8495,48.3922,26.1628,17.9136,74.0142,331.5116,91.9278,1
U043,San lucas - Kevin Kaarl,68.1244,71.1793,40.7407,34.5718,13.0159,22.1489,74.1021,9.133,1
U035,First love late spring - Mitski,71.2139,56.7547,4.2344,3.4415,50.9799,62.9962,166.701,113.9761,1
U107,First love late spring - Mitski,72.1148,10.4638,24.367,4.0513,49.1918,2.2894,93.7665,46.9024,1
U081,Los besos - Greeicy,44.2533,65.385,31.1915,33.7447,20.3617,464.8414,12.4507,485.203,0
U104,Es que yo te quiero a ti - Kevin Kaarl,33.0441,444.2776,9.082,6.3197,78.1866,100.7748,472.0469,22.5884,1
U087,Lo hecho esta hecho - Shakira,11.8756,192.0469,13.1098,19.1245,10.1369,74.1873,107.1676,84.3242,1
U073,Sabes - Alex Ubago,70.7286,367.8781,37.3427,14.4898,14.6717,26.1258,525.4378,11.4541,1
U105,Soltera - Shakira,82.6143,163.3139,3.5448,20.5726,77.107,32.9625,218.5187,110.0696,1
U005,Amor viejo - Kevin Kaarl,28.6144,61.8596,62.5614,87.5989,34.914,39.0679,41.6587,4.1539,1
U108,Por si acaso no regreso - Celia Cruz,24.3259,258.1174,50.4613,13.3427,20.9245,24.8484,248.6977,45.7729,1
U093,Gitana - Shakira,66.7903,122.7629,81.2315,78.9649,81.5455,63.2809,108.5893,144.8264,0
U072,Tu jardin con enanitos - Melendi,65.2113,274.9897,87.2675,81.22,7.1948,506.8182,102.4711,499.6234,0
U045,Fragile - Laufey,68.1531,76.3578,33.4264,63.6261,24.3835,133.3474,83.7303,157.7309,0
U055,My you - Jung Kook,41.1241,473.5906,58.8393,53.9182,68.2334,25.4174,553.6719,42.8161,0
U064,Easy on me - Adele,56.9236,625.5469,203.3174,186.7522,96.6965,184.8622,776.7971,88.1657,0
U002,Euphoria - Jung Kook,11.4735,224.4031,98.2393,49.9991,183.956,151.3825,221.0948,335.3384,0
U048,Estos celos - Vicente Fernandez,84.5936,334.317,145.4178,110.5095,125.5445,208.4624,254.0324,82.9179,0
U089,Send my love - Adele,75.6509,49.6772,55.6245,0.4429,5.4494,60.3273,112.4279,54.878,1
U093,Bad - Michael Jackson,79.6162,226.9315,14.3372,16.2191,41.2934,100.0628,253.931,58.7695,1
U048,Lover girl - Laufey,22.6085,351.8352,66.0256,39.7833,23.3106,191.7641,324.9177,215.0749,0
U050,A veces a besos - Greeicy,72.6662,78.6206,6.4284,1.4021,40.6198,73.4809,151.0645,32.8611,1
U048,Rincon - Milo J,84.5936,290.3955,168.8533,142.3518,87.7781,281.48,210.1109,193.702,0
U005,Dead women - Mitski,18.0156,414.2498,5.7494,3.1599,35.7688,7.0792,423.8519,42.848,1
U039,I am - Milo J,63.5103,173.8728,203.6204,230.4294,139.4261,439.0168,160.2747,299.5909,0
U007,First love late spring - Mitski,68.0895,100.8247,10.0459,27.0287,26.9952,70.3806,267.8531,97.3758,1
U110,Dead women - Mitski,67.0206,534.2391,4.3428,0.1144,26.4866,109.7763,620.1542,136.2629,1
U006,A veces a besos - Greeicy,64.6968,16.7868,11.0214,36.462,7.9922,185.8462,70.221,177.854,1
U088,Colapso - Kevin Kaarl,62.9902,117.6868,54.1687,63.0665,28.507,36.2429,30.7673,7.7359,1
U023,The girl is mine - Michael Jackson,84.5936,39.6331,55.5013,50.8183,59.6301,82.3959,45.4266,22.7658,1
U118,Easy on me - Adele,52.0939,641.8125,207.1527,181.6815,119.5716,218.0294,787.1705,98.4578,0
U038,Me arrepiento - Alex Ubago,60.5,35.9837,38.5231,40.2237,91.1608,73.7404,25.6025,17.4204,1
U090,Fecha de caducidad - Melendi,54.7533,162.459,142.4461,152.592,103.2976,142.3912,96.2042,39.0937,0
U044,A veces a besos - Greeicy,72.6662,206.5915,25.0267,23.4537,98.6294,41.7443,296.3046,56.8851,1
U117,Love in the dark - Adele,51.2882,131.4008,32.9668,13.7295,3.4811,44.0282,104.2284,40.5471,1
U101,Euphoria - Jung Kook,13.439,383.6684,149.1318,130.4155,171.6361,133.6188,401.8046,38.0172,0
U037,Nobody - Mitski,62.7244,22.5725,112.6109,87.9499,78.3639,119.9552,110.0149,41.5913,0
U068,West coast - Lana del rey,30.6722,153.0863,0.0483,35.9906,74.8522,173.6367,171.9669,248.489,0
U094,You know i'm no good - Amy Winehouse,3.5014,223.9154,98.4355,109.2318,117.7717,127.528,268.166,9.7563,0
U066,Te busco audio - Celia Cruz,77.2582,287.1719,41.7963,97.0698,26.3849,296.7409,323.3965,270.356,0
U028,Si supieras - Kevin Kaarl,54.5809,48.9848,42.5437,28.0657,19.4411,75.5581,161.3635,56.117,1
U007,Sigo aqui - Alex Ubago,68.0895,117.5448,28.8391,24.4724,42.3004,74.1667,284.5732,31.8662,1
U067,Niño - Milo J,61.4564,113.6618,36.5083,49.0086,7.901,115.6139,23.2601,107.7129,1
U001,Aunque no te pueda ver - Alex Ubago,45.2554,473.5646,22.416,2.3008,38.2051,76.2827,530.9746,38.0777,1
U117,Diamonds - Rihanna,51.2882,242.7171,18.6086,30.3315,26.4804,23.8234,215.5447,2.657,1
U041,Los consejos - Greeicy,84.5936,133.1307,45.0065,24.5566,44.9832,323.5343,65.9249,368.5176,0
U034,Stronger than me - Amy Winehouse,5.1684,594.9991,144.5417,156.6608,112.1014,38.7712,630.9651,73.3301,0
U016,Summertime sadness - Lana del rey,61.6368,572.248,91.8666,71.4367,23.4323,62.1925,661.9641,38.7602,0
U111,Hate you - Jung Kook,44.9827,228.1721,69.1416,43.8656,33.6043,90.5034,403.2189,124.1076,0
U101,Te quiero tanto - Kevin Kaarl,58.0326,351.3548,18.0539,35.3474,19.5452,25.8828,414.0846,45.428,1
U001,"Volver, volver - Vicente Fernandez",48.7455,558.2153,87.2868,70.3758,66.6695,137.0913,619.1155,70.4218,0
U089,Hate you - Jung Kook,62.2957,100.0881,13.9967,36.9944,71.0956,116.023,50.6926,44.9274,1
U012,Back to black - Amy Winehouse,28.0653,85.4523,0.657,28.4631,1.0998,92.2913,22.2919,91.1915,1
U113,Beso - Josean Log,59.4279,223.2033,32.4325,52.0196,17.0678,79.8458,164.2458,62.778,1
U101,Easy on me - Adele,58.0326,531.0398,140.3476,148.2092,109.249,136.4634,593.7696,27.2144,0
U095,Taco placero - Paquita la del barrio,55.411,24.0592,2.0859,11.6703,96.5234,32.7914,30.3119,63.732,1
U022,Te quiero tanto - Kevin Kaarl,41.8354,418.6254,52.7008,16.8846,15.342,106.2905,481.4788,90.9486,0
U100,I am - Milo J,58.2275,535.8848,24.972,38.6903,12.5774,28.6552,659.6844,16.078,1
U074,Sin remitente - Melendi,68.8065,109.9192,27.5429,60.0111,21.797,39.5334,13.3913,17.7365,1
U005,Sangre para derramar - Milo J,27.8544,121.0736,46.4171,77.766,54.0675,17.2685,140.5145,36.799,1
U082,"Volver, volver - Vicente Fernandez",80.5192,593.1626,71.9976,42.1567,43.7545,100.573,739.902,56.8185,0
U013,Brooklyn baby - Lana del rey,19.0447,569.873,149.6462,138.6003,58.8167,234.1373,603.9867,175.3208,0
U011,Love is a losing game - Amy Winehouse,2.317,218.1073,10.1885,3.912,105.9344,80.5635,211.9968,186.4978,1
U070,Como hacer para olvidarte - Manuel Medrano,54.0328,331.4084,11.6421,9.1179,1.3314,107.3304,435.174,108.6618,1
U060,Say yes to heaven - Lana del rey,21.9541,275.5105,67.2863,14.0405,14.665,87.7237,187.7975,73.0587,1
U050,Yes or no - Jung Kook,81.1035,31.884,2.7089,3.0078,15.1902,9.4275,48.9971,5.7628,1
U075,Sin remitente - Melendi,67.6972,475.5686,215.6825,247.8794,97.9663,216.5045,590.9863,118.5382,0
U090,Rata de dos patas - Paquita la del barrio,54.7533,131.2581,65.2621,46.0918,18.6284,80.7298,65.0033,62.1014,1
U020,Young and beautiful - Lana del rey ,50.5717,267.1538,5.4277,17.508,16.6392,167.8361,228.9384,151.1969,1
U031,Aunque no te pueda ver - Alex Ubago,72.6696,518.7204,8.927,28.0241,27.9513,57.2099,697.0838,29.2587,1
U017,Mujeres divinas - Vicente Fernandez,39.6554,20.6295,10.4899,31.6062,0.324,145.782,61.3946,145.4579,1
U103,You da one - Rihanna,75.6635,469.8333,141.0835,87.6414,128.3479,217.6239,651.0863,89.276,0
U020,"Volver, volver - Vicente Fernandez",81.4806,359.0505,7.9142,2.2718,69.2475,108.9592,428.1748,39.7117,1
U038,Young and beautiful - Lana del rey ,29.5911,130.0815,59.1886,75.4116,26.8854,22.0126,99.4042,48.898,1
U023,Que le den candela - Celia Cruz,25.8139,445.6086,7.4357,11.7847,4.4311,62.3075,471.8886,66.7386,1
U021,In my bed - Amy Winehouse,29.4064,162.8667,12.1446,9.6857,62.7754,252.8148,46.211,315.5902,0
U059,Beat it - Michael Jackson,63.4427,436.5408,144.9449,143.6234,104.2642,375.3183,497.8158,479.5824,0
U087,Rie y llora - Celia Cruz,15.8042,185.7344,91.0869,96.6143,34.5286,269.565,104.7837,235.0364,0
U106,Quiero + - Greeicy,54.3983,529.9812,104.2465,104.9625,86.6978,81.8642,606.6508,4.8336,0
U060,Hombres malvados - Paquita la del barrio,38.48,239.9017,18.5687,15.9814,3.7582,246.385,311.0888,250.1431,0
U090,Bitch better have my money - Rihanna,29.2502,162.459,0.7105,47.8773,80.0697,27.4787,70.701,107.5485,1
U067,Si supieras - Kevin Kaarl,67.7894,48.46,3.697,18.0042,14.0481,56.7557,191.7149,70.8038,1
U035,Niño - Milo J,64.8809,137.3929,46.1239,55.2503,12.1653,36.3988,33.7796,24.2335,1
U052,Beso - Josean Log,66.8761,67.5623,11.1521,25.0376,36.5661,72.757,75.959,109.3231,1
U053,Someone like you - Adele,57.3204,248.8079,24.5713,16.7225,56.5964,56.8028,280.6672,0.2064,1
U103,El chofer - Vicente Fernandez,67.6537,20.3155,40.4428,19.4482,60.0798,82.9972,193.5586,22.9174,1
U064,Rincon - Milo J,56.9236,47.8847,22.2688,10.115,3.9272,69.1094,103.3655,65.1822,1
U073,Pierdeme el respeto - Paquita la del barrio,70.7286,222.3168,63.5817,69.5862,24.0875,64.6601,379.8765,88.7476,0
U048,Soltera - Shakira,84.5936,252.2464,17.4342,14.5712,15.4167,88.9506,332.531,104.3675,1
U023,Quiero + - Greeicy,84.5936,445.6086,23.0853,10.103,10.0108,66.8623,530.6683,76.8731,1
U090,Azul celeste - Paquita la del barrio,54.7533,247.0793,94.8706,60.3874,128.2887,114.9999,313.3341,13.2888,0
U054,Bored - Laufey,84.5936,192.4992,42.6345,68.7799,27.9395,30.3854,127.8114,2.4459,1
U100,La mujer que bota fuego - Manuel Medrano,60.9263,38.2767,19.742,8.2106,10.389,1.1273,88.2217,11.5163,1
U078,Los consejos - Greeicy,84.5936,230.087,130.6835,108.3814,19.9401,456.7344,230.0388,436.7944,0
U070,La vida es un carnaval - Celia Cruz,37.8049,629.7093,147.8634,144.6536,123.9384,71.3073,717.247,52.6311,0
U018,Bad - Michael Jackson,80.3973,236.0554,18.0468,7.8638,6.2792,179.993,267.9942,173.7137,1
U114,A veces a besos - Greeicy,67.0616,136.7365,79.221,82.5611,48.6466,361.928,228.0443,410.5746,0
U007,Loba - Shakira,68.0895,576.7176,138.494,134.1,145.0106,235.5778,743.746,90.5672,0
U063,Doma - Josean log,41.9008,21.8889,66.3625,43.6639,156.4517,50.1043,58.9577,106.3475,0
U099,Rehab - Amy Winehouse,49.2674,66.4354,11.2086,35.7258,71.4649,112.3449,102.7661,183.8099,1
U003,Rincon - Milo J,81.888,318.333,121.2787,108.094,62.087,277.8044,245.0972,215.7174,0
U094,Back to black - Amy Winehouse,56.1603,452.2939,89.0035,100.7746,102.2528,125.5166,549.2034,23.2638,0
U032,Promise - Laufey,75.3734,455.032,53.0826,43.7141,77.2884,144.4649,530.4054,221.7533,0
U062,Los consejos - Greeicy,23.8405,63.815,41.2823,72.9368,40.5584,76.1659,50.5223,35.6074,1
U072,The girl is mine - Michael Jackson,65.2113,247.3706,64.4619,46.1824,27.6704,443.2857,419.8892,415.6153,0
U119,From the start - Laufey,18.6661,161.4366,21.3669,12.5371,62.1091,51.1229,184.3478,113.232,1
U091,I'll change for you - Mitski,5.5468,621.8469,167.4278,156.0234,77.0625,159.3007,661.5731,82.238,0
U096,Vamonos a marte - Kevin Kaarl,55.4071,448.5017,126.7208,157.403,121.198,571.9596,515.3055,450.7615,0
U047,Easy on me - Adele,84.5936,423.9662,77.3529,50.2003,7.8339,86.3382,507.5319,94.172,0
U059,A gritos de esperanza - Alex Ubago,63.0638,187.8746,28.6987,57.6663,23.2836,38.27,126.9785,14.9864,1
U012,From the start - Laufey,70.5,319.1247,23.6481,7.7479,17.1118,54.2469,525.4343,71.3587,1
U044,Rara vez - Milo J,84.5936,232.6872,82.7148,115.6391,13.2305,152.286,334.3276,165.5164,0
U028,Niño - Milo J,48.2479,113.137,9.7324,2.9387,2.508,16.6999,7.0913,19.2079,1
U048,Hate you - Jung Kook,68.5396,65.0301,65.8422,26.6742,27.1333,129.3963,0.7995,102.263,1
U006,Gitana - Shakira,63.7983,16.7868,16.1607,14.8467,4.4453,229.0131,69.3224,233.4584,1
U082,Un violinista en tu tejado - Melendi,80.5192,22.2084,37.6272,49.4978,9.8123,73.6932,124.531,83.5055,1
U044,My love mine all mine - Mitski,42.5124,346.6027,7.3153,60.7246,45.2782,47.7189,406.1619,92.9971,1
U067,Las de la intruicion - Shakira,67.7894,497.643,140.8283,122.5162,81.1218,181.1907,640.8979,100.0689,0
U100,Top of the world - Shawn Mendes,60.9263,64.016,43.1204,49.2457,4.413,147.5927,190.5144,143.1796,0
U001,Taco placero - Paquita la del barrio,48.7455,87.2021,43.7438,50.4396,1.8296,88.0421,148.1024,86.2125,1
U016,Vamonos a marte - Kevin Kaarl,62.0179,101.1836,2.3907,27.565,13.3887,7.8296,11.0864,21.2183,1
U110,When we were young - Adele,77.6194,462.1045,109.0226,115.5848,26.4866,99.2565,558.6184,72.7699,0
U107,Aca entre nos - Vicente Fernandez,72.1148,486.3567,29.0364,27.57,57.1381,29.2602,569.6594,27.878,1
U053,Limonar - Greeicy,29.7273,35.6481,11.1989,34.9059,55.3438,24.4164,39.9143,30.9274,1
U062,La distancia - Manuel Medrano,23.8405,178.1673,3.3575,11.9747,30.4229,25.3266,191.46,55.7495,1
U028,Chicago - Michael Jackson,54.5809,395.499,137.3424,91.8173,82.0123,220.2038,507.8777,138.1915,0
U073,Mercy - Shawn Mendes,70.7286,446.9202,113.6731,128.1385,62.9446,95.1913,604.4799,32.2467,0
U001,Smooth criminal - Michael Jackson,48.7455,558.2153,131.3373,60.9883,4.9957,343.8828,619.1155,338.8871,0
U060,Gitana - Shakira,25.6541,80.4964,20.7855,10.7585,12.1215,257.2894,164.5094,269.4109,0
U014,Gitana - Shakira,71.7677,198.1435,0.3945,12.2605,86.8318,31.0864,281.3344,55.7454,1
U068,Brooklyn baby - Lana del rey,2.45,418.4726,110.7202,89.9518,56.9047,202.5009,409.131,145.5964,0
U043,Bored - Laufey,68.1244,113.9201,141.4082,128.2701,71.8767,153.1856,259.2015,81.3089,0
U086,Cinnamon girl - Lana del rey,74.4325,262.7659,46.4542,1.3069,93.1855,145.8506,338.4278,52.6651,0
U080,San lucas - Kevin Kaarl,11.5538,286.281,6.2504,12.83,52.8992,204.8204,303.3404,151.9212,0
U116,Bitch better have my money - Rihanna,52.7223,477.4982,121.755,163.063,186.404,29.914,530.4023,156.49,0
U104,Stitches - Shawn Mendes,33.0441,61.1665,42.7649,66.3569,0.4951,73.3302,88.9358,72.8353,1
U019,Rincon - Milo J,65.9542,54.6222,10.2577,15.8691,19.7567,30.5171,120.9136,10.7604,1
U070,Sin miedo a nada - Alex Ubago,56.7316,224.1476,60.0754,37.0595,0.5736,47.4524,330.612,46.8789,1
U059,In my blood - Shawn Mendes,63.4427,381.02,12.3704,20.3202,39.9268,99.5992,442.295,139.5259,1
U117,Let you break my heart again - Laufey,42.505,148.1751,21.8398,19.1679,25.206,82.6466,27.2095,57.4406,1
U076,Smooth criminal - Michael Jackson,52.1989,603.8143,152.8814,71.8991,4.3298,314.1874,713.6818,318.5172,0
U111,Tierra - Josean Log,61.0367,572.0808,160.6432,115.4244,60.3841,220.8732,731.0736,160.4891,0
U005,My love mine all mine - Mitski,13.4668,217.0827,42.5247,15.3133,20.6306,61.6313,195.2024,41.0007,1
U005,Doma - Josean log,28.6144,187.1067,1.7808,9.8337,89.8044,16.1931,207.3076,105.9976,1
U069,Why why why - Shawn Mendes,84.5936,319.6317,43.8917,116.5655,99.0204,121.9527,400.5845,22.9323,0
U118,Cheque al portamor - Melendi,52.0939,54.172,45.0247,27.5633,24.654,8.1131,199.53,32.7671,1
U059,Colapso - Kevin Kaarl,63.4427,265.1887,105.8621,134.6308,71.4827,86.9748,203.9136,15.4921,0
U047,The girl is mine - Michael Jackson,84.5936,104.7066,26.5881,49.7929,102.7515,31.0833,21.1409,71.6681,1
U087,San lucas - Kevin Kaarl,45.6068,505.1014,195.8679,172.3381,131.7689,362.2906,556.2495,230.5217,0
U058,Dame tu aire - Alex Ubago,51.3542,63.8307,14.2592,1.9145,4.5511,74.2426,37.664,69.6916,1
U095,Aca entre nos - Vicente Fernandez,55.411,403.7731,14.2763,10.1979,24.724,20.6173,458.1441,4.1066,1
U108,Lo hecho esta hecho - Shakira,32.0568,319.6309,117.2114,72.3742,65.59,49.3192,317.9422,114.9092,0
U050,I bet on losing dogs - Mitski,83.4503,403.4266,29.1162,3.0078,67.5566,6.4345,486.6545,61.1222,1
U080,Love in the dark - Adele,11.5538,274.5184,122.6347,100.0219,22.6162,70.6385,257.459,93.2547,0
U011,Set fire to the rain - Adele,62.6929,516.3447,52.0267,54.3475,132.4649,21.513,582.831,110.9519,0
U080,No me culpes por sentir - Kevin Kaarl,11.5538,345.842,27.6533,22.8742,83.1603,235.0538,362.9014,151.8935,0
U059,Beso - Josean Log,63.4427,244.1502,43.5613,57.6663,89.8321,27.7936,182.8752,62.0385,1
U059,First love late spring - Mitski,63.4427,88.8455,52.4342,56.3844,114.1098,9.5055,27.5705,104.6043,1
U110,Love in the dark - Adele,77.6194,416.7188,97.4372,83.4831,29.8928,31.9401,513.2327,2.0473,0
U030,Stronger than me - Amy Winehouse,35.4612,361.074,23.4286,19.3022,66.2411,0.9961,388.7988,67.2372,1
U073,Hello - Adele,65.2196,586.0203,222.1145,185.0636,110.6368,291.3833,738.071,180.7465,0
U045,Never be alone - Shawn Mendes,68.532,184.5869,143.1236,181.2351,92.8287,235.2444,192.3383,142.4157,0
U080,Alguien como tu - Josean Log,11.5538,161.8773,23.2408,22.8742,95.598,218.2278,178.9367,122.6298,0
U075,Lo hecho esta hecho - Shakira,33.966,212.2571,13.2628,28.7676,43.9395,68.5235,63.1082,24.584,1
U117,Treat you better - Shawn Mendes,51.2882,114.9146,23.378,20.2149,54.5923,6.7245,87.7423,61.3169,1
U106,Hombres malvados - Paquita la del barrio,54.3983,58.0001,115.9327,117.0099,127.8562,72.911,134.6697,54.9451,0
U106,Brooklyn baby - Lana del rey,20.6671,573.4123,163.3088,160.2059,97.1565,158.733,616.3507,61.5766,0
U102,Say yes to heaven - Lana del rey,68.0677,278.5104,10.0576,79.3736,88.0732,132.0122,318.3953,220.0854,0
U089,You know i'm no good - Amy Winehouse,20.9964,33.2355,0.173,30.2091,20.6517,158.7902,25.1393,138.1386,1
U099,Stitches - Shawn Mendes,80.1763,29.3083,31.7519,29.4314,5.5088,88.6864,37.9313,94.1953,1
U110,San lucas - Kevin Kaarl,77.6194,144.0806,31.4479,29.3688,45.6226,102.2418,47.5667,56.6192,1
U095,Amor viejo - Kevin Kaarl,55.411,41.6715,85.6698,106.9802,76.1635,152.8661,12.6995,76.7026,0
U113,Fecha de caducidad - Melendi,59.4279,457.4877,9.736,63.2288,13.5449,36.1479,516.4452,49.6928,1
U038,La luna - Josean Log,60.5,168.1118,8.4129,18.5755,96.9546,62.0359,229.698,34.9186,1
U028,In my bed - Amy Winehouse,30.6395,556.9035,149.6955,116.8583,129.1552,151.7971,645.3408,22.6419,0
U020,Me arrepiento - Alex Ubago,81.4806,173.056,103.1394,98.1273,134.6854,219.5639,103.9317,84.8785,0
U011,Me enamore - Shakira,22.175,385.555,28.2445,34.972,71.3597,24.0472,411.5234,47.3125,1
U104,Tu jardin con enanitos - Melendi,33.0441,444.2776,12.6998,6.9912,3.9271,113.687,472.0469,109.76,1
U117,Somedoy - Jung Kook,35.2342,137.812,19.0379,13.7295,10.8623,67.7449,181.0384,78.6072,1
U058,Si supieras - Kevin Kaarl,51.3542,61.8402,20.9687,12.8517,4.5511,82.3647,163.3349,77.8136,1
U059,Say yes to heaven - Lana del rey,46.9168,436.5408,90.0913,4.9418,35.3274,206.3565,481.2899,171.0291,0
U046,My love mine all mine - Mitski,31.0202,352.9495,55.7905,11.8031,35.6266,2.8643,412.8642,38.4909,1
U059,Valentine - Laufey,63.4427,311.3425,26.8859,7.3044,14.8696,65.8109,372.6175,50.9413,1
U103,Sin remitente - Melendi,75.6635,59.7251,28.5129,58.2981,18.0257,19.2009,121.5278,1.1752,1
U054,Quedate - Manuel Medrano,84.5936,279.7017,154.5383,163.6202,160.8923,210.2667,215.0139,49.3744,0
U023,La negra tiene tumbao - Celia Cruz,31.422,386.5327,0.559,13.4566,56.7124,84.5641,418.4207,141.2766,1
U007,Chachacha - Josean log,68.0895,56.4976,36.1629,25.7468,68.5229,72.2681,223.526,3.7453,1
U041,Beat it - Michael Jackson,84.5936,354.8233,95.5376,120.8249,56.8568,57.5034,422.0291,114.3601,0
U063,Tres veces te engañe - Paquita la del barrio,41.9008,230.5269,54.7861,22.4329,32.0009,336.4077,149.6803,368.4086,0
U064,Alguien como tu - Josean Log,56.9236,52.8023,27.3433,23.7318,44.517,57.763,204.0525,13.246,1
U097,Valentine - Laufey,43.9037,440.0414,102.8142,96.1064,83.1969,40.4702,495.9564,123.6671,0
U119,Ya para que - Greeicy,20.6897,395.9755,47.3167,32.8297,89.3026,39.8339,412.4202,129.1365,0
U115,Donde nadie pueda ir - Manuel Medrano,50.4293,298.8129,13.5603,0.8796,19.4086,20.705,409.8915,1.2965,1
U078,Man down - Rihanna,31.422,93.8531,88.4343,93.5906,32.1605,373.4493,146.9766,405.6098,0
U092,In my blood - Shawn Mendes,60.5392,365.3287,10.3099,18.1097,20.188,118.4847,418.1388,98.2968,1
U031,Cheque al portamor - Melendi,76.1597,22.0431,15.2677,33.8006,14.1064,8.5069,203.8967,22.6133,1
U003,Too sad to dance - Jung Kook,80.7447,355.0986,0.5007,21.0825,38.5367,166.4648,427.1911,205.0016,0
U082,San lucas - Kevin Kaarl,80.5192,97.6732,13.9236,35.1544,2.1519,29.0277,49.0662,26.8758,1
U010,MAI - Milo J,41.4318,332.3212,38.8876,27.9168,30.6563,39.9841,388.8841,9.3278,1
U001,Colapso - Kevin Kaarl,48.7455,137.2017,46.7253,60.9005,9.9262,8.8027,76.3014,18.7289,1
U054,In my blood - Shawn Mendes,84.5936,264.0289,73.1604,102.1328,92.1131,35.4392,328.7167,56.6738,0
U050,My love mine all mine - Mitski,42.5124,218.6318,25.9136,35.8688,12.7314,15.9823,260.9218,3.2509,1
U013,Cinnamon girl - Lana del rey,42.6148,348.8089,158.9016,124.8411,72.3603,259.1564,406.4927,186.7962,0
U051,Las de la intruicion - Shakira,69.1707,134.9154,1.4869,18.9662,47.9478,284.138,145.3179,236.1902,0
U112,Bajo el agua - Manuel Medrano,63.9171,66.281,14.2871,26.8211,29.4337,81.2552,88.1147,110.6888,1
U050,Taco placero - Paquita la del barrio,84.5936,42.6982,47.4158,20.1305,88.6359,3.3932,41.6731,92.0291,1
U104,Caminando por la vida - Melendi,33.0441,249.9765,12.1027,15.913,23.8546,134.6429,277.7458,158.4976,1
U102,Set fire to the rain - Adele,62.6929,278.5104,11.0651,8.1555,153.0018,236.2499,313.0205,389.2517,0
U001,Top of the world - Shawn Mendes,48.7455,13.3737,38.6098,27.8715,24.3602,112.8195,74.2739,88.4593,1
U070,Mentira - Greeicy,24.1391,322.2461,163.276,164.9462,146.9434,78.0805,396.118,68.8629,0
U108,There's nothing holding me back - Shawn Mendes,65.788,318.2095,37.7024,54.2224,53.9296,236.3433,286.1669,182.4137,0
U092,Milagrosa - Milo J,49.0573,420.8495,80.743,96.9995,25.0754,332.1565,462.1776,307.0811,0
U011,From the start - Laufey,18.6661,41.0674,13.1457,18.4655,83.2355,30.6916,55.9402,113.9271,1
U036,Promise - Laufey,61.8251,199.0549,41.5947,44.8153,41.7601,116.1363,194.8733,74.3762,0
U102,Que me perdone tu perro - Paquita la del barrio,84.5936,278.5104,94.7382,105.0003,43.3526,330.487,334.9212,287.1344,0
U054,La mujer que bota fuego - Manuel Medrano,84.5936,333.8971,168.9202,185.1277,103.259,249.111,269.2093,145.8519,0
U044,Man down - Rihanna,31.422,210.8783,33.2255,8.6629,98.6294,39.3523,259.347,59.2771,1
U004,MAI - Milo J,66.7591,369.9399,2.2524,4.3123,18.0597,45.7265,508.3749,27.6669,1
U110,Love on the brain - Rihanna,77.6194,337.072,123.2763,121.5843,59.376,101.9569,433.5859,42.5809,0
U075,Set fire to the rain - Adele,45.7965,212.2571,46.8449,73.2883,62.9355,46.7795,74.9387,109.715,0
U091,From the start - Laufey,52.8632,64.4348,146.5892,137.6294,103.8423,129.2572,56.8445,25.4148,0
U117,Hate you - Jung Kook,35.2342,180.3165,14.9721,7.1058,13.4985,37.1762,223.5429,50.6748,1
U110,Mujeres divinas - Vicente Fernandez,77.6194,51.226,20.5129,8.911,50.4872,92.9084,147.7399,42.4212,1
U074,Combustion - Josean Log,68.8065,463.9883,24.9829,8.0807,46.5578,22.3534,560.5162,68.9111,1
U051,Washin machine - Mitski,27.4053,243.1445,42.3675,67.398,26.348,389.6786,156.971,363.3306,0
U077,Sin miedo a nada - Alex Ubago,32.3816,92.502,23.8438,10.7469,26.3438,68.8914,124.8836,95.2351,1
U031,Aca entre nos - Vicente Fernandez,76.1597,560.1902,46.617,23.2439,63.3752,81.1434,742.0438,17.7681,0
U036,Love on the brain - Rihanna,61.8251,10.6283,0.906,10.7481,28.977,41.5383,14.8099,12.5613,1
U048,Fragile - Laufey,84.2147,274.807,19.1781,2.2238,24.6531,106.5654,354.7127,131.2186,1
U070,Si supieras - Kevin Kaarl,56.7316,72.2972,28.3392,30.1875,0.1798,30.881,178.7616,30.7012,1
U037,Sin remitente - Melendi,62.7244,110.961,12.8367,38.5012,16.3495,59.9951,23.5187,43.6456,1
U083,La distancia - Manuel Medrano,84.5936,285.2048,35.5064,31.9254,61.0218,16.7785,379.2765,44.2433,1
U068,La negra tiene tumbao - Celia Cruz,16.9904,315.9656,74.1842,31.3548,93.1476,107.9303,287.1835,14.7827,0
U008,First love late spring - Mitski,23.3973,130.2436,23.1114,16.0076,57.9604,141.9684,126.2176,84.008,1
U067,Si pudiera - Manuel Medrano,67.7894,514.9089,36.9662,49.0086,14.3214,102.1487,658.1638,87.8273,0
U090,Cola - Lana del rey,10.7933,162.459,11.6752,29.1996,37.1818,67.1642,52.2441,29.9823,1
U001,Love is a losing game - Amy Winehouse,33.5311,169.9242,88.0204,81.7471,155.1344,78.2144,191.3005,76.9199,0
U052,Quedate - Manuel Medrano,66.8761,13.8773,14.2941,0.8963,55.44,25.3223,157.3986,80.7623,1
U113,La promesa - Melendi,59.4279,97.2188,38.1761,77.2963,18.1426,42.1822,156.1763,24.0396,1
U109,Un violinista en tu tejado - Melendi,65.0651,6.6488,22.8172,26.6889,12.8052,97.8143,110.7842,110.6195,1
U031,Alguien como tu - Josean Log,76.1597,36.939,29.1138,42.7028,32.1895,24.9896,218.7926,7.1999,1
U055,Too little too late - Laufey,47.1547,424.1272,101.2737,100.6413,102.5151,83.0077,510.2392,19.5074,0
U006,Sigo aqui - Alex Ubago,76.6242,135.8725,61.0708,93.6446,102.4828,271.5233,70.511,169.0406,0
U063,Yes or no - Jung Kook,38.4107,198.6509,1.1477,0.6923,18.0951,20.7437,282.9876,38.8387,1
U022,Doma - Josean log,41.8354,352.3387,71.6935,83.622,46.9329,55.1567,415.1921,102.0898,0
U065,Standing next to you - Jung Kook,30.3902,390.159,132.441,126.4586,56.6921,36.3592,415.5168,93.0513,0
U052,Estos celos - Vicente Fernandez,66.8761,104.2244,1.6872,10.2196,47.2552,78.1329,39.2969,125.3882,1
U029,Still with you - Jung Kook,82.3671,414.8504,20.2757,27.9175,38.2622,45.2451,494.9524,6.9828,1
U105,In a lake portuguese -  Mitski,3.9897,168.9053,77.8299,100.8516,39.3304,168.3266,137.506,207.657,0
U116,Mercy - Shawn Mendes,78.2254,276.8846,8.6474,42.8202,43.6644,68.3864,355.2919,112.0508,1
U088,Para siempre - Vicente Fernandez,62.9902,45.7892,7.316,19.0701,52.1083,26.5119,41.1302,78.6202,1
U055,Vamonos a marte - Kevin Kaarl,58.7032,80.2664,12.0595,14.8426,4.518,63.8548,17.394,59.3367,1
U119,Quiero + - Greeicy,84.5936,352.5444,1.1634,4.8245,23.6747,44.3887,432.893,68.0634,1
U022,Que pides tu - Alex Ubago,41.8354,84.7726,49.1595,45.1876,25.6021,37.8945,21.9192,12.2925,1
U083,Man down - Rihanna,31.422,179.4564,51.3826,43.8275,62.0601,117.3459,220.3564,55.2858,0
U084,Azul celeste - Paquita la del barrio,59.2101,169.4113,76.6923,64.1358,104.5217,514.7835,323.768,410.2617,0
U004,Niño - Milo J,60.805,98.7265,26.777,15.0619,4.6428,28.704,33.7544,24.0612,1
U064,Hello - Adele,51.4146,564.0334,219.7305,182.7177,87.9281,255.0343,709.7746,167.1062,0
U110,Retirada - Milo J,74.1293,82.9306,45.2105,16.4614,29.791,124.1314,175.9544,153.9224,1
U086,Rie y llora - Celia Cruz,54.791,477.5175,4.5412,60.7656,93.1855,9.3584,533.5379,83.8271,0
U068,"Volver, volver - Vicente Fernandez",36.1812,412.1601,50.1204,18.3212,19.1144,127.9029,436.5497,108.7886,0
U113,Gitana - Shakira,46.602,101.4808,54.7193,25.5039,134.8782,15.2614,147.6124,150.1396,0
U052,Hello - Adele,61.3671,551.6152,172.339,150.98,82.3665,329.259,689.6275,246.8925,0
U078,Yes or no - Jung Kook,81.1035,208.6445,105.7704,106.7757,6.7309,435.1107,212.0864,441.8417,0
U027,Limonar - Greeicy,4.7515,64.018,19.3978,45.4156,28.9051,286.9706,168.1486,315.8756,0
U012,Set fire to the rain - Adele,10.859,238.2874,62.5291,28.1341,66.3412,2.0423,113.3369,68.3835,1
U008,My love mine all mine - Mitski,18.6839,179.147,35.432,1.3478,52.4746,141.9684,141.0918,194.443,1
U017,Estos celos - Vicente Fernandez,39.6554,194.8819,0.9255,19.3297,35.3348,106.8516,154.1168,71.5166,1
U050,La negra tiene tumbao - Celia Cruz,31.422,332.1205,20.191,12.8393,50.2372,32.4698,363.32,17.7675,1
U099,Hate you - Jung Kook,64.1223,87.9509,13.1079,14.7259,36.5399,49.9771,36.7653,86.5169,1
U114,La distancia - Manuel Medrano,78.989,26.7013,157.9112,143.5232,74.4353,498.4444,106.0818,424.0091,0
U020,Somedoy - Jung Kook,65.4266,40.1987,21.1208,33.269,53.9819,80.6613,12.8716,26.6794,1
U065,Love on the brain - Rihanna,30.3902,217.5944,123.4853,130.4698,47.2943,93.7773,242.9522,141.0716,0
U049,Rara vez - Milo J,53.9884,278.011,38.9511,46.9393,26.1348,24.3669,363.9731,50.5016,1
U055,Rehab - Amy Winehouse,28.1732,299.4853,96.6459,76.2683,82.9454,71.3835,366.6157,11.5621,0
U111,Ultraviolence - Lana del rey,61.0367,55.0326,47.0927,13.0595,1.7045,90.5034,214.0254,88.7989,1
U032,Las de la intruicion - Shakira,75.3734,353.1154,79.8312,85.4386,59.4463,15.48,428.4888,74.9263,0
U059,Una y otra vez - Manuel Medrano,63.4427,142.2138,17.8026,70.0854,21.4231,65.8109,80.9388,87.234,1
U112,Si supieras - Kevin Kaarl,63.9171,66.4835,35.8043,38.8177,36.7334,7.2325,220.8792,43.9659,1
U001,Azul celeste - Paquita la del barrio,48.7455,154.9895,85.8475,97.0594,2.8016,121.4677,215.8897,124.2694,0
U111,When we were young - Adele,61.0367,128.9309,9.6173,9.0714,47.1777,16.335,30.0619,63.5127,1
U087,Para siempre - Vicente Fernandez,45.6068,437.785,182.4741,144.1667,166.2071,315.8291,488.9331,149.622,0
U005,Te quiero tanto - Kevin Kaarl,28.6144,253.3934,20.7735,56.9037,27.5295,67.3269,273.5943,94.8564,1
U120,"Volver, volver - Vicente Fernandez",57.3892,221.63,91.1479,139.3999,14.5776,436.4497,79.9434,451.0273,0
U051,Tierra - Josean Log,69.1707,548.8304,152.8264,135.6226,157.7738,545.7635,538.4279,387.9897,0
U089,Que le den candela - Celia Cruz,19.57,304.547,8.1654,36.9944,61.9731,111.4682,311.2168,49.4952,1
U062,La promesa - Melendi,23.8405,63.8701,12.4234,8.2481,47.9243,91.7553,77.1628,139.6796,1
U047,There's nothing holding me back - Shawn Mendes,84.5936,213.8742,27.5669,37.9099,83.9624,41.8004,130.3084,42.1619,1
U001,La promesa - Melendi,48.7455,204.2589,9.8319,9.2127,9.498,88.0421,265.1591,97.5401,1
U036,Addicted to you - Shakira,58.8374,15.1577,45.4346,55.7861,65.3636,16.5192,109.6864,81.8828,1
U068,Sin miedo a nada - Alex Ubago,36.1812,12.9109,7.8058,55.5241,18.7389,97.2748,37.3005,116.0139,1
U076,Desde que estamos juntos - Melendi,52.1989,22.4863,15.8248,8.2307,3.2167,6.467,132.3538,9.6837,1
U109,Mentira - Greeicy,32.4726,307.5715,177.7164,172.3848,155.2639,76.4519,392.412,78.812,0
U023,Hate you - Jung Kook,68.5396,40.9735,29.5978,11.7847,4.6914,66.8623,109.9792,62.1708,1
U035,Dame tu aire - Alex Ubago,71.2139,100.942,20.0221,35.1831,9.7838,14.3373,9.0043,4.5536,1
U107,La luna - Josean Log,72.1148,201.5266,8.8978,11.9223,21.0531,32.7649,284.8293,11.7119,1
U008,A veces a besos - Greeicy,11.4699,39.1358,67.774,38.6187,105.8258,52.5052,31.2345,158.331,0
U085,Un violinista en tu tejado - Melendi,80.9332,13.2007,34.8633,43.6226,42.9883,66.5079,173.7717,23.5196,1
U116,Si supieras - Kevin Kaarl,78.2254,79.9139,62.0492,52.6026,8.91,150.9451,1.5066,159.8551,0
U070,La ley del monte - Vicente Fernandez,56.7316,429.0957,132.6499,135.8475,108.2907,64.6504,535.5601,43.6403,0
U039,I bet on losing dogs - Mitski,65.0658,221.9572,112.0944,96.787,123.887,297.374,209.9146,173.487,0
U013,Smooth criminal - Michael Jackson,52.7759,563.5605,133.0969,57.5822,40.6474,366.3308,631.4054,406.9783,0
U109,Sin remitente - Melendi,65.0651,72.791,26.5532,13.3831,0.841,50.0735,44.642,50.9145,1
U047,Young and beautiful - Lana del rey ,53.6847,208.5506,6.7769,5.685,7.8339,72.1558,155.8938,64.322,1
U107,Doma - Josean log,72.1148,289.8784,10.1291,7.8245,49.1918,47.7276,373.1811,1.4643,1
U047,Only girl - Rihanna,77.0067,423.9662,126.3394,90.9444,41.7435,89.1992,499.9449,47.4557,0
U082,Hello - Adele,75.0102,537.9616,161.4732,113.7873,87.5944,270.3622,679.192,182.7678,0
U053,Ultraviolence - Lana del rey,74.3209,59.0223,5.2827,35.1283,14.89,1.1071,107.8821,15.9971,1
U086,Sin remitente - Melendi,84.5936,203.9957,129.2898,164.1386,4.0548,80.2919,118.1727,76.2371,0
U112,Sin remitente - Melendi,63.9171,63.9301,19.5779,14.5747,29.4337,24.7964,90.4656,54.2301,1
U092,Tres veces te engañe - Paquita la del barrio,60.5392,383.5158,80.8918,23.7987,30.0798,113.4844,436.3259,83.4046,0
U023,Diamonds - Rihanna,84.5936,464.0071,3.9829,25.6526,35.2875,80.2151,549.0668,115.5026,1
U041,Young and beautiful - Lana del rey ,53.6847,277.6935,18.7708,6.3732,85.2763,317.7726,241.3966,403.0489,0
U103,Beat it - Michael Jackson,75.6635,628.1006,194.1708,193.6401,25.5927,462.1254,809.3535,487.718,0
U113,There's nothing holding me back - Shawn Mendes,59.4279,180.3527,7.4215,10.1529,34.5047,21.6545,121.3951,56.1592,1
U072,You da one - Rihanna,65.2113,123.0349,30.1242,19.1249,79.0547,353.5837,49.4836,432.6384,0
U028,I am - Milo J,51.8821,527.1116,15.4367,21.6573,1.2519,16.0001,636.7915,14.7483,1
U007,Si hay algo - Josean Log,68.0895,167.0138,15.931,13.3277,62.9087,6.1647,334.0422,56.7441,1
U104,Te busco audio - Celia Cruz,30.7376,431.7615,60.7034,36.2901,20.4595,16.9581,457.2243,3.5015,1
U059,Young and beautiful - Lana del rey ,32.5338,195.976,30.6365,16.4253,37.8689,0.0423,165.6099,37.8266,1
U027,Aunque no te pueda ver - Alex Ubago,45.855,143.3197,84.8609,119.6886,47.1137,368.8177,80.2925,321.7038,0
U070,Fragile - Laufey,56.3527,521.4802,159.6907,150.0607,102.8427,98.6406,627.5657,4.2021,0
U075,Milagrosa - Milo J,56.2153,212.2571,216.6262,238.7746,82.1347,262.9709,85.3574,180.8362,0
U075,Cinnamon girl - Lana del rey,57.5361,8.807,39.9385,85.0477,0.726,9.638,134.3858,10.364,1
U004,Cheque al portamor - Melendi,67.138,33.1669,6.6312,18.2067,13.6037,12.5903,171.9808,1.0134,1
U113,Chicago - Michael Jackson,59.4279,246.5898,44.4151,14.6735,81.9894,42.5512,305.5473,39.4382,1
U048,In my blood - Shawn Mendes,84.5936,327.5153,76.6468,58.3454,64.9501,86.4455,407.7999,21.4956,0
U035,Una y otra vez - Manuel Medrano,71.2139,3.3864,30.3972,10.2595,41.7068,138.3126,113.3327,96.6058,1
U057,Retirada - Milo J,53.144,259.3608,57.6373,65.6976,79.1749,125.1531,265.4655,45.9782,0
U035,Como hacer para olvidarte - Manuel Medrano,68.5151,283.8401,30.0097,63.5513,11.295,53.99,391.0876,65.285,1
U107,Para siempre - Vicente Fernandez,72.1148,93.9818,16.3102,0.1611,30.166,17.0039,10.6791,13.1621,1
U092,In a lake portuguese -  Mitski,26.0648,295.6512,4.7626,25.4721,22.4022,256.3539,261.8572,278.7561,0
U056,You know i'm no good - Amy Winehouse,42.3532,67.7875,95.9939,110.8395,119.4356,110.9852,18.9075,8.4504,0
U073,Let you break my heart again - Laufey,23.0646,527.9592,164.4758,154.4122,118.1308,164.7937,591.7257,46.6629,0
U004,First love late spring - Mitski,67.138,95.4211,15.1125,43.6299,43.4574,70.691,234.235,114.1484,1
U039,Tres veces te engañe - Paquita la del barrio,66.2091,215.8244,32.0487,75.0464,55.046,34.152,204.9251,89.1979,1
U010,Si supieras - Kevin Kaarl,41.8107,25.7766,42.6695,48.1716,29.9029,24.4118,82.7184,5.4912,1
U001,Si pudiera - Manuel Medrano,48.7455,473.5646,35.6448,41.3459,0.3067,17.2632,534.4648,16.9565,1
U067,There's nothing holding me back - Shawn Mendes,67.7894,31.9683,54.1081,50.268,29.1346,23.6843,111.2867,5.4503,1
U051,Bad - Michael Jackson,69.1707,236.832,25.985,7.1882,39.8136,271.9076,247.2345,232.0939,0
U089,From the start - Laufey,24.91,209.434,15.0461,17.9511,17.959,122.7572,247.2443,104.7983,1
U019,Yo vivire (I will survive) - Celia Cruz,58.3673,618.8094,141.1253,129.8748,73.3296,185.0878,786.7582,111.7581,0
U029,Dame tu aire - Alex Ubago,82.3671,268.2326,89.1532,70.1785,39.3307,92.877,188.1306,53.5462,0
U105,Retirada - Milo J,79.1242,176.0335,56.2406,108.0044,8.1472,25.6351,124.3188,33.7823,1
U052,I bet on losing dogs - Mitski,65.7328,581.9278,57.62,82.5515,5.234,100.5929,724.3058,105.827,0
U107,Vamonos a marte - Kevin Kaarl,71.7359,137.5815,31.4449,48.4267,19.3056,6.032,54.6577,25.3376,1
U022,Ya para que - Greeicy,22.0685,598.3104,188.0574,178.8175,145.397,171.3036,597.2599,25.9067,0
U059,There's nothing holding me back - Shawn Mendes,63.4427,201.2996,3.7073,15.7996,38.2596,30.3977,140.0245,68.6573,1
U029,Dont stop the music - Rihanna,81.9882,414.8504,69.7605,111.6345,106.1961,52.5045,494.5735,53.6916,0
U085,Borracho te recuerdo - Vicente Fernandez,80.9332,149.2856,45.205,48.0319,66.4341,56.7208,336.258,123.1549,0
U054,Fragile - Laufey,84.2147,211.3206,15.6917,46.0112,2.5099,55.5591,275.6295,53.0492,1
U094,Rata de dos patas - Paquita la del barrio,60.8547,573.9281,117.41,128.7202,94.8876,191.2125,675.532,96.325,0
U028,Top of the world - Shawn Mendes,54.5809,55.2428,83.5291,66.2787,15.7385,160.2478,167.6215,144.5093,0
U103,Too sad to dance - Jung Kook,74.5202,628.1006,90.1678,32.7016,116.5404,102.7114,808.2102,13.8291,0
U071,Desde que estamos juntos - Melendi,23.9542,137.3376,15.4244,24.6404,16.1751,171.39,122.2735,155.2149,1
U053,Me enamore - Shakira,11.9023,203.1593,27.3754,13.753,61.6796,49.1117,189.6005,12.5679,1
U069,Yes or no - Jung Kook,81.1035,61.7387,28.6273,68.1819,57.1366,162.6968,15.724,105.5603,0
U098,Pobre pistolita - Paquita la del barrio,84.5936,143.4349,26.3988,7.4861,36.9422,19.6982,231.3996,56.6405,1
U069,Love on the brain - Rihanna,84.5936,188.7771,39.0118,2.258,37.0306,45.0839,269.7299,8.0533,1
U001,Sigo aqui - Alex Ubago,48.7455,55.8616,25.4958,14.7896,36.5947,72.4527,116.7618,35.8579,1
U079,Si pudiera - Manuel Medrano,45.9075,470.95,14.744,1.1626,16.8423,182.047,525.9254,198.8893,0
U077,Las de la intruicion - Shakira,32.3816,389.8346,136.6329,144.3953,92.6641,90.7216,422.2162,1.9425,0
U071,Sin miedo a nada - Alex Ubago,23.9542,44.7412,19.6555,8.9684,0.0989,88.1552,59.8053,88.254,1
U085,Me arrepiento - Alex Ubago,80.9332,70.0638,20.4637,47.8236,74.484,2.8464,257.0362,71.6376,1
U009,I'll change for you - Mitski,28.6503,357.9373,62.9174,90.4309,117.2398,234.1367,373.3299,116.897,0
U059,"Volver, volver - Vicente Fernandez",63.4427,430.2283,28.15,3.3545,14.7394,58.9192,491.5033,73.6586,1
U037,Smooth criminal - Michael Jackson,62.7244,570.5522,137.1026,57.0716,32.1169,273.3218,657.9945,305.4387,0
U026,Love in the dark - Adele,60.9706,422.9616,114.1029,94.1982,14.2439,101.3877,498.7025,87.1438,0
U070,Dead women - Mitski,46.1328,610.8807,59.1855,63.0769,64.6297,59.0547,706.7463,123.6844,0
U064,Say yes to heaven - Lana del rey,40.3977,625.5469,192.1962,109.4998,94.155,232.6824,760.2712,138.5274,0
U024,Desde que estamos juntos - Melendi,74.3637,383.2556,199.9734,189.7911,118.3671,324.7187,519.808,206.3516,0
U048,You da one - Rihanna,84.5936,224.7688,2.8404,0.4005,24.6531,55.2279,305.0535,79.8811,1
U017,San lucas - Kevin Kaarl,39.6554,174.6771,0.4451,11.1484,4.5406,155.1154,133.912,159.6559,1
U023,Promise - Laufey,84.5936,482.7272,3.4915,8.4116,28.9883,64.5915,567.7869,93.5798,1
U085,Why why why - Shawn Mendes,80.9332,523.3417,60.661,2.8504,11.9437,105.4875,710.3141,117.4312,0
U013,Me arrepiento - Alex Ubago,52.7759,31.454,6.1788,28.8858,44.4115,48.9346,99.2989,93.3462,1
U084,Donde nadie pueda ir - Manuel Medrano,59.2101,76.3933,187.3268,185.6337,72.9039,673.4261,230.75,600.5222,0
U019,No me culpes por sentir - Kevin Kaarl,65.9542,137.8999,10.9197,29.4859,47.9088,35.9967,37.6359,11.9121,1
U086,Rolling in the deep - Adele,84.5936,483.83,96.0303,46.0716,133.3042,175.2184,569.653,41.9142,0
U080,Si hay algo - Josean Log,11.5538,48.3299,4.9717,2.2498,16.4593,207.8603,65.3893,191.4011,1
U044,Te busco audio - Celia Cruz,82.2871,543.7698,9.045,55.1169,36.7665,70.014,643.1037,33.2475,0
U109,Cheque al portamor - Melendi,65.0651,27.3942,43.3765,39.8903,4.4381,50.0735,144.8272,54.5116,1
U080,La promesa - Melendi,11.5538,50.5984,2.2159,15.1074,83.1603,124.2689,33.539,41.1086,1
U087,Fragile - Laufey,45.2279,83.8178,68.2576,55.8711,21.4467,212.1298,32.2908,190.6831,0
U048,Sin miedo a nada - Alex Ubago,84.5936,22.5256,118.7934,115.225,77.616,157.7536,57.759,80.1376,0
U011,Summertime sadness - Lana del rey,83.8336,516.3447,4.3269,13.6869,23.4175,39.491,603.9717,62.9085,1
U116,Cheque al portamor - Melendi,78.2254,110.1423,61.4523,50.3384,5.2074,168.509,31.735,173.7164,0
U045,Hate you - Jung Kook,52.478,263.4793,80.0905,88.0765,27.4029,156.1783,271.7819,128.7753,0
U114,Sigo aqui - Alex Ubago,78.989,289.3958,151.3132,139.7437,45.844,447.6051,368.7763,401.7612,0
U079,Si supieras - Kevin Kaarl,45.9075,4.5011,48.0132,29.8418,45.2118,136.654,59.4765,181.8658,0
U048,Cola - Lana del rey,40.6336,383.0361,20.8889,16.4917,56.2367,39.415,419.3606,16.8218,1
U061,Si supieras - Kevin Kaarl,57.6365,39.4993,16.7863,11.13,20.904,10.0846,130.0464,30.9886,1
U037,Niño - Milo J,56.3914,142.6692,29.4216,45.2626,30.9989,101.2894,61.5599,70.2905,1
U065,Doma - Josean log,30.3902,187.6184,11.664,15.6737,111.1683,282.2382,212.9762,171.0698,0
U050,Sigo aqui - Alex Ubago,84.5936,74.0387,65.6638,55.7805,53.8708,12.1962,10.3325,41.6745,1
U083,Caminando por la vida - Melendi,84.5936,330.5629,21.3986,23.0036,3.5923,3.5934,424.6346,7.1857,1
U021,Billie Jean - Michael Jackson,53.3478,212.3601,2.7362,4.7274,4.821,114.7366,119.6458,119.5575,1
U088,Quedate - Manuel Medrano,62.9902,15.2087,17.3141,10.2433,65.7303,24.4964,71.7107,41.2339,1
U049,Tu jardin con enanitos - Melendi,53.9884,601.6097,82.7073,78.1626,25.2842,67.288,687.5718,42.0038,0
U119,My love mine all mine - Mitski,42.5124,179.9798,24.7417,56.8862,7.4077,110.5426,218.2472,117.9503,1
U011,La negra tiene tumbao - Celia Cruz,31.422,413.8377,13.1417,2.2497,91.5027,41.6592,449.053,133.162,1
U003,Rata de dos patas - Paquita la del barrio,81.888,323.8977,14.8766,33.8573,26.1176,104.8034,397.1335,130.9209,1
U106,Euphoria - Jung Kook,9.8047,426.0409,184.5557,146.4467,174.3616,180.9075,458.1169,6.546,0
U029,Azul celeste - Paquita la del barrio,82.3671,5.3121,5.7794,48.1596,70.1951,8.583,85.4141,78.7782,1
U026,La mujer que bota fuego - Manuel Medrano,60.9706,94.1363,40.4004,41.3032,51.6984,76.1853,18.3954,24.4868,1
U079,Desde que estamos juntos - Melendi,45.9075,25.7273,44.6695,21.0418,29.6912,141.5554,29.2481,171.2466,1
U033,Sangre para derramar - Milo J,67.1072,56.3374,143.1398,164.18,134.865,560.961,71.0544,426.096,0
U066,Let you break my heart again - Laufey,14.2285,186.4259,4.2789,26.0238,22.3961,302.8495,131.1638,325.2456,0
U046,Rincon - Milo J,73.1014,104.4864,30.1548,53.4945,23.4534,88.7941,2.4905,65.3407,1
U100,Amor viejo - Kevin Kaarl,60.9263,120.2321,35.3295,46.8367,2.2423,2.7406,246.7305,0.4982,1
U111,Love in the dark - Adele,61.0367,83.5452,21.2027,23.0303,50.5839,83.6514,75.4476,134.2353,1
U068,Rata de dos patas - Paquita la del barrio,36.1812,387.2717,78.2896,59.3004,59.3036,146.5494,411.6613,87.246,0
U071,Stronger than me - Amy Winehouse,25.1782,450.3029,128.5392,124.68,101.0255,14.3275,416.2345,115.353,0
U116,Beso - Josean Log,78.2254,203.1928,44.0981,26.1971,27.576,128.6964,124.7855,101.1204,1
U029,La negra tiene tumbao - Celia Cruz,29.1955,312.3434,31.2825,34.5096,73.3092,4.234,339.2737,69.0753,1
U087,Bitch better have my money - Rihanna,20.1037,192.0469,15.8049,39.9213,53.0248,160.7923,115.3956,213.8171,0
U116,Somedoy - Jung Kook,62.1714,71.9365,56.6482,63.6555,62.7823,13.6857,134.2898,76.468,1
U030,Rincon - Milo J,84.5936,312.3576,182.3722,180.0774,177.3298,196.558,235.5003,19.2282,0
U003,Milagrosa - Milo J,70.4061,355.0986,120.1251,102.9774,44.1464,296.4417,416.8524,252.2953,0
U064,First love late spring - Mitski,56.9236,100.1606,49.6707,58.0572,55.2822,16.8204,251.4108,72.1026,1
U070,Si pudiera - Manuel Medrano,56.7316,538.7461,4.93,0.8169,28.5493,76.274,645.2105,47.7247,1
U098,Estos celos - Vicente Fernandez,84.5936,213.6493,72.0323,55.2073,41.365,16.6007,125.6846,24.7644,1
U023,You know i'm no good - Amy Winehouse,27.2403,107.8261,15.4281,4.9994,45.7525,109.6295,135.5325,155.382,1
U104,Desde que estamos juntos - Melendi,33.0441,137.0504,26.6222,23.1604,36.2207,146.213,109.2811,109.9924,1
U035,Rara vez - Milo J,71.2139,252.2298,21.0905,34.1176,27.4074,41.5709,362.1761,68.9782,1
U088,Bored - Laufey,62.9902,71.9938,94.5897,84.597,67.2225,155.3849,158.9132,88.1624,0
U070,Loba - Shakira,56.7316,580.2159,165.8655,164.9462,111.0623,174.853,686.6803,63.7907,0
U078,Aunque no te pueda ver - Alex Ubago,81.1035,166.9038,171.8051,182.6544,60.7197,452.9044,163.4618,392.1846,0
U064,San lucas - Kevin Kaarl,56.9236,71.6014,44.3337,33.776,1.8182,44.3556,79.6488,42.5374,1
U018,Rehab - Amy Winehouse,49.4884,51.312,103.4573,100.1157,4.674,385.8469,50.2821,390.521,0
U005,Bitch better have my money - Rihanna,3.1113,433.0784,158.7073,185.9361,148.4533,201.9536,427.7761,53.5003,0
U113,Somedoy - Jung Kook,43.3739,51.926,68.3138,37.833,73.2905,35.1649,94.8295,38.1256,1
U051,Donde nadie pueda ir - Manuel Medrano,69.1707,73.3758,168.4236,173.5836,114.2681,587.3891,62.9733,473.121,0
U073,Tierra - Josean Log,70.7286,144.4411,36.1623,56.5797,14.5621,11.0465,13.1186,3.5156,1
U040,Las de la intruicion - Shakira,44.7784,489.2954,173.7352,181.8756,75.0872,297.2578,555.6795,222.1707,0
U014,Mercy - Shawn Mendes,84.5936,353.5368,34.0118,20.7667,6.1262,26.812,449.5536,20.6858,1
U014,Taco placero - Paquita la del barrio,84.5936,76.8247,58.589,55.4084,54.8614,4.1656,172.8416,59.027,1
U062,Nobody - Mitski,23.8405,130.1532,84.5903,92.8312,77.0502,194.2294,116.8604,117.1792,0
U020,Un violinista en tu tejado - Melendi,81.4806,256.3205,117.539,93.9263,103.1897,283.2254,187.1962,180.0357,0
U035,Love on the brain - Rihanna,71.2139,366.1453,145.1528,130.1134,107.4827,206.0189,476.0916,98.5362,0
U007,Te quiero tanto - Kevin Kaarl,68.0895,446.526,5.2911,27.8329,35.2797,76.0762,613.5544,40.7965,1
U055,I'll change for you - Mitski,3.1388,593.1652,144.628,134.7055,74.3772,157.0606,635.2612,82.6832,0
U117,Easy on me - Adele,51.2882,267.7497,63.0654,53.8538,26.4804,139.0641,240.5773,112.5837,0
U082,La luna - Josean Log,80.5192,265.1516,6.8826,5.1004,27.4772,1.6728,411.891,29.1499,1
U087,You know i'm no good - Amy Winehouse,11.7465,189.1667,100.752,73.5362,22.7892,277.7279,297.6681,254.9387,0
U023,There's nothing holding me back - Shawn Mendes,84.5936,148.8007,56.4801,38.9353,40.841,93.113,63.7409,52.272,1
U053,Back to black - Amy Winehouse,69.6265,181.1139,12.0285,23.4687,55.3438,43.6715,225.2793,99.0153,1
U005,Donde nadie pueda ir - Manuel Medrano,28.6144,116.5581,47.5083,43.8265,28.2873,44.2102,136.759,15.9229,1
U118,A veces a besos - Greeicy,40.1665,285.8056,144.3914,107.6128,131.3791,139.4508,419.2363,8.0717,0
U014,A veces a besos - Greeicy,72.6662,198.1435,4.7448,33.8758,74.3943,74.2533,282.233,0.141,1
U019,Hate you - Jung Kook,49.9002,170.7432,113.2688,131.5467,40.8881,121.5666,330.225,80.6786,0
U037,Sin miedo a nada - Alex Ubago,62.7244,171.303,35.1259,7.3862,8.2964,35.9022,258.7453,44.1987,1
U096,Chachacha - Josean log,55.786,344.7835,93.5259,114.3095,94.1773,566.3295,411.2084,472.152,0
U076,Colapso - Kevin Kaarl,52.1989,91.6027,25.1812,49.9897,0.6007,38.4981,18.2649,39.0988,1
U015,Someone like you - Adele,67.5931,204.7082,42.6638,82.2987,74.2098,111.6535,254.5545,37.4437,0
U099,Retirada - Milo J,76.6862,110.0218,17.3957,60.9123,6.1643,49.0662,46.2723,55.2305,1
U086,Washin machine - Mitski,11.9824,483.83,9.4187,47.807,91.9184,69.6778,473.077,22.2406,0
U028,La promesa - Melendi,54.5809,246.128,54.7512,29.1945,18.1197,135.4704,358.5067,153.5901,0
U074,Mujeres divinas - Vicente Fernandez,68.8065,76.0648,3.3597,11.9041,26.6616,33.2753,172.5927,6.6138,1
U089,Tears dry on their own - Amy Winehouse,36.8876,163.0155,0.2802,23.2653,65.2443,109.171,187.0029,43.9268,1
U061,A veces a besos - Greeicy,45.7091,240.9045,116.7499,93.4437,82.1185,140.0846,319.5243,57.9661,0
U042,Lo hecho esta hecho - Shakira,50.3081,207.6329,15.9485,33.8292,71.4659,99.238,38.9908,170.7039,1
U057,Someone like you - Adele,39.6336,125.6352,12.012,14.4369,0.2931,168.5007,106.0201,168.2076,1
U027,Loba - Shakira,49.3451,184.7895,27.8738,7.0294,53.9861,211.2366,125.2525,265.2226,0
U089,Valentine - Laufey,78.3497,222.7798,10.2858,55.6498,54.116,106.8605,288.2293,52.7446,1
U109,Colapso - Kevin Kaarl,65.0651,86.6948,1.5701,12.9329,9.9959,69.4421,30.7383,59.4462,1
U067,Quedate - Manuel Medrano,67.7894,6.6207,11.1921,15.74,41.3118,81.9417,149.8756,40.6299,1
U081,Mujeres divinas - Vicente Fernandez,70.8128,272.7885,121.0047,124.3468,107.2626,560.8369,299.1634,453.5743,0
U063,In a lake portuguese -  Mitski,44.7032,142.6623,30.8683,26.8379,39.6785,33.4306,24.7884,6.2479,1
U101,La mujer que bota fuego - Manuel Medrano,58.0326,122.407,44.2543,27.4165,20.3074,136.1455,59.6772,156.4528,1
U101,Los besos - Greeicy,31.4731,367.3716,82.1121,106.2929,133.494,12.5745,403.542,120.9194,0
U014,Valentine - Laufey,84.5936,428.9521,16.3101,39.4221,39.5875,60.1065,524.9689,20.519,1
U033,Es que yo te quiero a ti - Kevin Kaarl,67.8672,249.3549,107.6231,108.1028,167.3247,482.0612,235.3979,314.7366,0
U107,Thriller - Michael Jackson,72.1148,535.8501,80.7251,82.7274,10.078,132.6785,619.1528,122.6005,0
U042,Cinnamon girl - Lana del rey,73.8782,13.4312,37.2528,90.1093,26.8004,158.1235,158.5032,184.9239,0
U031,Young and beautiful - Lana del rey ,45.2508,22.8332,76.2843,64.4323,109.024,59.1416,128.1115,49.8824,0
U041,Cinnamon girl - Lana del rey,74.4325,133.7592,48.5979,31.7184,84.0019,159.2786,190.8039,243.2805,0
U080,Taco placero - Paquita la del barrio,11.5538,66.4584,36.1278,44.5449,71.8327,124.2689,83.5177,52.4362,1
U004,Just friends - Amy Winehouse,63.2487,571.314,103.5775,104.7351,108.5213,94.0777,706.2386,14.4436,0
U075,Sigo aqui - Alex Ubago,67.6972,296.4091,171.5847,198.5053,82.1347,154.6177,411.8268,72.4831,0
U116,There's nothing holding me back - Shawn Mendes,78.2254,160.3422,4.2441,15.6696,23.9965,70.5051,81.9348,94.5016,1
U063,The girl is mine - Michael Jackson,41.9008,260.8122,30.8947,26.8379,99.3906,45.9542,341.6588,145.3448,0
U058,MAI - Milo J,50.9753,368.3848,17.1868,7.4031,5.3045,97.937,469.5006,92.6326,1
U047,Too sad to dance - Jung Kook,83.4503,423.9662,17.0823,39.4254,7.8339,56.2938,506.3886,48.4601,1
U097,Colapso - Kevin Kaarl,43.9037,136.4898,29.9338,31.22,3.1554,193.2559,80.5747,190.1005,0
U004,Que le den candela - Celia Cruz,8.3583,577.3763,112.8838,111.3653,77.6649,141.3997,657.4105,63.7348,0
U020,Te busco audio - Celia Cruz,79.1741,346.5344,13.5947,32.3386,66.6946,59.651,413.3522,7.0436,1
U068,Que le den candela - Celia Cruz,22.5985,375.0415,67.3075,33.0267,40.8663,130.1869,340.6514,89.3207,0
U055,Mujeres divinas - Vicente Fernandez,59.0821,91.3235,24.7354,25.7094,15.38,15.7548,189.3628,31.1347,1
U002,Rincon - Milo J,56.0671,301.6571,91.5935,108.8444,20.9452,402.5095,260.3718,423.4547,0
U049,La promesa - Melendi,53.9884,247.6533,58.9365,57.9398,29.0496,99.5757,333.6154,128.6253,0
U013,Dame tu aire - Alex Ubago,52.7759,113.21,7.3255,24.6848,17.5803,42.4557,45.3651,60.0362,1
U103,Beso - Josean Log,75.6635,52.5904,5.6646,7.6496,11.1606,59.0135,128.6625,70.1741,1
U071,Bored - Laufey,23.9542,61.746,92.328,81.2641,76.9384,11.7933,46.6819,88.7317,0
U101,Rincon - Milo J,58.0326,142.3918,40.701,28.428,8.6253,117.5082,79.662,126.1335,1
U033,Fragile - Laufey,67.4883,147.4383,9.5319,3.7297,6.8157,393.0764,133.1024,386.2607,0
U028,Quimbara - Celia Cruz,49.4804,606.3969,193.4632,182.425,132.081,196.0725,713.675,63.9915,0
U007,Una y otra vez - Manuel Medrano,68.0895,47.4564,44.6775,13.3277,65.6915,145.697,214.4848,80.0055,0
U034,Dont stop the music - Rihanna,53.9219,594.9991,156.126,187.0162,155.9482,23.8695,679.7187,132.0786,0
U003,Loba - Shakira,81.888,305.6052,34.5713,46.9195,58.5638,26.6774,378.841,85.2412,1
U050,Let you break my heart again - Laufey,9.1996,315.0529,27.9641,40.7849,27.5379,95.642,305.6309,68.1041,1
U068,There's nothing holding me back - Shawn Mendes,36.1812,219.3678,18.2631,5.8761,4.4058,99.3814,194.9781,103.7873,1
U002,Brooklyn baby - Lana del rey,22.3359,371.7745,76.9924,63.7583,106.7509,173.557,379.3286,280.3078,0
U025,Que pides tu - Alex Ubago,67.5389,41.6146,6.9766,3.225,52.3363,31.4623,121.5225,20.874,1
U081,Bajo el agua - Manuel Medrano,70.8128,461.1234,157.1981,160.2074,102.398,623.5538,487.4983,521.1557,0
U095,From the start - Laufey,47.8487,104.1456,65.5249,65.3553,34.0825,7.2528,153.0344,26.8297,1
U013,Dead women - Mitski,42.1771,551.0444,30.2303,19.1418,47.2292,22.4041,608.2905,24.825,1
U075,Lover girl - Laufey,39.5049,181.0562,114.9521,141.3227,11.0134,154.6177,41.5636,165.6312,0
U075,Brooklyn baby - Lana del rey,33.966,212.2571,49.1939,71.2885,14.2696,15.3811,63.1082,1.1114,1
U091,Si pudiera - Manuel Medrano,50.3965,530.8837,0.4102,7.8411,28.8999,16.0923,626.5532,12.8075,1
U044,Azul celeste - Paquita la del barrio,84.5936,153.0601,13.2862,1.6335,35.2575,5.0822,254.7005,40.3398,1
U084,Rata de dos patas - Paquita la del barrio,59.2101,208.9261,47.0838,49.8402,5.1386,480.5134,54.5694,485.6519,0
U050,Ultraviolence - Lana del rey,84.5936,159.7008,13.2011,71.4363,46.4754,50.1716,244.072,96.647,1
U040,In my bed - Amy Winehouse,20.837,548.0311,136.3617,130.1478,117.7276,135.5504,590.4738,17.8229,0
U060,Hello - Adele,32.971,213.997,94.8206,59.1774,20.8919,65.3718,137.3009,44.4799,0
U040,Love is a losing game - Amy Winehouse,37.4982,136.9275,119.6059,133.4438,135.0851,109.396,152.8199,25.6889,0
U063,Mentira - Greeicy,9.3083,39.6026,45.2582,51.5316,51.4352,63.7586,153.0417,12.3234,1
U047,A veces a besos - Greeicy,72.6662,67.9593,14.5916,23.8684,3.9736,7.7596,139.5977,3.7859,1
U037,Send my love - Adele,60.0256,278.5638,157.6983,118.6019,107.8325,119.9552,363.3073,12.1227,0
U117,La vida es un carnaval - Celia Cruz,32.3615,267.7497,19.8647,11.9375,59.3836,32.6738,221.6506,26.7098,1
U090,Rolling in the deep - Adele,54.7533,162.459,26.0,18.1789,32.635,29.6086,96.2042,3.0265,1
U111,Send my love - Adele,58.3379,78.4068,0.4796,6.4283,99.2505,34.8077,240.0984,134.0582,1
U059,Que le den candela - Celia Cruz,4.663,393.1097,45.3371,11.351,7.0125,61.2032,395.605,54.1907,1
U077,Chachacha - Josean log,32.3816,71.6497,27.3028,30.2804,60.3448,104.8005,39.2681,165.1452,1
U058,Amor viejo - Kevin Kaarl,51.3542,124.3143,16.4958,45.0177,1.3222,22.2023,225.809,23.5245,1
U118,Colapso - Kevin Kaarl,52.0939,59.917,0.0781,25.2599,10.22,27.4817,85.4411,37.7017,1
U012,First love late spring - Mitski,32.7597,287.0989,81.0039,94.5266,148.0246,113.6666,390.1487,34.358,0
U010,Chachacha - Josean log,41.8107,13.4753,77.8647,74.5771,64.6573,66.8361,70.4171,2.1788,0
U019,Me arrepiento - Alex Ubago,65.9542,80.3904,23.0186,20.9857,37.1792,13.2327,255.9262,50.4119,1
U060,Billie Jean - Michael Jackson,38.48,275.5105,37.7152,0.5804,51.5788,129.8053,204.3234,78.2264,1
U110,Yes or no - Jung Kook,74.1293,86.5562,55.6372,51.1444,39.27,15.656,179.58,54.9261,1
U116,Para siempre - Vicente Fernandez,78.2254,152.3337,44.9142,21.025,32.8279,125.1228,73.9264,92.2949,1
U097,Niño - Milo J,37.5707,154.2942,18.3954,11.6654,6.9679,215.1816,104.7122,208.2137,1
U020,Tears dry on their own - Amy Winehouse,40.0185,180.4004,0.8273,26.1628,50.7668,104.378,208.0626,53.6112,1
U106,Lo hecho esta hecho - Shakira,20.6671,573.4123,225.7655,202.7268,155.3656,242.6376,616.3507,87.272,0
U051,Treat you better - Shawn Mendes,69.1707,90.3094,69.7307,77.1729,104.8792,445.8454,100.712,340.9661,0
U030,Bored - Laufey,84.5936,150.9749,59.6398,62.7181,90.3282,3.5303,74.1176,93.8585,1
U085,Sangre para derramar - Milo J,80.1732,296.478,36.2211,80.7219,72.6796,39.5662,482.6904,33.1134,0
U012,Te busco audio - Celia Cruz,30.4532,219.4588,6.1002,71.5635,46.1013,4.0663,114.1025,50.1676,1
U112,Dame tu aire - Alex Ubago,63.9171,59.1874,29.0948,27.8805,36.7334,15.3546,95.2083,52.0879,1
U019,Estos celos - Vicente Fernandez,65.9542,98.5437,33.6932,47.7114,57.5231,42.5005,76.9921,100.0237,1
U063,Back to black - Amy Winehouse,37.2064,115.0255,0.2535,10.5238,9.5269,16.7092,29.4845,26.2361,1
U055,Pobre pistolita - Paquita la del barrio,59.0821,232.8963,60.8045,61.1541,45.968,90.9841,330.9356,136.9521,0
U077,Taco placero - Paquita la del barrio,32.3816,20.738,38.227,64.656,0.6428,87.3125,53.1197,86.6697,1
U095,Quiero + - Greeicy,55.411,409.8354,42.9946,47.9937,4.3519,13.987,464.2064,18.3389,1
U040,Milagrosa - Milo J,33.2965,597.5245,12.0398,26.217,16.5454,4.7189,652.4266,21.2642,1
U067,Es que yo te quiero a ti - Kevin Kaarl,67.7894,599.5596,10.4995,9.9635,43.4384,16.2189,742.8145,27.2194,1
U021,Sangre para derramar - Milo J,52.5878,99.6447,140.6166,146.5148,71.9655,367.4168,193.119,295.4513,0
U104,Te quiero tanto - Kevin Kaarl,33.0441,270.9051,18.9551,41.5346,19.1889,95.0792,298.6744,75.8904,1
U099,Still with you - Jung Kook,80.1763,360.1153,4.9241,22.9899,62.8967,26.6678,427.3549,89.5646,1
U017,Easy on me - Adele,39.6554,522.4712,158.5386,164.1246,103.0553,74.1024,563.2363,28.9528,0
U067,Te quiero tanto - Kevin Kaarl,67.7894,426.1871,0.6264,45.1784,15.5593,10.5233,569.442,26.0826,1
U025,Gitana - Shakira,54.713,285.4615,111.2974,106.0252,156.025,140.459,435.7727,15.566,0
U107,I bet on losing dogs - Mitski,70.9715,504.6492,30.9738,52.1807,6.418,7.2584,586.8086,0.8405,1
U036,Lo hecho esta hecho - Shakira,28.0939,205.3674,53.3475,51.2576,7.9302,42.3663,167.4546,34.4361,1
U059,Que me perdone tu perro - Paquita la del barrio,63.4427,436.5408,14.7045,30.5685,96.0984,7.8817,497.8158,103.9801,1
U080,Let you break my heart again - Laufey,82.2394,291.2927,111.5077,105.4603,44.3411,32.0201,180.4401,76.3612,0
U039,Ultraviolence - Lana del rey,66.2091,21.7686,69.7771,28.3585,102.8058,240.7679,32.6679,137.9622,0
U012,Easy on me - Adele,32.7597,238.2874,72.6428,34.1684,3.9541,54.3752,135.2376,50.4211,1
U106,Si supieras - Kevin Kaarl,54.3983,16.0002,13.0466,7.858,20.7595,24.8265,92.6698,45.586,1
U052,Sabes - Alex Ubago,66.8761,333.473,12.4328,19.5938,13.5986,64.0015,476.9943,77.6001,1
U073,Dont stop the music - Rihanna,70.3497,647.5338,195.1807,203.5915,173.717,149.892,804.7146,23.825,0
U032,Sigo aqui - Alex Ubago,75.3734,47.3217,36.8227,29.9507,0.9045,209.1035,28.0517,210.0081,0
U056,Combustion - Josean Log,15.0001,335.0829,33.4362,36.3188,14.3049,91.3846,343.5562,105.6895,1
U020,Remember the time  Michael Jackson,81.4806,334.1621,17.2543,37.9463,50.7668,42.416,403.2864,8.3508,1
U020,Soltera - Shakira,81.4806,234.5733,35.5188,53.6791,14.0681,70.7843,303.6976,56.7163,1
U111,Quimbara - Celia Cruz,55.9362,219.8941,2.9095,15.0709,95.0081,76.6797,55.8007,171.6878,1
U076,Rata de dos patas - Paquita la del barrio,52.1989,578.9259,137.0001,122.2658,97.5332,126.0424,688.7934,28.5093,0
U083,Back to black - Amy Winehouse,79.8992,378.3414,32.6453,40.4739,45.1987,51.65,467.7187,6.4513,1
U018,Aunque no te pueda ver - Alex Ubago,76.9072,151.4047,165.2524,166.4979,71.3448,382.0169,179.8533,310.672,0
U084,A veces a besos - Greeicy,47.2827,115.8799,64.9518,89.223,29.3652,478.1214,282.1639,507.4866,0
U050,Chachacha - Josean log,84.5936,135.0859,58.34,54.5061,27.6483,14.0948,50.7147,13.5536,1
U002,Estos celos - Vicente Fernandez,56.0671,345.5786,68.158,77.0021,16.8212,329.4919,304.2933,312.6706,0
U054,Bad - Michael Jackson,84.5936,313.2372,24.954,0.7904,30.3245,65.0961,377.925,95.4207,1
U116,Yes or no - Jung Kook,74.7353,10.9867,28.7771,31.3168,86.5029,84.9985,85.9039,171.5015,1
U024,Una y otra vez - Manuel Medrano,74.3637,374.3697,152.9199,167.0047,70.9235,203.9641,510.9221,133.0406,0
U100,Mujeres divinas - Vicente Fernandez,60.9263,113.3284,16.8112,34.8967,4.0487,51.5972,239.8268,55.6458,1
U059,Back to black - Amy Winehouse,58.7483,283.7057,27.9127,9.6791,32.815,11.8698,340.2863,20.9452,1
U057,When we were young - Adele,56.6341,119.8131,6.1748,33.4258,22.8973,150.028,117.1985,127.1307,1
U110,Cheque al portamor - Melendi,77.6194,34.5728,34.5922,30.5108,42.0255,99.1665,61.9411,57.141,1
U074,La ley del monte - Vicente Fernandez,68.8065,377.2929,92.9942,69.8919,93.9732,73.5619,473.8208,20.4114,0
U034,Niño - Milo J,47.9678,124.5348,28.8895,14.864,11.5277,172.2481,45.7693,160.7203,1
U045,Mercy - Shawn Mendes,68.532,16.0267,94.0813,88.0765,43.8846,180.3103,8.2753,136.4257,0
U008,Doma - Josean log,23.3973,149.171,8.8735,4.1318,57.9604,187.4066,153.197,129.4461,1
U092,Cheque al portamor - Melendi,60.5392,166.791,62.976,79.5971,37.3099,285.6901,113.9809,248.3802,0
U078,Pierdeme el respeto - Paquita la del barrio,84.5936,167.35,175.9915,153.8246,123.1397,449.0298,167.3018,325.8901,0
U029,Que le den candela - Celia Cruz,23.5874,371.4193,24.4058,36.1815,21.0279,26.4906,392.7416,5.4627,1
U039,Sin remitente - Melendi,66.2091,434.6676,192.7398,204.9494,126.0328,365.0225,445.5669,238.9898,0
U075,Una y otra vez - Manuel Medrano,67.6972,366.4975,155.7463,209.65,58.7436,83.0874,481.9152,24.3438,0
U013,Estos celos - Vicente Fernandez,52.7759,147.4801,4.4958,2.1601,64.7554,78.2024,79.6352,142.958,1
U097,Las de la intruicion - Shakira,43.9037,457.0106,158.9412,159.8594,82.0549,81.623,512.9256,0.4319,0
U115,Dame tu aire - Alex Ubago,50.4293,67.7498,2.1416,2.2802,20.162,36.4776,43.3288,56.6396,1
U074,Hombres malvados - Paquita la del barrio,68.8065,62.4943,91.5696,73.3838,92.5994,75.768,159.0222,16.8314,0
U100,Bored - Laufey,60.9263,103.1212,106.5437,108.1372,85.7085,217.5983,229.6196,131.8897,0
U040,MAI - Milo J,44.3995,346.657,25.428,21.1004,8.7669,74.8837,412.6622,66.117,1
U102,A gritos de esperanza - Alex Ubago,84.2147,345.905,108.7324,132.0981,29.4622,376.6387,289.8731,406.1009,0
U026,Alguien como tu - Josean Log,60.9706,13.4341,31.7726,28.6979,103.9703,46.2016,62.3068,57.7687,1
U095,Si hay algo - Josean Log,55.411,5.9307,33.242,35.1244,41.15,116.3828,48.4403,75.2329,1
U027,Man down - Rihanna,3.8265,117.4372,1.4901,30.6248,45.7665,289.3626,230.1459,335.129,0
U024,La distancia - Manuel Medrano,74.3637,41.5868,175.3563,159.6395,122.9059,326.3337,178.1392,203.4278,0
U094,La mujer que bota fuego - Manuel Medrano,60.8547,48.3178,22.2986,12.2196,18.3651,0.4258,53.2861,18.7908,1
U075,Yo vivire (I will survive) - Celia Cruz,60.1103,212.2571,86.9122,129.8855,6.989,28.7287,89.2524,21.7398,0
U028,Amor viejo - Kevin Kaarl,54.5809,111.4589,5.0792,29.8037,13.5678,15.3957,223.8376,1.8279,1
U090,Easy on me - Adele,54.7533,162.459,20.3688,11.4059,6.2093,0.2408,96.2042,6.45,1
U106,La mujer que bota fuego - Manuel Medrano,54.3983,80.0345,8.8304,11.3853,23.0329,88.8568,3.3649,111.8896,1
U096,Diamonds - Rihanna,55.786,199.8973,10.453,7.8549,37.7167,515.4159,133.4724,477.6991,0
U069,Ya para que - Greeicy,20.6897,404.7728,20.2264,17.3426,3.1633,117.3979,421.8217,114.2346,1
U054,Somedoy - Jung Kook,68.5396,86.012,28.3458,49.6263,51.6601,47.8213,37.3782,3.8388,1
U006,Pobre pistolita - Paquita la del barrio,76.6242,12.5248,38.1969,59.467,153.767,251.9227,77.8863,98.1556,0
U095,Limonar - Greeicy,10.8174,154.9656,42.0494,33.2029,15.8709,37.2963,164.743,21.4254,1
U099,Love in the dark - Adele,80.1763,223.7664,34.831,6.1094,53.5195,43.1251,291.006,96.6446,1
U065,Fragile - Laufey,30.0113,325.361,96.3714,95.9837,52.6179,147.8152,350.3399,200.4331,0
U085,Vamonos a marte - Kevin Kaarl,80.5543,64.9488,12.9006,49.3734,39.9191,35.591,121.6447,75.5101,1
U094,You da one - Rihanna,60.8547,446.8617,152.9484,128.7202,119.1142,244.4636,548.4657,125.3494,0
U049,Sin remitente - Melendi,53.9884,79.9035,30.5026,32.568,1.2115,22.0995,6.0586,20.888,1
U083,Stitches - Shawn Mendes,84.5936,141.7529,9.2636,27.4403,20.7574,57.7193,235.8246,78.4766,1
U101,Caminando por la vida - Melendi,58.0326,330.4262,13.0039,22.1002,62.5887,65.4465,393.156,128.0352,1
U119,Si supieras - Kevin Kaarl,84.5936,161.4366,92.3633,101.929,42.2636,151.0794,81.088,108.8158,0
U008,Remember the time  Michael Jackson,23.3973,363.9418,48.1327,1.3478,59.8907,7.0005,367.9678,66.8912,1
U049,Say yes to heaven - Lana del rey,37.4625,607.9222,198.3327,135.941,97.1847,296.0622,677.3584,198.8775,0
U049,Hello - Adele,48.4794,546.4087,225.867,209.1589,90.9578,318.4141,626.8618,227.4563,0
U044,Waka waka - Shakira,53.6847,531.3975,95.4128,3.5593,109.6528,308.9433,602.129,199.2905,0
U037,Mujeres divinas - Vicente Fernandez,62.7244,75.023,18.0659,9.6058,21.2141,53.737,162.4653,32.5229,1
U047,Let you break my heart again - Laufey,9.1996,304.3916,36.1273,15.5144,9.1083,29.9207,294.1641,39.0289,1
U091,Azul celeste - Paquita la del barrio,50.3965,212.3086,121.0821,130.5642,31.3948,122.6386,307.9781,154.0334,0
U117,Pobre pistolita - Paquita la del barrio,51.2882,92.5192,48.9142,43.2199,107.4869,5.591,119.6916,101.896,1
U036,La distancia - Manuel Medrano,61.8251,40.6043,138.098,122.2596,146.7353,231.6142,44.7859,84.8789,0
U039,Mujeres divinas - Vicente Fernandez,66.2091,248.6836,161.8372,156.8424,130.8974,358.7644,259.5829,227.8671,0
U103,La mujer que bota fuego - Manuel Medrano,75.6635,25.3462,34.1635,53.2984,27.5988,27.2655,155.9067,54.8642,1
U100,Como hacer para olvidarte - Manuel Medrano,58.2275,316.8692,14.5621,28.2727,9.6268,13.5464,440.6688,23.1733,1
U062,Un violinista en tu tejado - Melendi,23.8405,197.5445,44.5933,20.3141,5.699,33.4617,184.2518,27.7627,1
U080,Me enamore - Shakira,50.8648,280.0776,118.8374,114.7364,46.8974,29.4859,200.5996,76.3833,0
U081,Yes or no - Jung Kook,67.3227,237.4583,44.8546,64.2914,17.5054,483.5845,267.3233,466.0792,0
U088,Caminando por la vida - Melendi,62.9902,383.4291,25.5622,17.7659,34.1843,7.3583,470.3485,26.826,1
U007,No me culpes por sentir - Kevin Kaarl,68.0895,130.4983,16.694,7.2967,3.7923,21.0288,36.5301,17.2365,1
U009,The girl is mine - Michael Jackson,84.5936,170.7355,138.7023,166.9018,198.5353,272.9796,99.3996,74.4443,0
U056,Donde nadie pueda ir - Manuel Medrano,15.0001,132.4808,25.2746,5.4656,18.509,18.243,140.9541,36.752,1
U028,Me enamore - Shakira,7.8377,475.6072,171.3727,159.0383,111.938,230.2534,525.5673,118.3154,0
U061,Chachacha - Josean log,57.6365,27.198,51.9815,37.5355,13.8504,52.5089,117.7451,38.6586,1
U011,Fragile - Laufey,84.2147,408.1156,30.767,23.8726,81.8853,1.1265,496.1237,83.0118,1
U036,Where have you been - Rihanna,61.8251,205.3674,17.0732,12.7712,5.4772,19.3638,201.1858,13.8866,1
U050,Too little too late - Laufey,72.6662,265.5895,2.3207,17.8843,43.3281,0.572,338.0334,43.9,1
U045,Set fire to the rain - Adele,46.6313,184.5869,12.1667,33.1512,74.9631,110.7079,170.4376,185.671,1
U069,Send my love - Adele,81.8948,106.4719,34.855,19.2412,17.8472,66.257,184.7259,48.4098,1
U027,Milagrosa - Milo J,37.8632,234.2829,126.8226,142.8675,48.7241,481.0009,163.2639,432.2767,0
U057,Dont stop the music - Rihanna,56.2552,210.7763,14.1673,55.9418,57.82,193.6277,207.7828,251.4477,0
U060,Pierdeme el respeto - Paquita la del barrio,38.48,149.7065,63.7122,56.3,155.6162,292.095,220.8936,136.4788,0
U092,Mujeres divinas - Vicente Fernandez,60.5392,80.9922,48.8967,57.9973,45.7716,279.432,28.1821,233.6604,0
U089,Easy on me - Adele,78.3497,347.9781,64.0408,23.9652,31.1167,14.1351,413.4276,16.9815,1
U120,Mujeres divinas - Vicente Fernandez,57.3892,273.8992,166.1341,196.2532,36.1934,556.717,415.5858,520.5236,0
U059,Still with you - Jung Kook,63.4427,436.5408,41.207,3.087,24.2468,79.9577,497.8158,55.7108,1
U046,Pierdeme el respeto - Paquita la del barrio,73.1014,143.7282,8.7741,3.6308,66.3224,8.6264,245.7241,74.9488,1
U049,Why why why - Shawn Mendes,53.9884,522.7811,122.2909,92.3468,44.2203,146.3541,608.7432,102.1338,0
U068,I bet on losing dogs - Mitski,35.0379,387.2717,24.877,21.5233,24.6462,69.026,410.518,93.6724,1
U113,Summertime sadness - Lana del rey,58.6679,457.4877,45.874,3.8886,63.9729,10.9374,515.6852,74.9103,1
U008,Set fire to the rain - Adele,1.4966,395.1427,120.4216,106.6531,156.4054,30.3441,377.268,186.7495,0
U111,Que le den candela - Celia Cruz,2.257,176.463,46.9795,43.8656,42.7268,85.9486,41.3095,128.6754,1
U083,Sin miedo a nada - Alex Ubago,84.5936,125.6148,25.0436,46.405,40.209,68.0713,219.6865,108.2804,1
U109,Back to black - Amy Winehouse,60.3707,462.1996,132.2047,131.377,94.3018,29.4025,574.9382,64.8993,0
U044,Un violinista en tu tejado - Melendi,84.5936,59.0851,94.8993,116.7046,0.2714,153.5604,42.5553,153.8318,0
U012,Borracho te recuerdo - Vicente Fernandez,32.7597,220.9098,29.9762,41.4967,106.0422,96.2794,323.9596,9.7628,0
U118,Alguien como tu - Josean Log,52.0939,69.0679,31.1786,18.6611,21.6419,24.5958,214.4259,2.9539,1
U065,Ultraviolence - Lana del rey,30.3902,158.6634,71.7562,128.4584,34.4773,170.6461,184.0212,136.1688,0
U061,Where have you been - Rihanna,57.6365,596.9114,193.2309,167.5124,100.2947,215.8186,687.4585,115.5239,0
U106,Top of the world - Shawn Mendes,54.3983,22.2582,54.032,46.071,17.0569,59.8632,98.9278,42.8063,1
U014,Sangre para derramar - Milo J,83.8336,242.1456,126.0286,164.226,53.655,94.1097,337.4024,40.4547,0
U058,Como hacer para olvidarte - Manuel Medrano,48.6554,320.9514,4.2716,26.4537,6.0623,5.9153,419.7473,0.147,1
U014,Ultraviolence - Lana del rey,84.5936,279.2237,2.0279,36.1584,12.7009,50.944,375.2405,63.6449,1
U044,Dead women - Mitski,73.9948,543.7698,44.0906,72.878,60.4164,116.4294,634.8114,176.8458,0
U083,Un violinista en tu tejado - Melendi,84.5936,90.507,76.7422,64.2142,36.2979,75.5668,3.5647,39.2689,0
U026,Rie y llora - Celia Cruz,31.168,552.998,89.9988,57.0701,35.9688,59.9314,598.9363,23.9626,0
U082,Cheque al portamor - Melendi,80.5192,11.8346,17.0679,36.2964,1.4452,25.9524,158.574,27.3976,1
U011,In a lake portuguese -  Mitski,2.0104,391.1464,41.7742,39.6114,34.8723,118.8758,392.9293,153.7481,0
U046,Rie y llora - Celia Cruz,43.2988,562.6327,96.6911,45.8903,75.8959,28.6853,634.826,47.2106,0
U011,El chofer - Vicente Fernandez,76.5838,91.4404,47.8552,42.4973,13.6172,84.4157,11.0632,98.0329,1
U109,Que me perdone tu perro - Paquita la del barrio,65.0651,615.0347,89.5875,91.1294,34.6116,25.4144,732.4677,60.026,0
U054,Nobody - Mitski,84.5936,234.7425,37.822,63.6763,18.1187,22.6943,170.0546,4.5756,1
U021,Nobody - Mitski,53.3478,341.9321,10.0752,3.7298,40.475,166.6674,434.6463,207.1424,0
U019,Si supieras - Kevin Kaarl,65.9542,61.3973,28.5814,36.1239,10.348,14.8759,236.9331,25.2239,1
U071,Vamonos a marte - Kevin Kaarl,23.5753,223.1287,10.0804,32.5284,7.0792,129.6944,208.4435,136.7736,1
U061,In my bed - Amy Winehouse,33.6951,547.418,123.9381,99.9226,88.8101,86.3236,614.0237,2.4865,0
U063,"Volver, volver - Vicente Fernandez",41.9008,261.5481,0.0162,2.5098,57.0813,63.7586,180.7015,120.8399,1
U004,Chicago - Michael Jackson,67.138,409.9095,100.833,79.6941,79.8775,174.7999,548.7234,94.9224,0
U039,Bored - Laufey,66.2091,258.8908,72.1047,83.6019,41.1402,192.7633,269.7901,151.6232,0
U119,Addicted to you - Shakira,36.0689,205.7658,112.4427,97.4683,149.7759,57.4992,165.4519,92.2767,0
U007,Combustion - Josean Log,68.0895,512.2928,37.2671,27.0287,1.708,74.1667,679.3212,72.4587,0
U115,Lo hecho esta hecho - Shakira,16.6981,615.3332,221.57,208.0862,114.4441,312.0638,692.6806,197.6196,0
U119,Estos celos - Vicente Fernandez,84.5936,321.3776,87.2515,90.3415,89.4387,123.4548,241.029,34.016,0
U029,Washin machine - Mitski,14.2089,414.8504,21.201,32.8473,49.3428,47.6509,398.3764,1.6919,1
U099,Bored - Laufey,80.1763,151.9336,6.6134,13.0442,62.8967,1.9725,84.694,64.8692,1
U095,Lover girl - Laufey,51.7911,422.0656,36.2987,33.2029,31.3898,48.3808,369.2345,79.7707,1
U078,Euphoria - Jung Kook,40.0,110.4956,25.0876,52.1064,82.7401,295.3233,65.9502,378.0633,0
U027,In my blood - Shawn Mendes,49.3451,178.7621,35.7697,63.9777,43.8367,267.3291,119.2251,223.4924,0
U027,Mercy - Shawn Mendes,49.3451,33.6693,38.9559,32.3065,22.5016,334.4119,25.8677,311.9102,0
U018,Why why why - Shawn Mendes,80.3973,157.2268,114.4821,139.0028,45.778,323.4791,189.1656,277.7011,0
U001,I bet on losing dogs - Mitski,47.6022,533.3269,62.0434,73.5779,22.9089,78.2144,593.0838,55.3056,0
U006,Still with you - Jung Kook,76.6242,372.7937,13.7772,31.6169,33.4218,185.8462,438.1552,152.4245,0
U034,Dame tu aire - Alex Ubago,54.3008,88.0839,2.7877,5.2032,10.4214,121.512,2.9854,131.9332,1
U083,San lucas - Kevin Kaarl,84.5936,165.9718,53.0386,49.8708,48.2621,30.9013,71.9001,17.3608,1
U115,Para siempre - Vicente Fernandez,50.4293,14.4987,25.9861,44.795,61.8999,70.422,96.5799,132.3218,1
U119,Still with you - Jung Kook,84.5936,395.9755,10.3561,14.7702,35.3293,21.0794,476.3241,56.4088,1
U071,Say yes to heaven - Lana del rey,7.4283,450.3029,139.523,63.2896,88.019,89.9102,448.8411,1.8912,0
U001,Man down - Rihanna,4.4261,212.8077,105.7868,86.763,131.0853,155.7378,220.5362,24.6525,0
U119,Rincon - Milo J,84.5936,277.4561,110.687,122.1838,51.6723,196.4724,197.1075,144.8001,0
U056,La mujer que bota fuego - Manuel Medrano,15.0001,204.4457,24.7402,10.6119,20.029,16.9686,195.9724,36.9975,1
U095,La promesa - Melendi,55.411,92.9976,35.9978,47.982,107.851,32.7914,147.3686,75.0596,1
U051,Young and beautiful - Lana del rey ,38.2618,389.3723,53.8633,58.9895,23.8065,471.9998,409.8787,448.1933,0
U012,Mas fuerte - Greeicy,25.3047,238.2874,31.641,10.6461,29.6214,67.3703,77.1731,96.9917,1
U014,Someone like you - Adele,67.5931,469.0093,21.3165,15.6924,58.7855,106.6397,548.0256,47.8542,0
U010,Beso - Josean Log,41.8107,97.5023,60.6206,74.5771,6.5831,46.6605,40.5605,53.2435,1
U020,Nobody - Mitski,81.4806,188.9292,11.6446,19.219,20.4405,55.5343,119.8048,35.0938,1
U103,Que pides tu - Alex Ubago,75.6635,54.9824,11.5044,32.9263,37.0967,14.6012,126.2705,22.4955,1
U082,Mentira - Greeicy,47.9267,292.0119,117.272,96.1981,152.271,100.573,406.1588,51.698,0
U070,Niño - Milo J,50.3986,89.8246,4.4721,0.8169,22.1289,89.7392,10.3068,67.6103,1
U014,A gritos de esperanza - Alex Ubago,84.2147,70.265,71.8947,89.784,1.4343,43.9744,25.3729,45.4087,1
U025,Stitches - Shawn Mendes,67.5389,252.0448,72.2379,82.8135,60.77,121.6073,415.1819,60.8372,0
U089,Sin remitente - Melendi,78.3497,339.8476,114.9105,156.6602,129.6314,240.2776,274.3981,110.6463,0
U064,Why why why - Shawn Mendes,56.9236,540.4058,116.1544,65.9056,41.1906,82.9743,691.656,41.7837,0
U094,Rincon - Milo J,60.8547,68.3026,18.7453,13.2311,6.683,18.2115,33.3013,11.5285,1
U011,Niño - Milo J,78.2606,203.1892,133.3958,127.005,43.0863,189.5063,121.1352,146.42,0
U063,West coast - Lana del rey,36.3918,2.4743,50.0883,56.8216,151.0479,109.4924,83.8813,260.5403,0
U005,San lucas - Kevin Kaarl,28.6144,264.0699,21.3557,26.3233,36.3404,0.4553,243.869,36.7957,1
U010,La negra tiene tumbao - Celia Cruz,11.3609,480.6817,156.3957,141.9225,142.5428,113.4007,484.4518,29.1423,0
U043,Bajo el agua - Manuel Medrano,68.1244,64.2076,15.4823,19.169,13.0159,75.5324,81.0738,62.5164,1
U102,Sangre para derramar - Milo J,83.8336,33.4944,162.8663,206.5401,25.6271,426.774,22.1564,401.1469,0
U096,Back to black - Amy Winehouse,51.0916,72.0948,39.296,46.9641,42.7706,546.8417,0.9755,504.071,0
U083,Estos celos - Vicente Fernandez,84.5936,186.1766,51.668,41.6895,88.1375,17.3625,92.1049,105.5001,1
U112,Back to black - Amy Winehouse,59.2227,471.0605,125.2294,132.5686,122.8945,54.6796,620.7618,68.2149,0
U086,First love late spring - Mitski,84.5936,41.5563,103.9852,112.2082,57.5188,22.1912,44.2667,35.3276,0
U051,Just friends - Amy Winehouse,65.2814,193.6511,48.469,70.694,23.8065,458.1609,200.1643,434.3544,0
U036,Desde que estamos juntos - Melendi,61.8251,382.2731,162.7151,152.4112,142.1965,229.9992,386.4547,87.8027,0
U104,Si supieras - Kevin Kaarl,33.0441,106.822,23.2785,14.3604,20.7001,141.3116,79.0527,120.6116,1
U082,Chachacha - Josean log,80.5192,29.7617,17.5304,12.1551,39.9022,34.0358,176.5011,5.8663,1
U111,You da one - Rihanna,61.0367,61.6268,0.459,17.5919,85.3907,16.335,97.3659,101.7257,1
U025,Desde que estamos juntos - Melendi,67.5389,53.8279,2.8508,6.7038,25.0444,48.7245,216.965,23.6801,1
U068,La vida es un carnaval - Celia Cruz,17.2545,418.4726,79.9822,52.07,104.6259,121.1297,423.9355,16.5039,0
U018,Tierra - Josean Log,80.3973,549.607,196.8582,150.6746,124.2394,453.8489,517.6682,329.6095,0
U105,Bored - Laufey,82.6143,217.9453,32.2315,60.1363,60.9138,25.4036,162.7405,86.3174,1
U107,La mujer que bota fuego - Manuel Medrano,72.1148,117.5967,55.3222,50.982,13.8453,106.8565,34.294,120.7017,1
U024,Say yes to heaven - Lana del rey,57.8378,204.3849,45.026,101.8611,14.173,63.4185,51.3066,49.2455,1
U044,Sigo aqui - Alex Ubago,84.5936,53.9322,47.0655,80.6363,4.1388,43.9328,155.5726,48.0717,1
U014,Los consejos - Greeicy,84.5936,66.1964,38.7952,33.8758,22.2937,11.4238,162.2132,33.7176,1
U062,Pierdeme el respeto - Paquita la del barrio,23.8405,1.078,4.0257,27.4936,62.6412,83.8705,12.2147,146.5117,1
U083,Te quiero tanto - Kevin Kaarl,84.5936,351.4915,52.4564,80.4512,39.4512,35.9703,445.5632,75.4215,0
U085,Estos celos - Vicente Fernandez,80.9332,108.8703,9.7891,21.0979,94.8279,26.4214,78.1021,121.2494,1
U041,Hate you - Jung Kook,68.5396,93.2429,26.2323,11.4475,45.2974,261.1665,42.0911,306.4638,0
U026,A gritos de esperanza - Alex Ubago,60.5917,65.1049,14.2903,4.3456,23.9093,0.3827,10.2571,23.5266,1
U024,Euphoria - Jung Kook,29.7701,57.0135,25.1206,42.4024,50.7556,114.0833,124.1325,164.8388,1
U069,Quimbara - Celia Cruz,79.4931,404.7728,31.4659,2.258,22.0896,108.129,480.625,86.0394,1
U098,Say yes to heaven - Lana del rey,68.0677,503.7038,74.4596,12.3352,94.4836,212.1735,575.1426,117.6899,0
U016,Sin remitente - Melendi,62.3968,115.5777,20.6174,35.12,28.4221,46.5285,25.1016,18.1064,1
U043,Love on the brain - Rihanna,68.1244,409.9733,195.4649,185.5249,91.9827,182.0498,555.2547,90.0671,0
U103,Valentine - Laufey,75.6635,502.9023,76.1118,42.7123,93.5411,152.618,684.1552,59.0769,0
U056,Que pides tu - Alex Ubago,15.0001,234.0819,2.0811,9.7602,29.5269,24.8981,225.6086,4.6288,1
U044,Washin machine - Mitski,11.9824,562.5984,28.7078,13.6788,84.2804,44.1501,567.6628,40.1303,0
U088,Bajo el agua - Manuel Medrano,62.9902,106.1339,31.3362,24.5041,17.6701,73.3331,19.2145,55.6629,1
U075,Remember the time  Michael Jackson,67.6972,181.0562,119.1338,178.5936,33.5792,23.4359,65.6385,10.1433,0
U028,Sin miedo a nada - Alex Ubago,54.5809,200.8352,74.2799,34.9377,20.1945,153.8915,313.2139,133.6971,0
U089,Chachacha - Josean log,78.3497,221.7353,63.4889,106.0117,87.5773,180.2894,156.2858,92.7121,0
U098,Dont stop the music - Rihanna,84.2147,503.7038,75.0601,104.081,151.3369,93.0341,591.2896,58.3028,0
U045,Loba - Shakira,68.532,135.0935,27.2516,48.7406,32.6031,57.135,142.8449,89.7381,1
U012,Say yes to heaven - Lana del rey,16.2338,238.2874,61.5216,43.084,1.4126,102.1954,118.7117,100.7828,1
U071,Fecha de caducidad - Melendi,23.9542,450.3029,28.5669,0.6441,6.5278,100.542,465.367,94.0142,1
U043,Aca entre nos - Vicente Fernandez,68.1244,576.4756,99.4811,90.4743,39.85,70.5767,721.757,30.7266,0
U068,Pierdeme el respeto - Paquita la del barrio,36.1812,6.7444,18.9368,25.5256,71.77,70.9689,17.6452,142.739,1
U071,West coast - Lana del rey,18.4452,184.9166,27.5096,10.5651,56.0144,11.7933,194.4717,44.2211,1
U001,Chachacha - Josean log,48.7455,5.1856,32.8196,16.064,62.8172,70.5541,55.7146,7.737,1
U010,Rolling in the deep - Adele,41.8107,583.1887,251.7632,234.1388,159.9622,262.3582,640.1305,102.3959,0
U039,Dont stop the music - Rihanna,65.8302,253.1581,24.3092,9.8306,26.7937,210.1992,241.8799,236.993,0
U017,Gitana - Shakira,26.8295,166.4643,100.9166,111.6712,127.3003,47.6431,194.4035,174.9433,0
U053,Rehab - Amy Winehouse,43.412,40.2691,14.8669,42.7967,55.3438,61.2607,58.22,116.6046,1
U062,Te quiero tanto - Kevin Kaarl,23.8405,244.454,20.3075,36.5511,8.8523,78.0754,257.7467,86.9277,1
U093,I'll change for you - Mitski,23.6729,233.244,51.7656,50.0338,43.6784,20.114,204.3002,63.7925,1
U029,Love is a losing game - Amy Winehouse,0.0905,319.6016,7.9523,32.8473,87.7409,34.6703,321.7761,122.4111,1
U118,Como hacer para olvidarte - Manuel Medrano,49.3951,343.5116,27.7307,14.0063,29.8678,66.9986,486.1708,96.8664,1
U021,La negra tiene tumbao - Celia Cruz,0.1762,109.8531,5.5702,4.7274,65.7012,240.0649,36.0329,305.7662,0
U052,Alguien como tu - Josean Log,66.8761,40.3841,20.0482,8.0059,50.0786,16.4617,183.9054,66.5403,1
U053,Sabes - Alex Ubago,74.3209,54.2933,107.0874,135.4455,44.3358,92.0904,103.1531,47.7546,0
U029,Donde nadie pueda ir - Manuel Medrano,82.3671,98.3301,104.8551,73.3383,38.5773,150.0596,178.4321,111.4823,0
U025,Sabes - Alex Ubago,67.5389,361.8127,0.5607,16.1297,27.0465,67.1191,524.9498,40.0726,1
U067,Love on the brain - Rihanna,67.7894,389.8764,154.7684,136.3551,111.747,126.8038,533.1313,15.0568,0
U047,Yo vivire (I will survive) - Celia Cruz,77.0067,423.9662,27.1719,12.4312,15.3713,47.9715,499.9449,63.3426,1
U012,In my bed - Amy Winehouse,8.8183,188.794,17.0697,33.4214,22.4532,77.9644,61.8028,100.4176,1
U078,Rie y llora - Celia Cruz,54.791,251.5545,88.0745,111.5651,19.0786,428.9709,221.8001,448.0495,0
U079,Cola - Lana del rey,1.9475,561.9132,219.4317,168.4305,179.8179,138.848,572.9285,40.9699,0
U099,Rata de dos patas - Paquita la del barrio,80.1763,328.9144,20.0363,11.5478,64.0997,29.0598,396.154,93.1594,1
U025,Me arrepiento - Alex Ubago,67.5389,103.0494,0.6317,13.042,13.7338,51.9827,266.1865,38.2489,1
U020,La negra tiene tumbao - Celia Cruz,28.309,262.856,16.1496,10.7618,4.7857,128.9318,278.8086,133.7176,1
U107,La vida es un carnaval - Celia Cruz,53.1881,535.8501,86.079,82.7274,135.6901,59.3621,600.2261,76.328,0
U015,La distancia - Manuel Medrano,84.5936,43.8776,147.4153,161.4442,181.6829,280.5563,110.7244,98.8734,0
U014,Chicago - Michael Jackson,84.5936,343.2525,9.9097,52.4379,33.943,88.899,439.2693,54.956,1
U071,Where have you been - Rihanna,23.9542,450.3029,164.3639,140.542,120.5442,39.2454,465.367,81.2988,0
U031,Fragile - Laufey,75.7808,501.4545,115.4869,83.8084,120.8315,138.5786,682.9292,17.7471,0
U092,San lucas - Kevin Kaarl,60.5392,276.2988,59.8317,78.4551,40.907,288.7654,223.4887,247.8584,0
U080,Mujeres divinas - Vicente Fernandez,11.5538,90.9744,4.6846,7.6278,57.7638,195.487,108.0338,137.7232,1
U046,Borracho te recuerdo - Vicente Fernandez,73.1014,109.748,48.2748,47.4776,32.826,14.5229,211.7439,47.3489,1
U017,Cinnamon girl - Lana del rey,29.4943,301.4071,155.3313,146.3309,101.7809,74.1024,332.0111,27.6784,0
U116,Lover girl - Laufey,28.9767,446.2973,22.4548,29.7111,110.59,106.6222,417.5025,217.2123,0
U003,Love in the dark - Adele,81.888,218.7497,29.6713,28.4189,15.5374,118.8687,291.9855,134.4061,1
U073,Vamonos a marte - Kevin Kaarl,70.3497,25.8978,44.9768,16.0277,35.9239,49.4268,131.283,13.5029,1
U120,Stronger than me - Amy Winehouse,8.2568,227.9425,40.1904,79.5968,77.6509,393.2501,37.1234,470.901,0
U107,Sigo aqui - Alex Ubago,72.1148,27.1839,5.5738,6.6076,20.1038,1.4967,110.4866,18.6072,1
U067,Lo hecho esta hecho - Shakira,34.0582,605.8721,209.0219,176.8646,148.6542,210.7084,715.3958,62.0542,0
U076,Si hay algo - Josean Log,52.1989,150.9296,34.1318,14.5557,47.8775,25.2447,260.7971,73.1223,1
U058,Bajo el agua - Manuel Medrano,51.3542,70.9243,0.5485,0.8551,2.7486,8.342,30.5704,11.0907,1
U049,Amor viejo - Kevin Kaarl,53.9884,112.9842,9.2645,1.0584,2.6379,20.499,198.9463,23.1369,1
U045,Mas fuerte - Greeicy,10.4676,184.5869,43.0548,50.6392,38.2433,176.0359,134.2738,214.2792,0
U029,Billie Jean - Michael Jackson,82.3671,414.8504,39.5889,34.5096,12.429,129.5623,494.9524,117.1334,0
U103,Me arrepiento - Alex Ubago,75.6635,89.6816,17.8493,49.1933,1.5058,35.1216,270.9345,36.6274,1
U047,Hombres malvados - Paquita la del barrio,84.5936,91.446,17.5141,2.9698,8.0478,24.5029,7.8803,32.5507,1
U091,La mujer que bota fuego - Manuel Medrano,50.3965,31.5999,10.982,3.92,1.743,34.7296,64.0696,36.4726,1
U024,Let you break my heart again - Laufey,19.4295,84.8103,75.1304,59.2946,12.9059,167.6562,145.5353,154.7503,0
U036,Yo vivire (I will survive) - Celia Cruz,54.2382,205.3674,46.8275,49.8603,42.9983,54.8859,193.5988,11.8877,1
U007,Rara vez - Milo J,68.0895,296.2998,6.8102,10.5304,51.3921,34.1865,463.3282,85.5785,1
U043,Rata de dos patas - Paquita la del barrio,68.1244,594.7681,154.8311,152.8621,73.0797,126.0983,740.0495,53.0187,0
U106,Rara vez - Milo J,54.3983,243.5011,5.2687,2.0137,38.3831,88.8568,320.1707,127.2398,1
U061,Easy on me - Adele,57.6365,596.9114,179.5112,167.5124,70.311,218.6632,687.4585,148.3522,0
U035,Still with you - Jung Kook,71.2139,582.141,89.4068,62.9129,87.3767,152.4594,692.0873,65.0826,0
U032,There's nothing holding me back - Shawn Mendes,75.3734,176.4959,6.889,13.1904,7.4591,172.9864,101.1224,180.4455,1
U118,Promise - Laufey,52.0939,635.5,162.2045,124.095,113.2724,118.4123,780.858,5.1399,0
U079,Top of the world - Shawn Mendes,45.9075,10.7591,88.9986,68.0548,41.5092,51.9643,65.7345,93.4735,0
U119,Te busco audio - Celia Cruz,82.2871,377.1469,8.3814,51.2785,1.104,7.1903,455.189,8.2943,1
U014,Donde nadie pueda ir - Manuel Medrano,84.5936,237.6301,127.1198,130.2865,27.8748,121.0514,333.6469,93.1766,0
U081,La negra tiene tumbao - Celia Cruz,17.6412,126.5462,21.9547,54.4599,17.5416,460.5422,46.9996,478.0839,0
U051,Chachacha - Josean log,69.1707,326.5689,110.817,133.0811,80.2671,479.6601,316.1664,399.3929,0
U020,Me enamore - Shakira,19.062,234.5733,31.2524,47.9835,15.3573,63.2254,241.279,47.8681,1
U013,La promesa - Melendi,52.7759,209.6041,11.5915,12.6188,55.1411,110.4901,277.449,165.6313,1
U064,La mujer que bota fuego - Manuel Medrano,56.9236,27.8999,18.7155,11.1265,7.7549,87.7467,123.3503,95.5015,1
U073,Rara vez - Milo J,70.7286,317.6226,35.1986,22.844,45.8138,51.3977,475.1823,97.2114,0
U063,Te busco audio - Celia Cruz,39.5943,249.032,5.6967,32.5766,54.5284,113.0668,165.8789,167.5952,1
U085,Chachacha - Josean log,80.9332,38.7694,20.2943,6.2799,12.8984,41.2211,225.7418,54.1196,1
U036,Chicago - Michael Jackson,61.8251,5.5305,64.5727,79.8596,64.1047,80.4521,9.7121,16.3474,0
U010,Euphoria - Jung Kook,2.7829,435.8173,214.1786,186.7603,183.505,230.1458,448.1655,46.6408,0
U055,Brooklyn baby - Lana del rey,25.3509,593.1652,160.3214,154.1933,73.1813,210.6201,657.4733,137.4388,0
U067,Aunque no te pueda ver - Alex Ubago,64.2993,514.9089,21.0946,9.9635,24.1904,8.6028,654.6736,32.7931,1
U033,No me culpes por sentir - Kevin Kaarl,67.8672,501.0419,139.4813,122.7815,147.399,573.4706,514.9989,426.0716,0
U073,Que le den candela - Celia Cruz,11.9489,604.1027,149.826,128.1385,88.5488,123.8781,702.8827,35.3293,0
U092,Quedate - Manuel Medrano,60.5392,178.4019,71.068,79.5971,88.9672,293.3122,125.5918,204.345,0
U120,Bad - Michael Jackson,57.3892,221.63,8.8131,53.4424,51.1788,295.2344,79.9434,346.4131,0
U015,Remember the time  Michael Jackson,84.5936,258.6484,88.3664,137.753,104.5361,98.5352,325.4952,6.0009,0
U102,Billie Jean - Michael Jackson,84.5936,278.5104,19.5135,64.7527,51.1594,174.0938,334.9212,225.2531,0
U042,Bored - Laufey,84.0393,304.416,92.3617,131.5935,14.4527,212.0068,439.3269,226.4595,0
U002,Desde que estamos juntos - Melendi,56.0671,215.866,76.6135,97.3896,14.8333,362.0179,174.5807,376.8512,0
U004,Too little too late - Laufey,55.2106,451.7694,97.2488,114.7384,123.0371,86.1013,578.656,36.9357,0
U073,Standing next to you - Jung Kook,70.7286,604.1027,210.3976,183.0638,135.2869,253.6102,761.6624,118.3233,0
U082,Rara vez - Milo J,80.5192,269.5639,25.4427,48.4323,22.7714,72.4188,416.3033,95.1901,0
U118,Dont stop the music - Rihanna,51.715,641.8125,196.632,196.1749,173.8834,146.7102,786.7916,27.1732,0
U064,West coast - Lana del rey,51.4146,360.1606,80.1828,56.7753,49.8784,130.9789,505.9018,180.8573,0
U120,Euphoria - Jung Kook,12.7956,80.5711,9.3012,81.5285,129.573,339.6772,105.7091,469.2501,0
U046,Te quiero tanto - Kevin Kaarl,73.1014,389.2602,7.5077,60.4139,12.5335,2.8313,491.2561,15.3648,1
U034,San lucas - Kevin Kaarl,54.3008,102.1492,7.663,19.5466,3.1217,134.0291,17.0507,137.1507,1
U062,Milagrosa - Milo J,12.3586,424.139,41.801,24.5151,1.8316,32.1873,425.9497,30.3557,1
U089,Taco placero - Paquita la del barrio,78.3497,129.3476,52.5647,71.6361,148.5649,162.8014,63.898,14.2366,0
U105,Fragile - Laufey,82.2354,185.8745,5.2887,37.3676,86.3434,50.5773,240.7004,136.9207,1
U069,Fecha de caducidad - Melendi,84.5936,404.7728,78.806,136.905,140.6028,162.6968,485.7256,22.094,0
U115,Que pides tu - Alex Ubago,50.4293,67.7498,9.6332,14.3462,8.3907,22.4361,43.3288,30.8267,1
U068,Cheque al portamor - Melendi,36.1812,169.1679,38.9451,60.1319,23.1949,1.3775,144.7783,24.5725,1
U005,Quiero + - Greeicy,28.6144,389.6473,66.103,67.375,36.8976,127.7852,409.8482,90.8876,0
U036,Ultraviolence - Lana del rey,61.8251,69.5593,52.6351,8.7367,110.7486,118.4071,73.7409,7.6585,1
U023,"Volver, volver - Vicente Fernandez",84.5936,482.7272,24.6228,26.4902,17.3208,64.5915,567.7869,47.2707,1
U022,Dame tu aire - Alex Ubago,41.8354,84.7726,41.6679,33.1216,13.8308,51.936,21.9192,38.1054,1
U084,Tears dry on their own - Amy Winehouse,17.748,55.1644,66.5115,62.3848,16.5699,494.5787,140.6544,478.0088,0
U038,Taco placero - Paquita la del barrio,60.5,25.1096,13.1591,35.6956,90.5628,12.1849,86.6959,78.3779,1
U001,Por si acaso no regreso - Celia Cruz,7.2834,503.0143,143.5932,98.8104,118.0034,320.0647,522.4523,202.0613,0
U073,Doma - Josean log,70.7286,401.5621,66.2926,72.2789,32.5735,7.7312,559.1218,40.3048,0
U093,Brooklyn baby - Lana del rey,45.885,233.244,36.0722,30.546,42.4825,33.4455,226.5123,9.0369,1
U106,Milagrosa - Milo J,42.9164,573.4123,4.1235,7.2802,29.2914,88.8568,638.5999,118.1482,1
U071,Addicted to you - Shakira,96.7083,260.0932,192.7253,183.5569,191.385,42.09,154.4948,149.295,0
U093,Too little too late - Laufey,67.6888,64.206,95.1199,84.098,71.8163,94.1669,79.2782,165.9831,0
U110,Dame tu aire - Alex Ubago,77.6194,130.0153,41.8986,43.7122,38.3229,89.7247,33.5014,51.4017,1
U048,Nobody - Mitski,84.5936,171.2561,41.3084,19.8889,9.0443,73.7006,90.9714,82.745,1
U095,Alguien como tu - Josean Log,55.411,119.4781,61.4545,55.7488,120.2887,126.7503,65.1071,6.4616,0
U080,Limonar - Greeicy,33.0398,112.5664,80.2631,66.0775,40.5616,54.1812,50.9134,94.7428,0
U007,Remember the time  Michael Jackson,68.0895,595.0101,81.29,44.3841,90.8559,205.3485,762.0385,114.4926,0
U051,La ley del monte - Vicente Fernandez,69.1707,42.5309,41.7015,53.8266,6.551,426.553,52.9334,420.002,0
U051,A veces a besos - Greeicy,57.2433,112.8624,46.0486,77.1729,11.999,392.0844,114.3872,380.0854,0
U065,Mercy - Shawn Mendes,30.3902,232.9765,35.7165,71.5333,15.6502,194.7781,258.3343,179.1279,0
U075,Tierra - Josean Log,67.6972,579.7178,206.2703,199.7724,133.4189,222.6197,695.1355,89.2008,0
U036,Los consejos - Greeicy,61.8251,282.5866,93.4582,61.2975,75.754,180.7749,286.7682,105.021,0
U086,Tu jardin con enanitos - Melendi,84.5936,477.5175,77.0851,118.544,20.0179,35.1034,563.3405,55.1213,0
U065,Donde nadie pueda ir - Manuel Medrano,30.3902,117.0698,57.3915,37.9865,49.6512,342.6415,142.4276,292.9903,0
U073,Estos celos - Vicente Fernandez,70.7286,69.8193,48.0883,44.3032,18.9849,40.2572,87.7404,59.2422,1
U061,Sin miedo a nada - Alex Ubago,57.6365,191.3497,48.5225,18.002,20.1506,88.418,281.8968,108.5687,1
U005,Rehab - Amy Winehouse,2.2945,139.3985,61.4898,44.6934,57.1204,65.4174,128.6905,8.2969,1
U067,Ya para que - Greeicy,3.8855,605.8721,135.983,116.7545,145.6143,54.4898,685.2231,91.1245,0
U108,Lover girl - Laufey,41.4141,288.43,11.0035,40.1809,32.6639,272.4604,213.2704,305.1244,0
U016,Lover girl - Laufey,44.8053,541.0471,80.113,71.4367,80.5576,15.3583,524.3211,65.1994,0
U005,Too sad to dance - Jung Kook,27.4711,433.0784,77.3574,37.0272,62.1743,87.0411,452.136,24.8667,0
U028,The girl is mine - Michael Jackson,54.5809,77.7241,101.3276,84.4549,15.7385,166.7152,190.1028,150.9767,0
U004,Donde nadie pueda ir - Manuel Medrano,67.138,304.2871,16.3771,1.8455,18.0597,35.1505,443.101,53.2102,1
U019,Chachacha - Josean log,65.9542,49.096,63.7766,62.5294,24.4064,57.3002,224.6318,32.8939,0
U062,Quedate - Manuel Medrano,23.8405,175.1124,32.126,7.1127,65.7234,6.657,161.8197,72.3804,1
U045,From the start - Laufey,34.7277,372.8252,51.0477,69.0332,25.7337,162.9125,468.3336,188.6462,0
U114,Quiero + - Greeicy,78.989,175.8393,87.9847,67.7703,11.5624,385.2373,96.4588,396.7997,0
U048,Say yes to heaven - Lana del rey,68.0677,383.0361,1.0741,42.967,10.3041,20.3118,446.7948,10.0076,1
U098,Chachacha - Josean log,84.5936,66.0096,41.9489,40.3893,40.5645,1.801,21.9551,42.3654,1
U059,Chachacha - Josean log,63.4427,133.1726,26.3172,57.6663,18.5917,7.618,71.8976,10.9738,1
U020,Chicago - Michael Jackson,81.4806,154.4651,2.7779,19.2375,45.283,73.275,223.5894,27.992,1
U017,La luna - Josean Log,39.6554,188.1477,20.3611,51.4032,20.7847,124.4149,228.9128,103.6302,1
U090,Beso - Josean Log,54.7533,518.232,165.1426,141.3828,133.9103,186.0891,584.4868,52.1789,0
U055,Only girl - Rihanna,51.4952,593.1652,221.7706,198.9719,137.5767,238.5002,683.6175,100.9235,0
U098,Combustion - Josean Log,84.5936,389.7856,40.8447,39.1074,26.2504,0.0976,477.7503,26.348,1
U115,Amor viejo - Kevin Kaarl,50.4293,120.3952,28.6134,44.652,26.0353,15.5627,231.4738,10.4725,1
U041,Alguien como tu - Josean Log,84.5936,217.9213,124.1689,113.5083,55.9372,401.9038,150.7155,345.9666,0
U002,You know i'm no good - Amy Winehouse,1.2862,9.4391,25.5873,13.6185,132.0339,293.193,25.5071,425.2269,0
U078,Me enamore - Shakira,22.175,127.0773,67.7677,59.7225,21.6349,346.362,64.7069,367.9969,0
U012,Diamonds - Rihanna,32.7597,213.2548,28.186,10.6461,3.9541,60.8655,110.205,64.8196,1
U054,Milagrosa - Milo J,73.1117,319.5497,164.2133,181.0226,97.0005,249.111,372.7555,152.1105,0
U010,Tears dry on their own - Amy Winehouse,0.3486,398.2261,141.0734,157.3235,86.9903,137.9545,413.7058,50.9641,0
U058,Borracho te recuerdo - Vicente Fernandez,51.3542,160.0551,81.0746,93.569,14.2302,140.2887,261.5498,154.5189,0
U012,Quimbara - Celia Cruz,27.6592,238.2874,60.8374,32.1453,25.379,33.689,130.137,59.068,1
U041,My you - Jung Kook,66.6356,235.2487,62.1396,54.7975,65.5104,369.5004,284.4965,435.0108,0
U054,Man down - Rihanna,31.422,32.1704,38.8808,68.7799,2.5099,57.4727,20.6543,54.9628,1
U083,Mujeres divinas - Vicente Fernandez,84.5936,29.3348,42.1036,29.413,53.1267,21.5679,123.4065,31.5588,1
U027,Las de la intruicion - Shakira,49.3451,126.0538,34.8728,12.7911,9.8177,179.0242,66.5168,188.8418,1
U062,Rara vez - Milo J,23.8405,94.2278,32.4088,19.2486,7.2601,32.1873,107.5205,39.4473,1
U114,Doma - Josean log,78.989,26.7013,155.8685,125.3116,115.1396,496.8294,106.0818,381.6897,0
U011,Hombres malvados - Paquita la del barrio,84.5936,0.9325,2.3016,13.1513,85.9595,32.9106,89.3195,118.87,1
U046,Cheque al portamor - Melendi,73.1014,18.6953,11.2342,30.9755,17.7473,60.965,83.3006,43.2177,1
U031,Diamonds - Rihanna,76.1597,584.651,102.4035,96.7953,109.024,102.3949,766.5046,6.6291,0
U030,A veces a besos - Greeicy,72.6662,5.0671,64.0849,77.5089,64.8986,21.165,69.9971,43.7336,0
U089,Smooth criminal - Michael Jackson,78.3497,341.6656,35.0288,61.0874,145.3988,93.0393,407.1151,238.438,0
U111,La negra tiene tumbao - Celia Cruz,7.8651,117.3871,40.1028,45.5375,95.0081,108.2052,94.7774,203.2134,0
U019,Tierra - Josean Log,65.9542,173.1655,21.7672,59.9879,53.1003,8.8032,2.3703,44.2971,1
U045,Sigo aqui - Alex Ubago,68.532,324.0793,136.9065,158.3682,70.1071,218.5461,316.3279,148.4391,0
U101,No me culpes por sentir - Kevin Kaarl,58.0326,225.6695,40.039,14.8112,19.5268,122.9878,162.9397,103.461,1
U061,Si hay algo - Josean Log,57.6365,137.7142,31.7496,25.1164,8.2362,13.5945,228.2613,21.8308,1
U052,Too little too late - Laufey,54.9487,444.0907,84.4155,97.428,105.6507,106.4554,575.6847,0.8048,0
U067,San lucas - Kevin Kaarl,67.7894,91.2762,0.0442,14.598,6.7484,77.3949,51.9787,84.1433,1
U091,Estos celos - Vicente Fernandez,50.3965,95.5062,37.9708,34.7508,47.7055,56.9253,0.1633,104.6308,1
U120,You know i'm no good - Amy Winehouse,0.0359,153.2711,81.9532,117.9091,77.6509,481.4877,352.311,559.1386,0
U078,Soltera - Shakira,84.5936,127.0773,63.5013,54.0269,22.9241,353.9209,127.1255,376.8451,0
U063,Quedate - Manuel Medrano,41.9008,331.3908,97.1737,80.9629,151.0479,70.3889,412.2374,80.659,0
U031,Doma - Josean log,76.1597,363.7119,7.4515,3.4984,42.9547,4.1556,545.5655,47.1104,1
U076,Standing next to you - Jung Kook,52.1989,566.6957,186.5896,150.9174,125.834,239.412,676.5632,113.578,0
U033,Tres veces te engañe - Paquita la del barrio,67.8672,218.3337,22.6451,10.4835,46.1511,140.9874,204.3767,94.8363,1
U108,Mujeres divinas - Vicente Fernandez,65.788,182.2108,80.8313,98.6306,81.1804,328.0891,150.1683,246.9087,0
U021,Waka waka - Shakira,22.4389,181.1592,51.0533,3.7298,67.1072,68.1452,57.536,1.038,1
U019,In a lake portuguese -  Mitski,20.6498,493.6111,87.3917,92.5131,45.6615,26.6482,582.5428,19.0133,0
U097,Es que yo te quiero a ti - Kevin Kaarl,43.9037,558.9272,28.6124,27.3797,42.5053,115.7866,614.8422,73.2814,0
U034,Te quiero tanto - Kevin Kaarl,54.3008,415.3141,8.2452,11.0338,11.9326,67.1575,500.4126,79.09,1
U085,Donde nadie pueda ir - Manuel Medrano,80.9332,291.9625,37.3123,46.7824,46.8994,66.5079,478.9349,19.6085,0
U071,Set fire to the rain - Adele,2.0535,450.3029,140.5305,134.5077,152.9476,14.3275,443.4663,167.2751,0
U054,From the start - Laufey,18.6661,237.8624,33.313,51.4183,1.1597,85.1242,276.4344,83.9645,1
U065,I'll change for you - Mitski,25.5531,433.5901,99.5887,108.9706,27.1883,147.3368,403.0046,174.5252,0
U061,Rata de dos patas - Paquita la del barrio,57.6365,565.7105,134.6179,132.8265,57.8919,137.6926,656.2576,79.8008,0
U038,MAI - Milo J,60.1211,251.5678,36.7422,45.3403,63.5762,56.5249,312.7751,7.0514,1
U067,Dame tu aire - Alex Ubago,67.7894,77.2109,10.4065,28.9414,14.0481,64.8778,66.044,78.9258,1
U111,Tres veces te engañe - Paquita la del barrio,61.0367,182.5604,9.3643,33.6284,46.0553,184.4165,23.5676,138.3612,1
U011,Dead women - Mitski,73.9948,497.5161,69.7382,63.1112,43.6723,158.8218,575.3043,202.4941,0
U070,Estos celos - Vicente Fernandez,56.7316,87.6438,33.451,41.775,47.3549,3.2564,18.8206,44.0986,1
U081,Cola - Lana del rey,26.8528,229.0532,35.7376,9.6221,39.5078,274.0291,158.7182,313.5369,0
U032,In my bed - Amy Winehouse,51.432,411.8511,42.4577,33.7108,102.0867,177.1874,463.2831,279.2741,0
U119,Billie Jean - Michael Jackson,84.5936,395.9755,29.6693,8.1781,9.4961,63.2378,476.3241,53.7418,1
U059,La ley del monte - Vicente Fernandez,63.4427,235.9272,42.7983,21.5882,55.1244,45.4891,297.2022,9.6353,1
U097,Sabes - Alex Ubago,43.9037,285.584,8.7821,1.1131,1.4627,142.8302,341.499,144.2929,1
U085,Alguien como tu - Josean Log,80.9332,35.7382,28.1501,39.3234,97.6513,35.2498,222.7106,62.4015,1
U042,Chachacha - Josean log,84.0393,362.0805,161.5752,202.2925,28.3858,324.2778,496.9914,295.8919,0
U059,Mujeres divinas - Vicente Fernandez,63.4427,65.3009,46.8362,60.2078,65.5104,61.3481,4.0259,4.1623,1
U083,Dame tu aire - Alex Ubago,84.5936,151.9065,63.4893,64.2142,40.9624,18.3842,57.8348,22.5783,1
U112,Stronger than me - Amy Winehouse,14.7847,623.8956,176.4242,179.3381,138.4134,144.9286,729.1588,6.5152,0
U036,Para siempre - Vicente Fernandez,61.8251,424.4645,142.2364,112.0336,168.4138,199.2755,428.6461,30.8617,0
U116,El chofer - Vicente Fernandez,70.2156,130.2869,9.3199,0.9007,43.6644,104.7127,59.8894,148.3771,1
U113,Smooth criminal - Michael Jackson,59.4279,451.1752,83.3293,7.0953,3.6489,213.6585,510.1327,217.3074,0
U032,Thriller - Michael Jackson,75.3734,461.3445,49.4762,59.3843,9.1213,77.9217,536.7179,68.8004,0
U097,Tres veces te engañe - Paquita la del barrio,43.9037,527.906,158.8806,124.999,78.6683,225.2872,583.821,146.6189,0
U079,Stitches - Shawn Mendes,45.9075,172.4896,114.0566,110.5591,65.4168,68.6726,227.465,134.0895,0
U036,Cinnamon girl - Lana del rey,51.664,15.6967,0.1462,5.0225,36.7353,16.5192,30.0394,20.2161,1
U104,La ley del monte - Vicente Fernandez,33.0441,249.9765,81.0322,91.2996,87.7704,45.7802,277.7458,133.5507,0
U082,Si pudiera - Manuel Medrano,80.5192,508.5119,50.934,69.565,23.2217,53.7815,655.2513,30.5598,0
U093,Top of the world - Shawn Mendes,79.6162,317.9101,145.349,144.6809,37.6171,65.4243,290.9106,27.8072,0
U118,Quimbara - Celia Cruz,46.9934,641.8125,195.3473,179.6584,140.9965,129.9652,782.0699,11.0313,0
U024,Where have you been - Rihanna,74.3637,204.3849,20.1851,24.6087,18.3522,114.0833,67.8325,132.4355,1
U072,Dead women - Mitski,54.6125,262.4736,92.3995,69.6822,40.8417,562.6165,79.3562,603.4582,0
U025,Mas fuerte - Greeicy,9.4745,641.4684,127.9176,134.9563,157.4473,140.459,746.541,16.9883,0
U047,Dame tu aire - Alex Ubago,84.5936,259.1168,92.0815,117.1193,99.0489,130.3625,175.5511,31.3136,0
U097,Just friends - Amy Winehouse,40.0144,515.7463,111.9591,108.1316,106.1962,92.3999,567.772,198.5961,0
U052,Bajo el agua - Manuel Medrano,66.8761,77.0479,28.3162,13.3645,7.3798,23.5144,66.4734,16.1345,1
U110,Man down - Rihanna,24.4478,201.3476,72.9733,64.3295,64.6996,46.0054,244.6898,18.6942,0
U050,Valentine - Laufey,84.5936,309.4292,5.1369,4.1442,5.813,59.3341,393.8004,53.5211,1
U097,Bored - Laufey,43.9037,53.1908,118.8246,116.4435,92.5741,1.6281,109.1058,94.2022,0
U031,Los besos - Greeicy,49.6002,446.0154,88.6248,78.4013,133.269,93.7467,601.3096,39.5222,0
U110,Sigo aqui - Alex Ubago,77.6194,44.4015,7.3177,7.6439,29.791,37.2797,140.9154,7.4888,1
U096,Cola - Lana del rey,11.826,224.9299,42.6974,2.1263,5.6744,333.2518,114.5449,338.9261,0
U113,Mas fuerte - Greeicy,1.3635,457.4877,71.3395,54.435,136.3005,15.2614,458.3807,151.5619,0
U050,You da one - Rihanna,84.5936,276.3602,59.8348,40.7849,40.6198,124.34,360.7315,83.7202,0
U093,First love late spring - Mitski,79.6162,292.1423,177.2562,155.2065,94.6782,109.5772,265.1428,14.899,0
U034,Lover girl - Laufey,52.9013,563.7982,88.4258,98.4541,112.1014,69.067,541.6946,181.1684,0
U116,La luna - Josean Log,78.2254,143.1747,37.5018,8.9416,23.715,140.8838,221.582,117.1689,1
U077,Pierdeme el respeto - Paquita la del barrio,32.3816,72.8467,12.7128,40.7454,26.6873,95.1973,105.2283,68.51,1
U101,Una y otra vez - Manuel Medrano,58.0326,47.7148,21.3325,5.8132,49.957,43.738,15.015,6.219,1
U062,My love mine all mine - Mitski,18.2407,208.1433,42.9907,35.6659,39.3078,72.3798,179.3548,33.072,1
U086,Love is a losing game - Amy Winehouse,2.317,250.622,22.6674,47.807,130.3165,12.6434,247.0755,142.9598,0
U076,Un violinista en tu tejado - Melendi,52.1989,11.5567,0.7939,10.3679,23.4018,66.8703,98.3108,90.2721,1
U003,Te busco audio - Celia Cruz,79.5815,336.27,18.9731,37.1887,11.5187,74.1417,407.1993,62.623,1
U070,Limonar - Greeicy,12.138,331.4084,118.5939,112.5012,85.9813,99.119,393.2792,13.1377,0
U068,When we were young - Adele,36.1812,327.5094,104.6697,85.9637,45.3172,199.8005,351.899,154.4834,0
U063,Tears dry on their own - Amy Winehouse,0.4387,82.898,8.7253,25.9248,38.6006,68.3398,39.4107,106.9404,1
U104,Que pides tu - Alex Ubago,33.0441,232.4929,22.4964,13.2316,8.9288,163.4752,204.7236,154.5465,1
U093,When we were young - Adele,79.6162,142.2808,42.1227,34.5341,30.895,30.7451,169.2803,0.1499,1
U001,Borracho te recuerdo - Vicente Fernandez,48.7455,105.3306,57.7303,70.3758,9.2815,86.0538,166.2308,76.7723,0
U090,Washin machine - Mitski,41.8227,162.459,79.449,75.6997,8.7508,75.932,0.3718,67.1813,0
U072,When we were young - Adele,65.2113,190.339,20.9659,45.7882,40.8417,353.5837,17.8204,394.4254,0
U030,Smooth criminal - Michael Jackson,84.5936,354.7615,30.3356,88.4928,190.9882,164.588,431.6188,355.5762,0
U107,Es que yo te quiero a ti - Kevin Kaarl,72.1148,529.5376,19.2487,23.698,45.9146,2.2894,612.8403,43.6251,1
U106,Borracho te recuerdo - Vicente Fernandez,54.3983,114.2151,73.1525,88.5753,1.9782,33.0975,190.8847,31.1193,0
U047,Somedoy - Jung Kook,68.5396,18.4045,33.3254,10.076,45.1766,15.019,85.9162,60.1955,1
U055,Me arrepiento - Alex Ubago,59.0821,54.7462,4.4964,13.2928,30.0469,25.4174,152.7855,55.4642,1
U020,Gitana - Shakira,68.6547,9.3561,7.5263,20.9399,7.6058,131.0876,65.6545,138.6934,1
U118,San lucas - Kevin Kaarl,52.0939,55.3358,48.169,28.7053,21.0569,11.1884,90.0222,32.2453,1
U026,Que pides tu - Alex Ubago,60.9706,123.7725,17.7413,20.9311,42.2005,34.3186,48.0316,7.8819,1
U088,Si hay algo - Josean Log,62.9902,124.8455,5.1443,1.4789,18.7698,22.9895,211.7649,41.7594,1
U112,Que pides tu - Alex Ubago,63.9171,59.1874,36.5864,39.9465,48.5047,29.3961,95.2083,77.9008,1
U012,Standing next to you - Jung Kook,32.7597,194.8563,77.339,28.1341,19.8358,86.7742,91.8065,66.9384,1
U022,Too little too late - Laufey,29.908,429.2724,139.5919,142.8547,119.5616,116.0052,480.1985,3.5562,0
U110,Alguien como tu - Josean Log,77.6194,19.6769,48.4383,39.413,88.3214,115.6492,76.837,27.3278,0
U103,Sabes - Alex Ubago,75.6635,348.4449,17.9203,52.281,11.8069,50.258,529.6978,38.4511,1
U069,Limonar - Greeicy,40.0,106.4719,29.1989,69.7876,48.5684,98.6434,142.8311,50.075,1
U098,Too sad to dance - Jung Kook,83.4503,503.7038,25.3102,0.0381,97.0251,21.7213,590.5252,75.3039,1
U112,Mujeres divinas - Vicente Fernandez,63.9171,122.0539,50.4805,62.6817,24.5691,18.5383,276.4496,43.1074,1
U078,Bored - Laufey,84.5936,254.1819,92.188,93.5906,6.7309,346.362,254.1337,353.0929,0
U080,Rara vez - Milo J,11.5538,80.9561,17.7695,26.1079,27.9759,248.2115,63.8967,220.2355,0
U120,Mentira - Greeicy,24.7967,79.5207,45.8735,85.3585,123.0941,436.4497,253.7998,559.5438,0
U022,Let you break my heart again - Laufey,51.9578,478.7358,169.8767,165.7553,103.7714,212.2192,447.796,108.4479,0
U087,La ley del monte - Vicente Fernandez,45.6068,8.5667,95.2984,70.0843,15.9987,246.12,59.7148,230.1213,0
U048,Yo vivire (I will survive) - Celia Cruz,77.0067,383.0361,37.9857,28.3461,5.3082,65.8751,455.7337,71.1835,1
U019,Cheque al portamor - Melendi,65.9542,31.1689,29.1783,38.3881,14.0506,2.688,206.7047,11.3626,1
U015,Las de la intruicion - Shakira,84.5936,181.6202,24.1634,42.2754,94.5498,36.0935,248.467,58.4563,1
U064,La distancia - Manuel Medrano,56.9236,379.5752,61.8659,51.7214,14.5779,30.2328,530.8254,15.6549,0
U113,Lo hecho esta hecho - Shakira,25.6967,457.4877,162.3353,116.4437,154.0243,165.3696,482.714,11.3453,0
U082,MAI - Milo J,80.1403,348.6076,21.4467,58.8154,5.9012,7.1838,494.9681,1.2827,1
U029,La luna - Josean Log,82.3671,80.5269,57.8963,15.5803,71.9557,74.6936,160.6289,2.738,1
U091,Bored - Laufey,50.3965,109.798,137.2677,120.2678,77.0625,183.996,205.4675,106.9334,0
U081,Como hacer para olvidarte - Manuel Medrano,68.114,69.2477,152.378,187.5162,93.5871,625.9805,98.3214,532.3934,0
U047,Top of the world - Shawn Mendes,84.5936,127.1879,44.3866,67.9691,102.7515,37.5507,43.6222,65.2007,1
U091,Why why why - Shawn Mendes,50.3965,536.7058,108.4209,58.6991,35.1787,135.9914,632.3753,100.8126,0
U020,From the start - Laufey,21.7791,192.0491,16.1536,31.477,3.4815,117.9642,226.1846,114.4827,1
U024,Addicted to you - Shakira,46.2988,14.1752,8.1763,18.4062,89.193,111.2387,243.0397,200.4317,1
U097,Young and beautiful - Lana del rey ,12.9948,67.2771,106.5648,119.8361,106.1962,106.2388,42.271,212.435,0
U055,There's nothing holding me back - Shawn Mendes,59.0821,44.6752,67.8643,70.1176,11.8708,107.5006,53.3642,95.6297,0
U091,Bad - Michael Jackson,50.3965,615.5344,204.8562,189.8381,74.6775,279.4775,711.2039,204.8,0
U038,Caminando por la vida - Melendi,60.5,301.8217,2.4209,5.1879,19.7749,65.4285,363.4079,45.6536,1
U055,Milagrosa - Milo J,47.6002,593.1652,7.1109,13.2928,5.3162,36.9697,679.7225,42.286,1
U067,Sin miedo a nada - Alex Ubago,67.7894,200.3104,28.0392,11.1322,14.8015,21.5777,343.5653,6.7763,1
U053,Top of the world - Shawn Mendes,74.3209,217.2051,60.4682,79.0066,34.5199,20.8939,168.3453,13.626,1
U061,Quedate - Manuel Medrano,57.6365,2.34,9.2912,13.3942,76.2639,15.1014,88.2071,61.1625,1
U074,Cheque al portamor - Melendi,68.8065,9.734,10.7196,33.5039,18.1999,39.5334,86.7939,21.3336,1
U029,In my bed - Amy Winehouse,58.4257,365.357,24.7081,29.5513,70.3834,8.5159,421.5176,78.8993,1
U104,Aunque no te pueda ver - Alex Ubago,29.554,359.6269,1.5131,6.3197,10.5578,93.1587,383.906,82.6009,1
U004,La luna - Josean Log,67.138,286.4839,30.5817,59.6035,15.3187,40.2155,425.2978,55.5341,1
U088,Te quiero tanto - Kevin Kaarl,62.9902,404.3577,5.4956,39.6817,8.8592,46.922,491.2771,55.7812,1
U035,Billie Jean - Michael Jackson,71.2139,582.141,108.72,69.505,61.5435,236.7766,692.0873,175.2332,0
U098,Cheque al portamor - Melendi,84.5936,83.9367,76.5472,64.5306,2.1075,61.7892,4.028,63.8967,1
U034,The girl is mine - Michael Jackson,54.3008,66.3263,62.7057,72.5296,6.7188,22.2328,151.4248,28.9515,1
U118,Pobre pistolita - Paquita la del barrio,52.0939,281.5436,95.1731,84.6078,14.3957,73.3743,426.9016,87.7701,0
U004,La ley del monte - Vicente Fernandez,67.138,420.1938,110.345,121.6025,125.7768,125.6856,559.0077,0.0912,0
U106,From the start - Laufey,48.8614,16.0002,126.7768,122.3241,125.1322,75.13,10.59,50.0022,0
U005,Quedate - Manuel Medrano,28.6144,166.173,32.592,27.4653,84.4006,4.0915,145.9721,80.3091,1
U061,A gritos de esperanza - Alex Ubago,57.2576,27.504,49.6,37.5355,9.1585,21.8569,62.6642,12.6984,1
U073,You da one - Rihanna,70.7286,489.2665,196.3465,154.4122,131.2127,193.4917,646.8263,62.279,0
U029,Tres veces te engañe - Paquita la del barrio,82.3671,377.5167,62.021,46.4187,24.3564,296.8557,457.6187,272.4993,0
U071,Hombres malvados - Paquita la del barrio,23.9542,65.1093,90.8054,93.3115,106.4422,68.7511,50.0452,175.1932,0
U044,Borracho te recuerdo - Vicente Fernandez,84.5936,103.4012,14.831,25.0501,23.1744,30.3317,205.0416,7.1573,1
U046,Fecha de caducidad - Melendi,73.1014,568.9452,28.8165,18.0434,19.918,22.5455,670.9411,42.4635,1
U059,Para siempre - Vicente Fernandez,63.4427,193.2911,44.3774,52.4942,95.084,24.22,132.0161,70.864,1
U035,There's nothing holding me back - Shawn Mendes,71.2139,55.6994,44.4925,44.0263,24.8703,102.8994,54.247,78.0291,1
U044,Summertime sadness - Lana del rey,83.8336,562.5984,21.3207,23.4537,40.1616,2.9014,663.4788,37.2602,1
U104,Vamonos a marte - Kevin Kaarl,32.6652,222.8415,21.2782,31.0484,12.9664,104.5174,195.4511,91.5511,1
U045,Si supieras - Kevin Kaarl,68.532,372.8252,164.7779,183.4993,78.639,262.869,365.0738,184.23,0
U025,Top of the world - Shawn Mendes,67.5389,90.3143,47.1799,40.3092,36.8624,138.3156,253.4514,101.4532,0
U015,Rara vez - Milo J,84.5936,40.0619,176.4666,192.6675,143.9999,338.0702,26.7849,194.0702,0
U025,La mujer que bota fuego - Manuel Medrano,67.5389,11.9784,15.6825,17.1471,42.8384,10.4044,151.1587,53.2427,1
U077,La distancia - Manuel Medrano,32.3816,252.092,13.381,25.2265,5.531,153.7412,284.4736,159.2722,1
U061,La mujer que bota fuego - Manuel Medrano,57.6365,56.5354,5.0907,8.1133,18.6306,53.9457,34.0117,35.315,1
U043,Para siempre - Vicente Fernandez,68.1244,3.8629,54.1345,62.7432,47.4541,24.3126,141.4185,71.7667,1
U029,Que me perdone tu perro - Paquita la del barrio,82.3671,414.8504,35.6358,5.738,82.083,26.8309,494.9524,55.2521,1
U073,Te quiero tanto - Kevin Kaarl,70.7286,467.8488,47.2999,5.5415,29.7014,58.865,625.4085,29.1636,0
U099,Thriller - Michael Jackson,80.1763,360.1153,16.375,4.3174,16.1901,18.8369,427.3549,35.027,1
U055,Sigo aqui - Alex Ubago,59.0821,84.499,37.9306,26.9765,5.3162,71.3835,182.5383,66.0671,1
U066,La negra tiene tumbao - Celia Cruz,26.3931,203.4935,12.052,53.9694,45.0954,366.0217,188.8529,411.1172,0
U099,Too little too late - Laufey,68.2489,191.0773,6.5808,11.3528,91.0346,100.7207,246.3896,191.7552,1
U073,My love mine all mine - Mitski,28.6474,431.5381,110.5981,77.7585,77.8615,53.1694,547.0166,24.6921,0
U063,Still with you - Jung Kook,41.9008,267.8606,13.0408,3.9317,18.0951,84.7971,187.014,102.8921,1
U099,La luna - Josean Log,80.1763,25.7918,73.2479,66.4877,47.3212,146.6065,93.0314,99.2854,0
U086,Standing next to you - Jung Kook,84.5936,440.3989,54.3577,10.4525,110.3416,178.2496,526.2219,67.908,0
U095,Back to black - Amy Winehouse,50.7166,300.4314,41.2198,44.6401,15.8709,30.7916,350.108,46.6625,1
U105,Rehab - Amy Winehouse,51.7054,0.4237,50.0535,82.8179,69.482,135.776,24.7196,205.2581,0
U005,There's nothing holding me back - Shawn Mendes,28.6144,204.762,32.7082,38.5427,13.9542,101.5345,184.561,115.4887,1
U064,Diamonds - Rihanna,56.9236,600.5143,158.8606,163.2299,96.6965,69.6215,751.7645,27.075,0
U088,La vida es un carnaval - Celia Cruz,44.0635,584.0427,109.7052,101.9586,113.7478,102.8779,652.0354,10.8699,0
U063,La ley del monte - Vicente Fernandez,41.9008,67.247,14.6321,22.4329,12.7825,50.3285,13.5996,37.546,1
U060,Caminando por la vida - Melendi,38.48,74.8969,48.9362,62.8971,58.7838,337.4538,3.7098,278.67,0
U066,Sangre para derramar - Milo J,78.8047,6.0043,147.0984,195.7568,92.5713,493.3736,31.7668,400.8023,0
U061,Estos celos - Vicente Fernandez,57.6365,120.4417,21.8981,22.7175,68.0791,37.7092,29.8946,105.7884,1
U103,Rincon - Milo J,75.6635,45.331,30.6102,54.3099,15.9167,8.6282,135.9219,24.5449,1
U082,Los consejos - Greeicy,80.5192,111.5211,48.2484,43.7531,56.0697,35.9344,258.2605,20.1354,1
U085,Sin remitente - Melendi,80.9332,79.3429,31.1273,56.9284,54.9525,18.7671,107.6295,36.1854,1
U007,Quedate - Manuel Medrano,68.0895,26.9596,6.5274,1.6055,21.5914,4.6578,193.988,26.2492,1
U077,Doma - Josean log,32.3816,252.092,15.4237,43.4381,35.1733,152.1262,284.4736,116.9528,0
U058,Colapso - Kevin Kaarl,51.3542,82.4772,23.381,37.7073,13.5855,45.4322,19.0176,59.0177,1
U075,Young and beautiful - Lana del rey ,36.7883,420.2597,107.3072,123.1393,0.5484,148.856,566.5863,149.4044,0
U061,Para siempre - Vicente Fernandez,57.6365,32.9205,33.9213,42.7076,62.6419,35.9069,57.6266,98.5488,1
U043,La distancia - Manuel Medrano,68.1244,379.9973,58.2729,52.5172,25.7756,8.0261,525.2787,17.7495,0
U040,Why why why - Shawn Mendes,44.7784,512.3834,104.7718,76.891,43.7226,166.0021,578.7675,122.2796,0
U035,La vida es un carnaval - Celia Cruz,52.2872,582.141,106.2116,90.2202,133.902,124.6477,673.1606,9.2543,0
U038,Si hay algo - Josean Log,60.5,43.2381,17.997,11.0991,35.1894,95.7763,104.8243,60.587,1
U114,Fragile - Laufey,78.6101,111.0413,47.8331,45.0016,48.6466,362.4064,31.2819,411.053,0
U106,Estos celos - Vicente Fernandez,54.3983,143.9408,18.1584,19.4455,26.4156,2.7981,67.2712,29.2138,1
U052,Vamonos a marte - Kevin Kaarl,66.4972,60.3029,4.7987,18.0559,7.6536,87.3025,82.8395,79.6489,1
U095,Fecha de caducidad - Melendi,55.411,453.2665,7.5577,33.9145,76.1635,26.7571,507.6375,49.4064,1
U086,Gitana - Shakira,71.7677,127.8231,7.9605,35.9666,118.7049,24.1051,200.8202,94.5998,1
U008,There's nothing holding me back - Shawn Mendes,23.3973,242.6977,25.6155,24.5772,17.8898,102.0652,238.6716,119.955,1
U120,Ya para que - Greeicy,6.5147,227.9425,41.1303,85.3585,107.5371,434.1657,22.352,541.7028,0
U011,No me culpes por sentir - Kevin Kaarl,84.5936,240.3646,118.2462,102.6386,58.698,181.5207,151.9776,122.8227,0
U016,Amor viejo - Kevin Kaarl,62.3968,77.31,41.8555,68.7464,26.9957,89.127,167.7861,62.1313,0
U120,Mas fuerte - Greeicy,0.6752,227.9425,59.0872,87.2571,92.8532,458.5781,28.1914,551.4313,0
U089,Gitana - Shakira,65.5238,8.0288,6.4188,28.4882,6.8717,135.8806,44.5948,129.009,1
U031,Vamonos a marte - Kevin Kaarl,75.7808,63.748,13.8643,52.7528,25.5427,45.8512,117.7267,20.3085,1
U052,Hate you - Jung Kook,50.8221,165.0625,77.8884,94.0549,51.156,157.199,292.5298,106.0431,0
U074,Mentira - Greeicy,36.214,270.4433,123.6203,98.9906,132.6259,86.992,334.3787,45.634,0
U116,The girl is mine - Michael Jackson,78.2254,51.1746,3.2653,3.7866,5.2074,59.788,27.2327,64.9954,1
U077,Cola - Lana del rey,11.5784,498.0637,163.5261,142.4636,160.1965,128.2772,486.4852,31.9193,0
U112,Como hacer para olvidarte - Manuel Medrano,61.2183,325.5947,19.1072,0.4877,38.2446,83.6819,477.2916,121.9265,1
U095,First love late spring - Mitski,55.411,72.1198,39.1271,21.4234,131.0539,52.1669,17.7488,78.887,1
U035,Cheque al portamor - Melendi,71.2139,5.4995,12.7157,21.9817,6.0812,4.8955,104.4468,1.1857,1
U054,Cola - Lana del rey,40.6336,319.5497,24.3753,27.2957,29.0737,90.4213,340.2774,61.3476,1
U039,Easy on me - Adele,66.2091,253.1581,13.7885,24.324,27.5181,138.88,242.2588,111.362,1
U016,Rehab - Amy Winehouse,31.4879,278.5681,82.1957,63.5459,65.0387,15.3583,338.1353,49.6805,0
U107,Dame tu aire - Alex Ubago,72.1148,147.2329,40.1547,42.6759,11.5719,50.9483,63.9302,62.5201,1
U037,Si hay algo - Josean Log,62.7244,117.6675,18.353,0.2718,20.0904,66.1103,205.1098,86.2008,1
U106,Rincon - Milo J,54.3983,100.0193,5.2771,12.3968,11.3508,70.2195,23.3497,81.5703,1
U087,Say yes to heaven - Lana del rey,29.0809,192.0469,48.0054,96.6143,35.7957,85.2526,124.3729,49.4569,0
U044,Tears dry on their own - Amy Winehouse,43.1315,377.6358,23.467,3.3845,52.6943,25.287,437.8141,27.4073,1
U029,Summertime sadness - Lana del rey,81.6071,414.8504,13.8139,23.0724,5.224,6.4022,494.1924,1.1782,1
U100,Bajo el agua - Manuel Medrano,60.9263,75.0065,19.3822,0.9639,0.8159,11.1197,51.4919,11.9356,1
U117,La negra tiene tumbao - Celia Cruz,1.8834,165.2427,14.0667,8.7777,47.9053,19.4744,84.8986,28.431,1
U113,In my blood - Shawn Mendes,59.4279,401.9669,23.4992,14.6735,32.8375,47.547,460.9244,14.7094,1
U051,Bored - Laufey,69.1707,268.9044,41.6035,62.3821,37.4286,367.3891,258.5019,329.9605,0
U029,Te busco audio - Celia Cruz,80.0606,396.0218,1.5382,8.5908,1.8289,73.5148,473.8173,71.6859,1
U065,I am - Milo J,27.6914,354.3048,62.0871,73.6125,71.0976,368.895,376.9638,297.7975,0
U008,Tierra - Josean Log,23.3973,396.8322,39.0038,19.831,39.949,206.1843,392.8062,166.2353,0
U014,Back to black - Amy Winehouse,79.8992,401.3153,15.2833,22.4386,57.5329,6.1654,492.6377,51.3675,1
U091,Rara vez - Milo J,50.3965,291.9357,25.0811,13.2916,17.0932,34.7296,387.6052,51.8228,1
U097,Euphoria - Jung Kook,0.6899,417.8683,185.925,157.9277,168.5833,49.4106,429.1897,119.1726,0
U034,Mentira - Greeicy,21.7083,287.5359,138.8586,150.8991,157.5446,4.4284,340.0419,161.9729,0
U047,You know i'm no good - Amy Winehouse,27.2403,42.7526,13.4851,3.974,2.6311,58.3169,68.965,60.9481,1
U047,You da one - Rihanna,84.5936,265.6989,67.998,15.5144,3.9736,58.6187,349.2647,54.645,1
U050,Treat you better - Shawn Mendes,84.5936,281.7924,17.2537,1.4021,52.2604,19.7199,366.1637,71.9804,1
U069,First love late spring - Mitski,84.5936,120.6135,110.3754,124.4139,195.4932,188.1066,39.6607,7.3866,0
U117,Rehab - Amy Winehouse,20.3793,25.9302,13.0728,28.1057,21.4265,25.1916,84.0115,46.6182,1
U038,Tu jardin con enanitos - Melendi,60.5,496.1228,3.018,3.7339,47.5566,44.4726,557.709,3.084,1
U037,Rie y llora - Celia Cruz,32.9218,570.5522,111.9119,64.8718,80.8908,29.6552,628.1919,51.2356,0
U018,Valentine - Laufey,80.3973,117.1696,101.6457,97.7712,13.2714,314.3166,149.1084,301.0452,0
U037,Dame tu aire - Alex Ubago,62.7244,106.2183,3.3198,25.1954,9.0498,50.5533,18.776,41.5034,1
U025,First love late spring - Mitski,67.5389,116.0821,15.2727,29.7836,20.1987,94.1627,279.2192,114.3614,1
U116,Brooklyn baby - Lana del rey,44.4942,477.4982,88.213,99.7453,85.307,32.6144,522.1743,52.6925,0
U023,You da one - Rihanna,84.5936,330.7724,39.0848,14.489,47.095,7.3061,415.8322,39.7889,1
U024,Colapso - Kevin Kaarl,74.3637,497.3446,240.9794,231.5501,120.9831,356.7498,633.8969,235.7667,0
U019,MAI - Milo J,65.5753,367.9419,24.7995,15.8691,9.5946,30.4482,543.0988,40.0429,1
U027,Send my love - Adele,46.6463,64.018,44.6561,5.1308,59.6263,254.5842,126.2538,314.2104,0
U038,You know i'm no good - Amy Winehouse,3.1467,121.2217,65.8968,77.1226,37.3504,8.1737,125.4546,45.5241,1
U040,La mujer que bota fuego - Manuel Medrano,44.7784,55.9223,7.3329,22.1119,10.2869,4.7189,10.4618,15.0056,1
U020,Cinnamon girl - Lana del rey,71.3195,144.2989,61.941,55.5996,17.9136,9.3421,203.2621,8.5715,1
U068,Borracho te recuerdo - Vicente Fernandez,36.1812,40.7246,20.5639,18.3212,38.2736,76.8654,16.335,115.1391,1
U062,Estos celos - Vicente Fernandez,23.8405,293.2141,19.5191,2.2106,57.5386,59.4676,279.9214,117.0063,1
U054,La ley del monte - Vicente Fernandez,84.5936,118.9361,42.7325,60.2244,2.9381,89.5493,183.6239,92.4874,1
U082,In my bed - Amy Winehouse,56.5778,549.9817,89.487,50.232,114.8619,67.8505,672.7797,47.0114,0
U014,Como hacer para olvidarte - Manuel Medrano,81.8948,255.8495,121.4055,155.4949,27.117,132.1961,349.1675,105.0791,0
U099,Young and beautiful - Lana del rey ,49.2674,272.4015,5.6464,9.6516,76.5188,106.5832,236.0708,183.102,1
U060,Let you break my heart again - Laufey,55.3132,155.9359,37.1819,28.526,13.3979,191.9614,9.0444,178.5635,0
U102,La ley del monte - Vicente Fernandez,84.5936,77.8968,37.2354,52.8436,107.8702,292.8796,134.3076,400.7498,0
U062,Sin remitente - Melendi,23.8405,263.6867,40.8573,33.6199,17.6632,14.2791,250.394,31.9423,1
U100,First love late spring - Mitski,60.9263,89.7838,11.2132,38.7201,52.6481,103.4398,216.2822,156.0878,1
U095,Retirada - Milo J,51.9209,16.8706,32.1943,0.1256,61.7583,113.0303,34.0103,174.7886,1
U075,Promise - Laufey,67.6972,205.9446,81.6794,124.8405,5.7508,89.9791,90.5269,84.2283,0
U067,MAI - Milo J,67.4105,355.0046,7.4789,38.259,14.8015,41.1834,497.8806,55.9848,1
U109,When we were young - Adele,65.0651,524.0715,186.9913,185.9859,72.9502,148.3495,641.5045,75.3993,0
U062,Diamonds - Rihanna,23.8405,399.1064,93.6372,123.4832,80.8515,125.1809,412.3991,44.3294,0
U013,Amor viejo - Kevin Kaarl,52.7759,74.935,38.0805,71.617,23.4536,9.5846,142.7799,13.8691,1
U084,Desde que estamos juntos - Melendi,59.2101,347.5135,168.2591,180.3367,89.1779,613.0228,501.8702,523.8449,0
U112,Para siempre - Vicente Fernandez,63.9171,5.9363,52.9393,70.3953,5.0045,18.5898,148.4594,23.5943,1
U020,Say yes to heaven - Lana del rey,64.9547,365.363,54.0271,3.8591,19.1807,38.4781,417.9614,57.6588,1
U014,Diamonds - Rihanna,84.5936,529.1178,13.5597,16.6706,62.5868,37.5912,625.1346,24.9956,1
U084,Rincon - Milo J,59.2101,433.3046,183.2391,191.7915,83.066,653.5144,587.6613,570.4484,0
U054,Un violinista en tu tejado - Melendi,84.5936,302.1338,167.0056,176.8216,100.8679,250.3854,237.446,149.5175,0
U005,Dame tu aire - Alex Ubago,28.6144,250.0046,31.8064,40.6667,29.0407,12.9724,229.8037,42.0132,1
U064,Sin remitente - Melendi,56.9236,62.2788,24.3661,6.1268,1.8182,41.2803,88.9714,39.4621,1
U029,Promise - Laufey,82.3671,408.5379,35.333,39.5546,45.5851,24.2066,488.6399,21.3785,1
U099,Bitch better have my money - Rihanna,54.6732,360.1153,86.0089,105.5169,162.7978,24.1913,401.8517,138.6065,0
U095,Combustion - Josean Log,55.411,339.3483,11.9059,21.4234,102.3507,48.3808,393.7193,53.9699,1
U083,Thriller - Michael Jackson,84.5936,531.1765,57.3905,61.1891,42.4563,165.2426,625.2482,207.6989,0
U020,Loba - Shakira,81.4806,315.8696,39.9497,51.7696,3.3879,12.1867,384.9939,15.5746,1
U007,Si supieras - Kevin Kaarl,68.0895,68.7989,0.9677,0.6587,33.7685,29.8438,235.8273,3.9247,1
U057,Back to black - Amy Winehouse,51.9397,57.9412,48.6118,21.1831,1.5457,268.975,50.6322,267.4293,0
U014,Top of the world - Shawn Mendes,84.5936,2.9963,63.723,77.9765,32.3308,28.943,99.0131,61.2738,1
U094,Que pides tu - Alex Ubago,60.8547,77.954,0.3605,8.1525,27.863,41.4409,23.6499,13.5779,1
U059,Te quiero tanto - Kevin Kaarl,63.4427,256.8558,57.189,111.246,51.8349,3.8099,318.1308,48.025,0
U094,Mercy - Shawn Mendes,60.8547,404.5154,70.275,102.4465,50.8461,146.1632,506.1193,95.3171,0
U113,Desde que estamos juntos - Melendi,59.4279,130.1528,53.7273,87.2251,3.8976,106.9959,71.1953,110.8935,0
U116,Quedate - Manuel Medrano,78.2254,121.7532,69.5443,50.3384,46.4499,176.1311,43.3459,129.6812,0
U005,Stitches - Shawn Mendes,28.6144,43.6548,40.9465,50.9878,8.8357,89.0759,63.8557,97.9115,1
U055,Why why why - Shawn Mendes,59.0821,508.0241,85.6211,37.3812,32.4934,133.7513,606.0634,101.2578,0
U058,La mujer que bota fuego - Manuel Medrano,51.3542,34.1945,0.9083,6.3916,6.8245,18.3344,67.3002,11.51,1
U030,Man down - Rihanna,31.422,9.3539,55.8861,62.7181,64.8986,23.557,33.0395,41.3416,1
U112,Smooth criminal - Michael Jackson,63.9171,617.5831,169.5172,110.1475,13.6663,308.5205,771.9788,294.8542,0
U098,Cola - Lana del rey,40.6336,503.7038,94.2744,71.7939,140.4162,231.2767,547.7084,90.8605,0
U096,La distancia - Manuel Medrano,55.786,21.0418,107.4477,119.3634,148.9911,615.2702,87.4667,466.279,0
U054,Tu jardin con enanitos - Melendi,84.5936,313.2372,111.0649,144.5328,88.7594,157.4561,377.925,68.6967,0
U072,Rehab - Amy Winehouse,34.3024,12.3777,36.6591,28.1487,62.1933,490.1199,215.8052,552.3133,0
U044,Diamonds - Rihanna,84.5936,537.5658,43.3312,27.0927,86.8219,5.0822,639.2062,81.7397,0
U001,Te quiero tanto - Kevin Kaarl,48.7455,384.8428,1.9478,37.5157,29.574,74.3622,445.743,44.7882,1
U030,Cola - Lana del rey,40.6336,361.074,7.37,21.2339,33.315,124.337,393.9712,157.652,1
U053,Gitana - Shakira,61.495,22.0579,3.6493,13.2906,84.6427,18.7505,13.976,103.3932,1
U035,Vamonos a marte - Kevin Kaarl,70.835,91.2906,11.3123,40.9339,17.5175,59.2536,18.2768,41.7361,1
U040,Mujeres divinas - Vicente Fernandez,44.7784,95.6828,43.8861,65.2192,4.1508,48.0056,162.0669,52.1565,1
U104,Borracho te recuerdo - Vicente Fernandez,33.0441,8.6071,36.8274,66.3569,39.4814,83.3876,19.1622,43.9063,1
U098,Sigo aqui - Alex Ubago,84.5936,4.9624,49.2727,41.6637,14.342,0.0976,83.0023,14.2445,1
U111,First love late spring - Mitski,61.0367,305.4922,144.7508,111.601,78.3955,156.6573,464.485,78.2618,0
U021,In my blood - Shawn Mendes,53.3478,156.8393,45.4136,34.7267,33.5194,179.4123,64.125,145.893,0
U013,La distancia - Manuel Medrano,52.7759,323.9013,20.6574,7.604,37.6397,44.0614,391.7462,81.7012,1
U094,Si pudiera - Manuel Medrano,60.8547,514.1658,33.6908,23.9807,12.2778,18.2115,615.7697,30.4893,1
U083,My love mine all mine - Mitski,42.5124,315.1808,10.8418,8.2342,8.7089,30.2747,367.1713,21.5658,1
U118,Me enamore - Shakira,10.3247,511.0228,173.2568,156.2717,120.8535,164.1461,593.9622,43.2926,0
U064,Young and beautiful - Lana del rey ,26.0147,6.9699,132.7414,130.8669,96.6965,26.3682,113.3714,70.3283,0
U017,Si hay algo - Josean Log,39.6554,63.274,10.777,21.7286,40.9805,158.1553,104.0391,199.1358,1
U029,Si supieras - Kevin Kaarl,82.3671,142.5617,82.4437,59.2413,39.3307,84.7549,62.4597,45.4242,0
U055,A gritos de esperanza - Alex Ubago,58.7032,31.2502,42.8729,28.2509,26.8468,38.8329,66.4102,11.986,1
U034,Nobody - Mitski,54.3008,40.7069,113.143,118.3485,97.8351,48.9965,125.8055,48.8385,0
U109,You know i'm no good - Amy Winehouse,7.7118,233.8211,141.6367,139.8342,109.8207,31.4139,293.9008,78.4068,0
U028,Caminando por la vida - Melendi,54.5809,405.7833,77.9249,58.3391,63.9958,82.2268,518.162,18.231,0
U108,Billie Jean - Michael Jackson,65.788,319.6309,26.5251,28.7437,17.2564,102.4661,351.6734,85.2096,1
U080,Someone like you - Adele,5.4467,325.7262,116.0333,84.2609,41.8142,21.7948,291.6663,63.609,0
U075,Loba - Shakira,67.6972,162.7637,61.9298,88.8777,20.5755,6.7934,47.346,13.7821,1
U039,Say yes to heaven - Lana del rey,49.6832,253.1581,24.9097,101.5764,30.0596,91.0598,225.7329,61.0003,0
U070,Too little too late - Laufey,44.8042,460.6713,119.5537,128.9834,105.551,25.0661,555.2084,80.4848,0
U106,Amor viejo - Kevin Kaarl,54.3983,78.4743,24.4179,50.0114,14.8862,84.9889,155.1439,99.8751,1
U011,Cola - Lana del rey,40.6336,516.3447,70.834,42.5881,113.4689,144.8539,560.7716,31.385,0
U106,In my bed - Amy Winehouse,30.4569,523.9189,120.1984,96.6506,130.4736,51.4125,576.6471,79.0611,0
U005,A gritos de esperanza - Alex Ubago,28.2355,191.337,7.7168,3.324,1.0218,32.8668,171.515,31.845,1
U067,Set fire to the rain - Adele,45.8887,605.8721,148.9142,132.3439,167.6502,95.4054,727.2263,72.2448,0
U001,Niño - Milo J,42.4125,155.0061,35.1869,41.3459,6.1137,30.7284,100.4389,36.8421,1
U031,Remember the time  Michael Jackson,76.1597,578.4827,64.4577,8.978,74.8964,184.5617,760.3363,109.6653,0
U021,Me arrepiento - Alex Ubago,53.3478,326.0589,124.8592,113.6165,73.7699,330.697,418.7732,256.9271,0
U013,Fragile - Laufey,52.397,461.6439,130.7355,106.1256,85.4422,180.0994,529.1099,94.6573,0
U034,Retirada - Milo J,50.8107,124.862,84.3214,65.3768,18.9533,92.3441,206.4704,73.3909,0
U101,Yes or no - Jung Kook,54.5425,64.5283,68.449,75.7462,95.6269,6.1686,123.768,101.7956,0
U110,Que pides tu - Alex Ubago,77.6194,130.0153,34.407,31.6462,26.5516,103.7662,33.5014,77.2146,1
U024,Waka waka - Shakira,43.4548,173.184,26.28,78.783,11.1994,77.3817,5.7227,66.1823,1
U066,Bitch better have my money - Rihanna,54.0616,306.0005,58.026,67.9453,109.9495,274.1515,319.0284,384.101,0
U028,Sangre para derramar - Milo J,53.8209,294.3921,21.2235,19.9708,5.5857,37.1951,406.0108,42.7808,1
U091,Hate you - Jung Kook,34.3425,173.7807,117.5464,118.5861,50.7057,135.9914,253.3962,85.2857,0
U114,La mujer que bota fuego - Manuel Medrano,78.989,434.1764,201.0616,184.1181,52.1025,555.9583,513.5569,503.8557,0
U064,Nobody - Mitski,56.9236,71.2547,149.8137,132.5779,92.8952,138.67,222.505,45.7748,0
U080,Tierra - Josean Log,11.5538,381.1076,16.8058,7.6278,88.3518,207.8603,398.167,119.5085,0
U070,Washin machine - Mitski,39.8444,629.7093,131.9839,122.2761,88.4937,101.5248,639.5977,13.0311,0
U117,Que le den candela - Celia Cruz,7.4915,224.3186,7.19,7.1058,4.376,41.731,138.3665,46.107,1
U063,Hate you - Jung Kook,25.8468,180.2056,4.9912,12.1957,44.4519,61.4878,277.1062,105.9398,1
U020,Rata de dos patas - Paquita la del barrio,81.4806,334.1621,20.255,38.7074,29.0583,90.3127,403.2864,61.2543,1
U087,Bad - Michael Jackson,45.6068,185.7344,27.6119,9.0695,49.2613,91.4746,134.5863,42.2132,1
U100,"Volver, volver - Vicente Fernandez",60.9263,608.8576,91.7974,91.75,46.7223,171.8645,735.356,125.1421,0
U037,Me arrepiento - Alex Ubago,62.7244,38.4457,2.1731,29.3964,35.881,44.0744,125.888,8.1934,1
U088,Bad - Michael Jackson,62.9902,577.7302,162.1782,154.1673,64.8375,250.8664,664.6496,186.029,0
U077,West coast - Lana del rey,26.8726,232.6774,31.6979,30.2804,29.7695,7.4705,259.55,37.24,1
U052,No me culpes por sentir - Kevin Kaarl,66.8761,143.5806,24.4607,8.0059,37.6409,0.3643,0.0593,37.2766,1
U037,Chicago - Michael Jackson,62.7244,365.9668,98.1884,49.4934,53.5214,102.2145,453.4091,48.6931,0
U011,Love on the brain - Rihanna,84.5936,300.349,57.8809,58.3587,76.5617,52.9114,388.736,23.6503,0
U074,Los consejos - Greeicy,68.8065,89.9525,54.5967,46.5456,36.4246,22.3534,186.4804,14.0714,1
U017,From the start - Laufey,63.6043,34.9409,109.5439,122.2083,116.213,34.5197,97.4356,150.7326,0
U073,Young and beautiful - Lana del rey ,39.8197,15.017,135.1254,133.2128,119.4052,62.7172,141.6678,56.688,0
U039,Si pudiera - Manuel Medrano,66.2091,162.1949,209.7826,211.7108,147.1026,392.8516,151.2956,245.7491,0
U068,El chofer - Vicente Fernandez,28.1714,189.3125,13.1873,8.8928,15.2621,65.1738,172.9327,49.9118,1
U012,Somedoy - Jung Kook,16.7057,167.2743,28.6153,5.9559,33.3886,16.944,286.3781,16.4446,1
U115,Colapso - Kevin Kaarl,50.4293,86.3963,35.4986,37.3416,38.2986,7.6672,24.6824,45.9657,1
U006,Mentira - Greeicy,44.0317,65.3305,45.9946,15.983,36.1085,206.8847,98.0995,242.9932,0
U048,Somedoy - Jung Kook,68.5396,22.5256,31.8322,5.8389,24.4971,98.8276,41.705,74.3306,1
U099,From the start - Laufey,23.0834,197.2968,15.9349,4.3174,89.6765,56.7113,233.317,146.3878,1
U054,Stronger than me - Amy Winehouse,35.4612,319.5497,6.4233,25.364,3.8524,32.9196,335.105,29.0672,1
U012,Mercy - Shawn Mendes,32.7597,37.6738,19.3855,26.7912,52.5065,71.6447,65.376,19.1382,1
U018,Standing next to you - Jung Kook,80.3973,198.9368,22.6229,24.1905,25.6096,189.1922,230.8756,214.8018,0
U065,West coast - Lana del rey,24.8812,168.2038,4.6102,2.516,105.7645,122.6415,188.0526,16.877,1
U053,The girl is mine - Michael Jackson,74.3209,194.7238,42.6697,60.8304,34.5199,14.4265,145.864,20.0934,1
U022,A veces a besos - Greeicy,29.908,242.3035,148.341,126.3725,116.8533,190.0581,293.2296,73.2049,0
U102,Borracho te recuerdo - Vicente Fernandez,84.5936,180.6868,81.4402,77.7863,19.3816,330.487,124.276,311.1054,0
U026,Chachacha - Josean log,60.9706,10.4029,16.6718,4.3456,19.2174,30.2693,65.338,49.4868,1
U119,La ley del monte - Vicente Fernandez,84.5936,195.3619,11.9474,3.731,66.2069,55.548,275.7105,121.7549,1
U074,A gritos de esperanza - Alex Ubago,68.4276,46.5089,21.4972,9.3626,15.5652,10.1972,49.6401,25.7625,1
U106,No me culpes por sentir - Kevin Kaarl,54.3983,183.297,4.6151,1.22,16.8013,75.6991,106.6274,58.8978,1
U038,La promesa - Melendi,60.5,142.1664,20.7528,23.9567,101.8904,12.1849,203.7526,89.7055,1
U007,Somedoy - Jung Kook,52.0355,220.6493,119.6651,115.5994,87.6408,167.1032,371.6237,79.4624,0
U063,You know i'm no good - Amy Winehouse,15.4525,113.353,9.1785,18.981,5.992,18.7206,251.5529,12.7286,1
U062,Young and beautiful - Lana del rey ,7.0684,208.3778,67.518,91.1202,80.8515,81.9276,225.994,1.0761,0
U017,La vida es un carnaval - Celia Cruz,20.7287,522.4712,115.3379,122.2083,135.9585,32.2879,544.3096,168.2463,0
U014,I'll change for you - Mitski,28.6503,554.1504,29.8604,16.6706,48.9647,74.2533,594.2239,25.2885,0
U107,Cheque al portamor - Melendi,72.1148,51.7904,32.8483,29.4745,7.8693,60.3901,31.5123,68.2594,1
U001,La negra tiene tumbao - Celia Cruz,4.4261,462.0208,111.3506,83.4094,140.7027,117.1187,469.7493,23.5841,0
U057,Standing next to you - Jung Kook,56.6341,167.3452,29.3842,35.4141,19.3899,89.9095,164.7306,109.2994,1
U071,Valentine - Laufey,23.9542,325.1046,76.3176,60.927,67.5612,50.6354,340.1687,118.1966,0
U037,Para siempre - Vicente Fernandez,62.7244,52.9672,20.5247,17.3194,50.7877,16.6089,34.4751,34.1788,1
U092,Niño - Milo J,54.2062,298.6844,96.3842,112.8657,55.5564,326.9844,252.2073,271.428,0
U012,I'll change for you - Mitski,23.1836,238.2874,44.4867,10.6461,9.668,24.2034,79.2943,14.5355,1
U020,Caminando por la vida - Melendi,81.4806,164.7494,62.1954,52.7157,63.2995,211.252,233.8737,147.9525,0
U029,Treat you better - Shawn Mendes,82.3671,262.0153,6.1622,23.0724,29.1884,8.5159,342.1174,20.6726,1
U057,Stronger than me - Amy Winehouse,7.5017,210.7763,2.583,25.5864,13.9732,178.726,159.0292,192.6992,1
U003,Chachacha - Josean log,81.888,214.6148,67.7598,61.4337,17.9239,189.9871,141.379,172.0631,0
U116,Los consejos - Greeicy,78.2254,10.4558,3.864,29.7111,59.8319,106.6222,67.9515,166.4542,1
U089,Nobody - Mitski,78.3497,206.3141,10.5371,30.2091,34.918,60.3273,140.8645,25.4094,1
U111,Thriller - Michael Jackson,61.0367,219.8941,39.6587,24.8223,19.1257,21.6894,60.9013,2.5637,1
U088,Retirada - Milo J,59.5001,113.9056,70.5806,36.7289,1.8385,206.4236,197.3349,208.2621,0
U079,Rincon - Milo J,45.9075,111.5184,29.6895,9.587,35.8031,182.047,56.543,217.8501,1
U058,Sabes - Alex Ubago,51.3542,339.5966,15.3349,5.3742,8.9674,95.8579,441.0913,104.8253,1
U081,Rara vez - Milo J,70.8128,100.858,143.4588,158.0825,77.4747,613.5614,127.2329,536.0866,0
U110,Still with you - Jung Kook,77.6194,553.0677,67.5303,54.3838,39.27,48.3974,649.5816,9.1273,0
U076,Billie Jean - Michael Jackson,52.1989,610.1268,141.2011,94.3202,70.497,212.7516,719.9943,142.2547,0
U066,Aunque no te pueda ver - Alex Ubago,76.0746,215.0373,100.9866,139.6796,57.4022,406.8577,250.0782,349.4554,0
U091,Love on the brain - Rihanna,50.3965,405.8512,191.3244,177.5226,97.1685,212.8602,501.5207,115.6916,0
U088,Fragile - Laufey,62.6113,475.8136,121.5325,107.3657,92.6521,130.2112,562.3541,37.5591,0
U039,Never be alone - Shawn Mendes,66.2091,253.1581,154.8591,178.4422,132.9228,319.834,242.2588,186.9113,0
U062,San lucas - Kevin Kaarl,23.8405,273.0093,20.8897,5.9707,17.6632,11.2038,259.7166,28.867,1
U071,Que le den candela - Celia Cruz,34.8255,406.8718,94.7688,79.5824,59.7041,55.2431,363.1562,114.9472,0
U024,In my blood - Shawn Mendes,74.3637,148.8641,122.7469,117.2395,89.4272,170.1758,12.3117,80.7487,0
U103,La ley del monte - Vicente Fernandez,75.6635,427.487,92.0242,71.6049,133.7959,132.2962,608.7399,1.4997,0
U095,Mujeres divinas - Vicente Fernandez,55.411,48.5752,33.5291,25.2468,82.4545,104.0095,5.7958,21.555,1
U083,Diamonds - Rihanna,84.5936,506.1439,61.4883,79.5831,50.2526,83.0758,600.2156,32.8232,0
U076,Rara vez - Milo J,52.1989,280.2156,11.3906,9.3024,36.3609,65.5959,390.0831,101.9567,1
U075,In my bed - Amy Winehouse,43.7558,162.7637,92.3043,134.8438,19.0475,122.7016,23.4046,141.7491,0
U001,Someone like you - Adele,31.745,479.3867,123.6493,90.1556,115.4765,190.5162,523.2864,75.0397,0
U005,Desde que estamos juntos - Melendi,28.6144,154.5621,28.4406,38.5295,44.5613,16.1931,134.3612,60.7544,1
U090,Standing next to you - Jung Kook,54.7533,119.0279,15.6726,17.4402,9.6724,32.6398,52.7731,22.9673,1
U099,Amor viejo - Kevin Kaarl,80.1763,134.8227,135.2598,168.0181,20.5695,216.8302,67.5831,196.2607,0
U037,Combustion - Josean Log,62.7244,462.9465,39.6891,13.4292,41.1103,1.8917,550.3888,43.002,1
U068,Lover girl - Laufey,71.0209,387.2717,44.962,19.9176,82.1877,63.2643,304.4592,18.9234,1
U108,Cinnamon girl - Lana del rey,55.6269,98.5668,64.0101,16.0941,20.9245,108.2047,120.4482,129.1292,1
U098,My love mine all mine - Mitski,42.5124,287.7081,9.5225,21.752,55.4814,3.6885,333.5916,59.1699,1
U110,Me enamore - Shakira,15.2008,422.278,93.6399,98.1976,54.174,73.0927,456.3733,18.9187,0
U097,First love late spring - Mitski,43.9037,39.8534,23.4941,47.0264,45.7825,115.7866,95.7684,70.0041,1
U051,Remember the time  Michael Jackson,69.1707,211.9436,65.6899,114.4438,57.9341,346.5797,222.3461,288.6456,0
U079,My you - Jung Kook,27.9495,442.3386,96.7933,81.9146,116.6609,138.2972,479.356,254.9581,0
U086,La vida es un carnaval - Celia Cruz,65.6669,483.83,6.4608,25.4295,127.3631,39.4603,550.7263,87.9028,0
U016,Sin miedo a nada - Alex Ubago,62.3968,166.6863,27.3452,4.005,20.369,49.3688,257.1624,69.7379,1
U099,Promise - Laufey,80.1763,353.8028,19.9814,11.3528,70.2196,47.7063,421.0424,117.9259,1
U071,Love is a losing game - Amy Winehouse,58.3224,284.1491,78.3153,76.2482,126.4171,116.404,351.3615,242.821,0
U026,Desde que estamos juntos - Melendi,60.9706,28.33,21.8671,30.8599,69.4924,17.0564,47.4109,52.436,1
U012,Rie y llora - Celia Cruz,2.9571,231.9749,18.4401,43.084,2.6797,82.117,99.1225,84.7967,1
U009,Quimbara - Celia Cruz,79.4931,357.9373,46.5667,68.9317,82.1928,243.6223,424.1726,161.4295,0
U055,MAI - Milo J,58.7032,342.2977,6.2773,18.4094,2.4623,42.6329,439.9581,45.0952,1
U118,Brooklyn baby - Lana del rey,18.3627,641.8125,194.69,177.647,104.7536,193.0103,753.4393,88.2568,0
U041,Los besos - Greeicy,58.0341,191.1551,6.4303,7.5958,109.5213,283.1675,231.8015,392.6887,0
U043,Colapso - Kevin Kaarl,68.1244,75.7605,7.3502,19.3934,23.8528,38.4422,69.521,14.5894,1
U007,Thriller - Michael Jackson,68.0895,626.211,115.138,113.8074,32.2746,205.3485,793.2394,173.0739,0
U100,Cheque al portamor - Melendi,60.9263,27.5296,2.7319,13.2969,4.413,45.3391,154.028,40.926,1
U082,El chofer - Vicente Fernandez,72.5094,8.31,35.0645,14.9427,39.9022,37.8439,130.4196,2.0583,1
U103,You know i'm no good - Amy Winehouse,18.3102,246.887,86.5706,68.153,127.0054,100.6883,370.7866,26.3171,0
U044,Gitana - Shakira,71.7677,206.5915,30.166,1.8384,111.0669,1.4226,295.406,112.4895,1
U103,I am - Milo J,72.9647,548.8153,39.3935,83.7781,4.6324,54.7934,727.3694,59.4259,0
U004,Nobody - Mitski,67.138,66.5152,115.2555,118.1506,104.72,192.5406,205.3292,87.8206,0
U091,No me culpes por sentir - Kevin Kaarl,50.3965,134.8624,15.1973,16.5253,38.0912,21.5719,39.1929,16.5192,1
U091,Let you break my heart again - Laufey,43.3967,502.2723,154.3583,144.8598,89.4102,181.4618,504.1486,92.0515,0
U030,Cinnamon girl - Lana del rey,74.4325,140.0099,4.5309,21.2339,77.9805,57.4136,206.7061,135.3941,1
U083,El chofer - Vicente Fernandez,76.5838,76.6086,4.0505,0.2263,6.208,35.9703,9.4533,42.1783,1
U100,Quedate - Manuel Medrano,60.9263,15.9187,5.3601,13.2969,47.2443,37.717,142.4171,84.9612,1
U056,La vida es un carnaval - Celia Cruz,3.9266,449.0011,116.661,123.0975,141.8738,149.25,438.5477,7.3762,0
U002,Rolling in the deep - Adele,56.0671,371.7745,135.8239,97.3776,160.4132,119.1701,413.0598,279.5833,0
U092,Los consejos - Greeicy,60.5392,67.1045,2.3403,0.4524,17.3146,223.8033,14.2944,241.118,1
U097,Washin machine - Mitski,52.6723,565.2397,118.0606,111.4276,103.6547,23.9176,524.5787,127.5723,0
U115,Los besos - Greeicy,23.8698,451.665,113.3405,127.6835,95.298,129.2894,536.1842,33.9914,0
U052,Te quiero tanto - Kevin Kaarl,66.8761,433.4437,2.4756,28.5421,1.4311,96.7407,576.965,95.3096,1
U103,Mercy - Shawn Mendes,75.6635,427.487,58.4101,61.3677,60.0798,119.3235,608.7399,59.2437,0
U086,Only girl - Rihanna,77.0067,483.83,98.648,57.2309,144.0373,148.7116,562.066,4.6744,0
U026,Set fire to the rain - Adele,39.0699,559.3105,134.0878,128.2882,99.6303,140.0061,613.1507,40.3758,0
U120,Send my love - Adele,54.6904,70.3584,26.5017,87.2571,92.8532,383.0248,214.7438,475.878,0
U022,Tres veces te engañe - Paquita la del barrio,41.8354,560.9767,192.8421,149.7188,77.5179,441.6687,623.8301,364.1509,0
U088,Una y otra vez - Manuel Medrano,62.9902,5.2881,33.8908,1.4789,21.5526,116.5428,92.2075,94.9902,1
U113,First love late spring - Mitski,59.4279,67.8986,41.3054,50.7377,41.3455,61.5577,8.9411,20.2122,1
U048,Limonar - Greeicy,40.0,84.7352,60.2749,39.7833,7.7917,106.087,120.4262,113.8788,1
U048,Brooklyn baby - Lana del rey,50.8624,383.0361,0.2674,30.2509,1.9724,52.5275,429.5895,50.5551,1
U064,Estos celos - Vicente Fernandez,56.9236,91.8062,45.7043,41.9573,41.6936,3.9082,59.444,45.6019,1
U095,Send my love - Adele,52.7122,154.9656,106.1033,83.7493,46.5921,69.6827,206.6378,23.0906,0
U060,Sangre para derramar - Milo J,37.72,36.4943,105.6376,141.207,128.3653,382.4855,108.4414,254.1202,0
U083,Valentine - Laufey,84.5936,405.9782,31.6185,23.4904,27.2533,105.5911,500.0499,78.3378,0
U054,Mentira - Greeicy,52.0011,12.0865,12.1064,31.1257,41.5908,76.1192,44.1818,117.71,1
U070,Doma - Josean log,56.7316,383.7376,51.6553,69.7507,60.9435,35.7824,490.202,25.1612,0
U081,Just friends - Amy Winehouse,66.9235,179.5598,38.1377,59.4182,3.8833,485.6076,149.2956,481.7243,0
U014,Summertime sadness - Lana del rey,83.8336,554.1504,8.4508,33.8758,15.9265,35.4104,649.4072,19.4839,1
U074,Me enamore - Shakira,6.3879,447.1168,117.5125,95.2045,77.9996,132.7258,481.2261,54.7261,0
U025,Estos celos - Vicente Fernandez,67.5389,75.8847,11.3063,13.6837,6.6101,81.2505,87.2524,87.8607,1
U036,Set fire to the rain - Adele,39.9244,205.3674,6.7602,6.7369,26.9262,72.9367,179.2851,99.8629,1
U025,Quimbara - Celia Cruz,62.4384,641.4684,157.114,156.4555,153.2049,174.1403,799.5049,20.9354,0
U103,La luna - Josean Log,75.6635,293.7771,12.2609,9.6059,7.2996,46.8261,475.03,54.1256,1
U103,Dame tu aire - Alex Ubago,75.6635,54.9824,18.996,44.9923,25.3254,28.6427,126.2705,3.3174,1
U042,Te quiero tanto - Kevin Kaarl,84.0393,27.9479,192.447,255.8722,61.629,320.4697,106.963,258.8407,0
U097,Beso - Josean Log,43.9037,115.4513,32.367,45.7445,21.5048,134.0747,59.5363,112.5699,1
U051,Es que yo te quiero a ti - Kevin Kaarl,69.1707,236.832,131.8157,151.4459,172.508,481.5476,247.2345,309.0397,0
U090,Las de la intruicion - Shakira,54.7533,54.2299,38.5684,27.2679,30.3506,29.6086,12.0249,59.9591,1
U012,Nobody - Mitski,32.7597,316.0048,19.1391,20.0059,0.1528,8.183,419.0545,8.0302,1
U019,In my bed - Amy Winehouse,42.0128,569.316,135.7332,124.9165,99.3661,91.1149,720.9104,8.2512,0
U001,Como hacer para olvidarte - Manuel Medrano,46.0467,266.2269,19.0727,49.6469,29.574,48.3196,324.4283,77.8936,1
U037,La promesa - Melendi,62.7244,216.5958,15.5972,13.1294,46.6106,17.4811,304.0381,64.0917,1
U006,Limonar - Greeicy,32.0306,74.4928,1.3125,36.462,24.8536,185.8462,95.2607,160.9926,1
U003,Fecha de caducidad - Melendi,81.888,355.0986,62.3074,72.6429,58.5516,166.4648,428.3344,107.9132,0
U007,A gritos de esperanza - Alex Ubago,67.7106,1.7956,33.7814,25.7468,63.831,41.6161,168.4451,22.2149,1
U119,Remember the time  Michael Jackson,84.5936,364.7746,12.041,56.8862,14.8238,24.4253,445.1232,9.6015,1
U050,Desde que estamos juntos - Melendi,84.5936,153.013,96.8789,89.7116,77.9233,61.4205,68.6418,16.5028,0
U013,Chachacha - Josean log,52.7759,0.1596,34.5792,12.6579,17.1741,93.0021,68.0045,75.8282,1
U029,You da one - Rihanna,82.3671,256.5831,70.9263,62.4552,63.6918,96.1042,336.6852,32.4124,0
U030,Billie Jean - Michael Jackson,84.5936,361.074,42.0159,66.0717,116.1614,63.1522,437.9313,179.3137,0
U053,Just friends - Amy Winehouse,70.4316,284.4556,3.9104,28.427,60.3977,41.6601,329.4261,102.0578,1
U062,Es que yo te quiero a ti - Kevin Kaarl,23.8405,417.8265,10.4344,1.3362,67.85,72.3798,431.1192,140.2297,1
U044,You know i'm no good - Amy Winehouse,27.2403,181.3848,23.9202,3.5593,97.2869,24.3322,225.6719,121.6191,1
U025,Yo vivire (I will survive) - Celia Cruz,59.952,641.4684,118.7384,95.8471,124.2426,223.8378,797.0185,99.5951,0
U090,I'll change for you - Mitski,1.19,162.459,48.5249,34.9282,19.8314,78.3378,40.2609,58.5066,1
U012,Stitches - Shawn Mendes,32.7597,151.1362,24.0387,41.4967,67.0559,86.222,254.186,19.1662,1
U012,Si pudiera - Manuel Medrano,32.7597,147.3242,123.3513,153.2184,115.6304,199.5964,44.2744,83.966,0
U097,Somedoy - Jung Kook,27.8497,159.678,133.1133,135.5971,68.8535,19.064,199.539,87.9175,0
U060,Limonar - Greeicy,6.1136,22.7904,5.9373,10.8568,17.1774,214.1225,138.5711,196.9451,1
U078,Alguien como tu - Josean Log,84.5936,314.8776,209.8459,197.3331,120.8605,535.1039,314.8294,414.2434,0
U110,Valentine - Laufey,77.6194,427.8694,53.2092,43.9924,29.8928,34.2506,524.3833,4.3578,0
U073,Set fire to the rain - Adele,48.8279,647.5338,195.5877,183.0638,181.7923,164.7937,783.1928,16.9986,0
U050,La vida es un carnaval - Celia Cruz,65.6669,434.6275,25.989,33.5545,61.7155,45.6692,500.072,16.0463,1
U088,Sigo aqui - Alex Ubago,62.9902,75.3765,18.0524,12.6236,1.8385,45.0125,162.2959,46.8509,1
U068,Doma - Josean log,36.1812,172.5009,16.2259,22.8329,80.256,14.04,196.8905,94.2962,1
U026,Mujeres divinas - Vicente Fernandez,60.9706,57.4688,3.8472,1.8041,66.1361,23.4608,133.2097,42.6753,1
U113,You da one - Rihanna,59.4279,299.2204,102.9864,43.2714,122.4407,78.7646,358.178,43.6761,0
U006,La luna - Josean Log,76.6242,38.4702,64.3948,75.1147,143.6397,305.7849,103.8317,162.1453,0
U108,Fecha de caducidad - Melendi,65.788,319.6309,54.8599,107.2983,74.8894,250.8367,351.6734,175.9473,0
U096,Rehab - Amy Winehouse,24.8771,68.75,42.1344,66.2921,42.7706,564.4309,166.0838,521.6603,0
U049,Rincon - Milo J,53.9884,65.5094,28.4053,36.5562,0.8975,5.7296,20.4527,4.8321,1
U117,I'll change for you - Mitski,4.6551,267.7497,34.9093,30.3315,12.8583,60.4855,184.634,47.6271,1
U051,Mujeres divinas - Vicente Fernandez,69.1707,258.6972,131.336,135.6226,127.1858,533.3902,248.2947,406.2044,0
U087,Las de la intruicion - Shakira,45.6068,83.8178,55.0838,35.2239,57.3955,103.705,32.6697,46.3095,1
U029,Diamonds - Rihanna,82.3671,389.8178,35.8244,73.6188,51.8843,8.583,469.9198,43.3013,0
U076,Somedoy - Jung Kook,36.1449,204.5651,137.8659,116.8274,72.6096,135.6938,298.3786,63.0842,0
U111,Mercy - Shawn Mendes,61.0367,19.2805,83.1324,43.8656,17.1226,114.6354,139.7123,131.758,0
U054,Quiero + - Greeicy,84.5936,276.1186,55.8433,68.7799,39.5941,78.39,340.8064,38.7959,0
U080,Chachacha - Josean log,11.5538,158.8461,25.2036,10.1693,10.8451,141.7569,175.9055,130.9117,1
U085,Me enamore - Shakira,18.5146,477.6931,113.9281,98.2872,44.8441,153.4921,602.2469,108.648,0
U037,No me culpes por sentir - Kevin Kaarl,62.7244,179.8446,14.272,20.8962,46.6106,93.3038,92.4023,46.6932,1
U094,Si supieras - Kevin Kaarl,60.8547,47.7169,0.4216,7.0237,16.0917,63.6045,149.3208,47.5128,1
U095,West coast - Lana del rey,49.902,187.8802,8.615,22.7053,125.6501,61.9916,236.7422,187.6417,1
U069,Bajo el agua - Manuel Medrano,84.5936,285.4038,140.9708,164.0979,142.0292,302.6661,204.451,160.6368,0
U076,Cheque al portamor - Melendi,52.1989,22.4863,19.7654,2.8335,15.0347,19.1295,132.3538,34.1642,1
U077,Amor viejo - Kevin Kaarl,32.3816,3.1257,45.3569,53.9945,19.7171,207.3872,35.5073,227.1043,0
U016,Sangre para derramar - Milo J,61.6368,260.2432,25.7112,58.9135,46.1492,67.3276,349.9593,21.1784,1
U092,There's nothing holding me back - Shawn Mendes,60.5392,216.9909,5.7678,13.5891,18.5208,187.6862,164.1807,169.1654,1
U110,Te quiero tanto - Kevin Kaarl,77.6194,373.3827,30.8657,59.9492,36.8117,35.3702,469.8966,1.4415,0
U037,First love late spring - Mitski,62.7244,51.4784,12.4679,13.4292,69.8135,1.8944,138.9207,67.9191,1
U035,Washin machine - Mitski,25.3621,582.141,90.3321,67.8427,98.4573,154.8652,595.5113,56.4079,0
U057,Sin miedo a nada - Alex Ubago,56.6341,194.7854,106.3007,108.062,86.9534,252.5537,197.4,165.6002,0
U021,Rata de dos patas - Paquita la del barrio,53.3478,181.1592,1.4648,23.2182,31.8572,201.4458,88.4449,233.3029,1
U052,Thriller - Michael Jackson,66.8761,613.1287,107.3713,113.0982,1.574,226.013,756.65,227.587,0
U114,Hello - Adele,73.48,157.7569,0.0466,12.5269,28.0707,213.1773,72.8674,241.248,1
U058,Waka waka - Shakira,20.4453,588.0514,191.3184,115.0598,118.597,479.5637,658.6372,360.9667,0
U062,Borracho te recuerdo - Vicente Fernandez,23.8405,35.0582,35.475,71.3404,29.1448,89.767,21.7655,118.9118,1
U116,My love mine all mine - Mitski,36.1442,261.5025,5.5724,7.5598,58.5813,110.4083,297.8286,168.9896,1
U014,Why why why - Shawn Mendes,84.5936,469.0093,29.1465,80.6537,7.0809,50.944,565.0261,43.8631,0
U015,Una y otra vez - Manuel Medrano,84.5936,288.9053,124.9789,168.8094,129.7005,158.1867,222.0585,28.4862,0
U004,Hombres malvados - Paquita la del barrio,67.138,105.3952,108.9204,125.0944,124.403,127.8917,244.2091,3.4888,0
U015,Standing next to you - Jung Kook,84.5936,246.4182,1.2676,32.4477,54.5268,33.0623,313.265,21.4645,1
U048,Tears dry on their own - Amy Winehouse,43.1315,198.0735,52.1257,12.9451,21.282,122.5443,236.896,101.2624,1
U091,A gritos de esperanza - Alex Ubago,50.0176,2.5685,65.6727,49.5688,29.5321,41.073,92.7221,11.5408,1
U068,Rie y llora - Celia Cruz,6.3786,412.1601,68.9802,16.7339,70.4483,91.0278,406.7471,20.5796,0
U050,You know i'm no good - Amy Winehouse,27.2403,53.4139,5.3219,21.2965,39.2773,7.4044,80.4318,31.8729,1
U018,Treat you better - Shawn Mendes,80.3973,89.5328,113.7625,92.2249,71.3448,353.9308,121.4717,282.5859,0
U004,Ya para que - Greeicy,3.2341,620.8074,145.7143,150.7012,148.8725,141.3997,695.7174,7.4728,0
U119,Fragile - Laufey,84.2147,287.7464,38.9882,17.9442,60.7589,21.5578,367.7161,82.3167,1
U012,Cola - Lana del rey,11.2003,238.2874,81.3364,16.3747,47.3452,121.2986,91.2775,73.9534,0
U090,Rehab - Amy Winehouse,23.8444,131.2209,96.507,93.3654,11.2632,164.0149,228.3846,152.7519,0
U116,Why why why - Shawn Mendes,78.2254,392.3571,13.5127,17.0668,44.6191,44.2544,470.7644,88.8735,1
U009,Sangre para derramar - Milo J,83.8336,45.9325,218.8064,271.3275,219.8595,402.4997,116.5084,182.6402,0
U105,Cheque al portamor - Melendi,82.6143,293.5369,136.0433,154.9766,20.3817,197.6628,238.3321,177.2811,0
U011,"Volver, volver - Vicente Fernandez",84.5936,510.0322,10.9221,15.2833,17.4695,21.6866,598.4192,39.1561,1
U005,Soltera - Shakira,28.6144,302.2887,107.9985,106.9387,64.7454,168.2309,322.4896,103.4854,0
U112,Estos celos - Vicente Fernandez,63.9171,93.4575,40.9161,50.4052,10.4417,20.3921,60.9382,30.8339,1
U009,Stitches - Shawn Mendes,84.5936,31.4863,131.4428,142.5737,174.6277,296.1553,39.8496,121.5277,0
U105,Ultraviolence - Lana del rey,82.6143,19.1769,29.9039,4.8929,0.7518,73.4082,74.3817,72.6564,1
U063,Si supieras - Kevin Kaarl,41.9008,289.5515,89.6786,83.2271,95.688,45.2029,370.3981,50.4851,0
U060,Nobody - Mitski,38.48,278.7817,24.9038,9.0376,15.9248,181.7361,349.9687,165.8113,0
U024,Easy on me - Adele,74.3637,204.3849,33.9048,24.6087,11.6315,111.2387,67.8325,99.6072,1
U081,Say yes to heaven - Lana del rey,54.2869,229.0532,15.9228,69.0808,6.4248,293.1323,186.1524,286.7075,0
U066,Just friends - Amy Winehouse,75.6754,256.5071,28.235,58.9277,23.6705,391.0871,291.1489,414.7576,0
U053,Too sad to dance - Jung Kook,73.1776,333.949,1.0007,50.4629,60.3977,39.637,381.6655,100.0348,1
U031,Mentira - Greeicy,43.5672,302.2204,119.0722,98.6939,164.9322,118.0185,451.4815,46.9137,0
U030,Yes or no - Jung Kook,81.1035,105.4375,73.2222,75.9032,90.3282,85.2184,32.0703,5.1097,0
U061,Too sad to dance - Jung Kook,56.4932,596.9114,119.2406,77.8867,70.311,76.0312,686.3152,5.7201,0
U051,Colapso - Kevin Kaarl,69.1707,458.585,190.3619,210.0456,133.1581,559.0169,448.1824,425.8588,0
U022,Tierra - Josean Log,41.8354,193.6645,41.5632,67.9228,28.9215,36.379,130.8111,65.3006,1
U064,Quimbara - Celia Cruz,51.8231,625.5469,191.512,184.7291,118.1214,96.798,771.6965,21.3234,0
U066,Que le den candela - Celia Cruz,20.785,262.5694,18.9287,52.2975,7.1859,343.7651,242.3208,336.5792,0
U108,Hombres malvados - Paquita la del barrio,65.788,195.7813,7.3786,13.3427,38.0806,219.0458,163.7388,257.1263,0
U054,Tierra - Josean Log,84.5936,472.4252,153.8574,142.0204,148.2847,208.7598,407.7374,60.4751,0
U017,Rincon - Milo J,39.6554,150.9604,22.51,12.5126,2.4316,179.8692,110.1953,182.3007,1
U057,Thriller - Michael Jackson,56.6341,210.7763,23.8666,0.4679,89.2007,155.3824,208.1617,66.1817,1
U019,Alguien como tu - Josean Log,65.9542,46.0648,15.3322,29.4859,60.3465,19.1707,221.6006,41.1758,1
U098,Addicted to you - Shakira,36.0689,313.4941,127.6619,132.6025,197.8496,164.3533,280.7963,33.4963,0
U011,Stitches - Shawn Mendes,84.5936,126.9211,34.5411,15.2833,0.9322,62.6667,215.3081,61.7346,1
U106,Taco placero - Paquita la del barrio,54.3983,96.0866,59.166,68.6391,5.4737,35.0858,172.7563,40.5595,1
U005,Beso - Josean Log,28.6144,247.6126,7.1458,3.324,65.5267,43.3432,227.4117,108.8699,1
U046,Fragile - Laufey,72.7225,460.7161,119.5204,86.6335,88.9778,86.1205,562.3331,2.8573,0
U088,Tu jardin con enanitos - Melendi,62.9902,577.7302,26.1593,8.8441,6.4026,28.3142,664.6496,21.9116,1
U064,A veces a besos - Greeicy,44.9962,269.54,140.5561,112.6835,108.504,106.2836,408.8629,2.2204,0
U068,Too sad to dance - Jung Kook,35.0379,418.4726,62.9123,4.3606,71.7227,84.888,441.7189,13.1653,0
U063,In my blood - Shawn Mendes,41.9008,212.3398,15.7958,19.4755,82.2687,104.4386,131.4932,186.7072,1
U103,Sigo aqui - Alex Ubago,75.6635,119.4344,15.5849,8.924,33.8573,81.0877,300.6873,47.2303,1
U031,Too little too late - Laufey,64.2323,440.6456,75.3499,62.7311,123.5398,65.0041,610.5719,58.5356,0
U022,Quedate - Manuel Medrano,41.8354,0.941,40.8823,46.323,41.5291,34.8721,61.9124,76.4013,1
U005,Que me perdone tu perro - Paquita la del barrio,28.6144,433.0784,21.711,23.7738,71.793,79.0185,453.2793,150.8115,0
U116,Nobody - Mitski,78.2254,76.794,47.172,49.6055,96.3237,11.4413,1.6134,84.8824,1
U067,Que pides tu - Alex Ubago,67.7894,77.2109,2.9149,16.8754,25.8194,78.9193,66.044,104.7387,1
U044,Pierdeme el respeto - Paquita la del barrio,84.5936,137.3814,54.3317,68.8969,56.6708,36.2282,239.0218,20.4426,0
U029,Los besos - Greeicy,55.8076,251.1822,22.0457,55.2248,76.1293,0.0652,304.7248,76.1944,1
U076,Una y otra vez - Manuel Medrano,52.1989,31.3722,62.8783,14.5557,50.6603,114.2876,141.2397,63.6273,0
U072,You know i'm no good - Amy Winehouse,7.858,99.9114,24.3887,0.3635,77.7122,470.5193,329.7833,548.2315,0
U003,In my blood - Shawn Mendes,81.888,299.5778,29.0722,24.0876,39.259,82.7699,372.8136,43.511,1
U070,San lucas - Kevin Kaarl,56.7316,67.439,32.0804,33.5937,7.4795,51.5202,39.0254,44.0407,1
U092,Te busco audio - Celia Cruz,58.2327,402.0209,20.409,31.2108,7.5523,109.8565,452.5245,117.4088,0
U023,Set fire to the rain - Adele,62.6929,489.0397,38.326,43.1406,97.6746,21.3919,552.1987,119.0665,0
U073,Quedate - Manuel Medrano,70.7286,48.2824,35.4814,34.9799,27.1697,12.5534,205.8421,14.6163,1
U116,Top of the world - Shawn Mendes,78.2254,73.6559,21.0638,14.3896,5.2074,66.2554,4.7514,71.4628,1
U064,Rie y llora - Celia Cruz,27.121,619.2344,149.1147,109.4998,95.4221,48.37,740.682,47.0521,0
U116,Send my love - Adele,75.5266,179.1973,92.2594,80.2575,125.7923,11.4413,254.9058,114.351,0
U117,"Volver, volver - Vicente Fernandez",51.2882,261.4372,9.9971,21.8113,26.1279,39.447,234.2648,65.5749,1
U087,Standing next to you - Jung Kook,45.6068,148.6158,32.188,25.3962,17.3725,100.6738,97.4677,83.3013,1
U062,Cheque al portamor - Melendi,23.8405,163.5015,24.034,7.1127,14.0661,14.2791,150.2088,28.3452,1
U040,Too little too late - Laufey,32.851,428.4865,120.4244,140.1511,113.7443,115.2585,482.9433,1.5144,0
U094,Lo hecho esta hecho - Shakira,27.1235,605.129,212.2973,201.8925,150.6978,331.0686,673.0017,180.3708,0
U117,Bajo el agua - Manuel Medrano,51.2882,422.4269,121.1767,114.5252,72.0343,143.5372,449.5993,71.5028,0
U093,Only girl - Rihanna,72.0293,233.244,25.377,14.2326,106.8779,61.3256,252.6565,45.5522,1
U056,Me arrepiento - Alex Ubago,15.0001,89.4179,8.426,6.5068,9.0756,45.4185,80.9446,54.4941,1
U085,Dead women - Mitski,70.3344,589.6542,15.9454,0.204,17.1567,29.3769,766.0278,46.5336,1
U081,Fragile - Laufey,70.4339,120.8241,4.3294,28.3376,7.9242,420.0095,94.0703,427.9337,0
U015,Lo hecho esta hecho - Shakira,50.8624,289.8493,44.0302,12.073,27.0174,6.5758,322.9649,20.4416,1
U016,First love late spring - Mitski,62.3968,46.8617,4.6872,16.8104,81.8861,11.5722,137.3378,93.4583,1
U020,Yes or no - Jung Kook,77.9905,101.1485,6.7503,0.9303,30.2613,151.9741,35.5143,121.7129,1
U114,Yes or no - Jung Kook,75.4989,247.2411,88.3583,80.9554,23.217,425.9814,330.1117,449.1985,0
U018,Remember the time  Michael Jackson,80.3973,211.167,109.7217,129.4958,24.3997,254.6651,243.1058,230.2654,0
U071,Retirada - Milo J,20.4641,19.8342,68.3189,33.396,7.8774,39.2454,8.2602,31.368,1
U077,Para siempre - Vicente Fernandez,32.3816,131.7682,9.2426,35.4525,16.1475,121.4025,99.3866,105.255,1
U113,Sigo aqui - Alex Ubago,59.4279,51.1785,22.5122,53.294,27.9501,57.7716,7.779,85.7218,1
U095,La distancia - Manuel Medrano,55.411,207.2948,26.9319,27.7592,90.3496,99.2201,261.6658,8.8705,1
U053,La ley del monte - Vicente Fernandez,74.3209,133.3354,2.8571,11.5596,77.6532,10.0522,182.1952,87.7054,1
U043,Mujeres divinas - Vicente Fernandez,68.1244,124.1273,51.6757,55.0296,17.8805,12.8155,269.4087,5.065,1
U006,When we were young - Adele,76.6242,281.8305,55.2695,29.5841,46.2052,134.9871,347.192,88.7819,0
U017,La promesa - Melendi,39.6554,162.2023,8.0212,8.871,25.7205,74.5639,202.9674,48.8433,1
U005,In a lake portuguese -  Mitski,57.9896,307.8801,33.7134,26.6597,26.9688,32.8668,241.4769,5.898,1
U027,Mujeres divinas - Vicente Fernandez,49.3451,267.5588,94.9763,103.8653,69.4203,428.2764,327.0958,358.856,0
U003,Say yes to heaven - Lana del rey,65.3621,355.0986,48.6487,8.7092,35.9952,23.9874,411.8085,12.0078,1
U005,Me arrepiento - Alex Ubago,28.6144,105.3406,30.6597,44.8677,55.8719,19.4513,85.1397,75.3232,1
U068,Niño - Milo J,29.8482,301.0613,72.3533,93.4005,41.4414,39.9168,283.0047,1.5247,0
U004,Como hacer para olvidarte - Manuel Medrano,64.4392,322.5065,10.6628,23.3629,18.8175,46.2952,458.6216,65.1127,1
U054,Mas fuerte - Greeicy,26.5292,319.5497,25.3201,33.0243,11.3499,98.2476,326.173,109.5975,1
U063,La promesa - Melendi,41.9008,92.4083,77.4711,82.0983,133.2488,14.7094,173.2549,147.9582,0
U009,La vida es un carnaval - Celia Cruz,65.6669,357.9373,77.962,108.8249,70.7145,261.9484,410.3465,191.2339,0
U075,Pobre pistolita - Paquita la del barrio,67.6972,148.0118,148.7108,164.3277,133.4189,135.0171,263.4295,1.5981,0
U119,Los consejos - Greeicy,84.5936,91.9785,26.4501,19.6153,8.6583,106.7565,11.6299,115.4149,1
U010,Waka waka - Shakira,10.9018,551.9878,213.0192,150.3797,143.9488,421.6108,578.0207,277.6619,0
U014,Addicted to you - Shakira,36.0689,363.9407,100.0976,83.2078,163.4113,152.8319,339.295,10.5794,0
U013,Sin miedo a nada - Alex Ubago,52.7759,164.3113,31.1202,6.8756,16.8269,128.9112,232.1562,145.7383,1
U038,Desde que estamos juntos - Melendi,60.5,85.2052,36.304,33.8855,79.8502,76.9986,23.619,2.8516,1
U077,Aca entre nos - Vicente Fernandez,32.3816,448.5703,54.5892,63.1836,71.1566,75.1384,480.9519,146.2951,0
U077,Limonar - Greeicy,12.212,199.7628,82.3623,86.1886,111.7515,17.2248,187.5508,128.9763,0
U089,Tres veces te engañe - Paquita la del barrio,78.3497,310.6444,45.7806,26.7572,58.6446,158.8969,376.0939,217.5414,0
U010,Colapso - Kevin Kaarl,41.8107,118.5408,1.6802,2.3874,11.7663,12.5207,61.5989,24.2871,1
U071,A veces a besos - Greeicy,12.0268,94.296,87.8829,66.4733,102.368,36.4886,97.4328,138.8566,0
U043,Combustion - Josean Log,68.1244,512.0508,73.2989,58.853,37.7767,42.8132,657.3322,80.5899,0
U047,Bored - Laufey,84.5936,88.0827,19.0367,9.0776,21.456,32.4549,4.517,53.9108,1
U119,Un violinista en tu tejado - Melendi,84.5936,225.708,112.3257,112.8662,37.5991,216.3841,145.3594,178.785,0
U117,Sin remitente - Melendi,51.2882,420.076,115.8859,126.7716,72.0343,87.0784,447.2484,15.0441,0
U047,Man down - Rihanna,31.422,72.2461,22.7904,9.0776,3.9736,5.3676,102.6401,1.3939,1
U074,Taco placero - Paquita la del barrio,68.8065,100.5808,34.8029,25.013,40.7305,37.9428,197.1088,78.6732,1
U089,Un violinista en tu tejado - Melendi,78.3497,273.7054,118.6465,143.3544,117.6672,288.0184,208.2559,170.3513,0
U062,Tierra - Josean Log,23.8405,367.8359,31.4451,14.4871,53.1158,8.1639,354.5432,61.2797,1
U017,In my bed - Amy Winehouse,15.714,472.9778,102.9655,96.5348,121.5544,58.2372,489.8015,179.7915,0
U016,Tu jardin con enanitos - Melendi,62.3968,565.9355,31.5873,10.4746,4.3494,1.34,656.4116,3.0094,1
U021,Sin miedo a nada - Alex Ubago,53.3478,193.2016,87.5602,91.6063,46.1853,250.7204,285.9159,204.535,0
U083,La promesa - Melendi,84.5936,170.9076,44.5723,52.1482,78.5232,49.6502,264.9793,128.1734,0
U118,Que pides tu - Alex Ubago,52.0939,41.2705,45.2099,26.4279,40.1279,12.7128,104.0875,52.8407,1
U001,La mujer que bota fuego - Manuel Medrano,48.7455,88.919,24.2526,29.5848,30.3362,35.9005,28.0188,66.2366,1
U038,Aca entre nos - Vicente Fernandez,60.5,452.9419,29.5213,34.2232,18.7634,0.0108,514.5281,18.7525,1
U080,La mujer que bota fuego - Manuel Medrano,11.5538,242.5795,31.8686,35.4795,43.3261,248.2115,259.6389,204.8853,0
U024,Los consejos - Greeicy,74.3637,283.5691,130.7165,98.6774,51.9246,275.4944,420.1215,223.5699,0
U117,Azul celeste - Paquita la del barrio,51.2882,141.7886,11.4364,4.8723,95.599,23.8234,168.961,119.4225,1
U036,Un violinista en tu tejado - Melendi,61.8251,416.3161,179.3338,154.5484,122.0114,290.4025,420.4977,168.3911,0
U017,Where have you been - Rihanna,39.6554,522.4712,172.2583,164.1246,133.039,71.2578,563.2363,61.7811,0
U100,Milagrosa - Milo J,49.4444,615.1701,15.0351,4.1055,16.6475,1.1273,730.1865,17.7749,1
U043,When we were young - Adele,68.1244,535.0058,181.2112,179.5254,59.0933,179.3494,680.2872,120.2561,0
U073,Dame tu aire - Alex Ubago,70.7286,35.5492,36.267,21.7785,28.1902,4.5105,122.0105,23.6796,1
U115,Somedoy - Jung Kook,34.3753,209.7715,127.5485,129.4755,33.7103,181.8591,304.7961,148.1487,0
U043,Retirada - Milo J,64.6343,155.8319,117.3991,80.402,2.8157,204.2243,297.6232,201.4086,0
U114,A gritos de esperanza - Alex Ubago,78.6101,405.145,146.3709,138.4693,24.3134,480.1557,484.9044,455.8423,0
U049,Que le den candela - Celia Cruz,4.7913,564.4911,153.5785,152.2338,68.8698,150.9089,591.6735,82.0391,0
U068,Me arrepiento - Alex Ubago,36.1812,119.9464,45.1048,77.5343,46.3235,17.2982,95.5568,63.6218,1
U115,Quimbara - Celia Cruz,45.3288,615.3332,159.7706,167.5767,92.4779,165.1141,721.3112,72.6361,0
U055,Rara vez - Milo J,59.0821,263.254,2.2813,8.0263,14.4079,36.9697,361.2933,51.3776,1
U040,Desde que estamos juntos - Melendi,44.7784,9.884,25.8662,32.5552,7.5071,54.41,76.2681,61.9172,1
U076,Donde nadie pueda ir - Manuel Medrano,52.1989,293.6065,3.2429,13.5277,19.4907,66.8703,403.474,86.361,1
U031,La negra tiene tumbao - Celia Cruz,22.9881,507.1766,97.8616,57.6861,130.4489,98.0459,635.8585,32.4031,0
U100,Te quiero tanto - Kevin Kaarl,60.9263,435.4851,6.4584,16.1415,9.6268,109.1354,561.9835,99.5085,1
U022,Mujeres divinas - Vicente Fernandez,41.8354,96.4687,63.0536,67.9228,1.6665,48.7523,159.3221,47.0859,1
U083,Milagrosa - Milo J,73.1117,531.1765,73.9499,68.4152,32.4305,74.2924,613.7662,41.8619,0
U053,From the start - Laufey,28.9388,223.4631,12.2766,2.7535,73.5554,5.6271,277.8631,79.1825,1
U029,In a lake portuguese -  Mitski,4.2369,289.6521,23.6334,2.8521,16.6788,72.9826,283.15,89.6614,1
U112,La mujer que bota fuego - Manuel Medrano,63.9171,29.5512,13.9273,19.5744,39.0068,71.2628,124.8445,110.2695,1
U017,Alguien como tu - Josean Log,39.6554,50.2734,17.4355,1.1042,38.1582,168.5228,9.5083,130.3645,1
U025,Smooth criminal - Michael Jackson,67.5389,635.1559,139.9074,73.426,17.4979,369.3789,798.293,351.881,0
U086,Si supieras - Kevin Kaarl,84.5936,73.5821,113.0634,139.8956,3.2449,62.728,12.2409,65.9729,0
U070,First love late spring - Mitski,56.7316,104.323,37.4174,57.8749,60.9435,9.6558,210.7874,70.5993,1
U105,First love late spring - Mitski,82.6143,231.2827,127.562,129.5534,77.4428,139.5621,176.0779,62.1193,0
U057,Beat it - Michael Jackson,56.6341,210.7763,68.4204,112.7612,138.6249,94.4735,208.1617,233.0983,0
U081,Alguien como tu - Josean Log,70.8128,343.6914,148.9301,154.8488,145.0968,583.5777,370.0663,438.4809,0
U045,Say yes to heaven - Lana del rey,52.0061,184.5869,13.1742,104.3693,10.0345,6.4702,175.8124,16.5047,1
U093,Los besos - Greeicy,53.0567,69.5758,81.845,68.4278,81.5455,65.4243,70.0159,146.9697,0
U012,Promise - Laufey,32.7597,231.9749,27.6946,23.4181,2.3451,45.2419,128.9251,42.8968,1
U055,Beso - Josean Log,59.0821,87.5258,28.0103,28.2509,39.7017,49.3093,10.5135,89.0109,1
U012,When we were young - Adele,32.7597,147.3242,54.1296,26.1458,22.4514,26.6557,44.2744,49.1071,1
U022,Send my love - Adele,39.1366,300.0095,202.686,176.9189,130.7131,222.4445,360.1641,91.7315,0
U073,Cinnamon girl - Lana del rey,60.5675,426.4697,202.4941,171.3044,118.1308,221.2112,573.8683,103.0804,0
U072,Bad - Michael Jackson,65.2113,274.9897,48.7514,64.1032,51.2401,284.266,102.4711,335.506,0
U073,Pobre pistolita - Paquita la del barrio,70.7286,287.2649,93.7218,92.0244,14.5621,76.5561,444.8246,91.1183,0
U001,Fecha de caducidad - Melendi,48.7455,564.5278,38.272,4.8548,22.1895,94.0764,625.428,71.8869,0
U070,Quiero + - Greeicy,56.7316,586.2782,119.5391,127.292,65.7585,75.8097,692.7426,10.0512,0
U013,Hombres malvados - Paquita la del barrio,52.7759,54.4608,102.2701,95.4043,89.5164,148.3153,122.3057,58.7991,0
U110,In a lake portuguese -  Mitski,8.9846,427.8694,23.6212,23.6142,17.6866,69.8303,437.7792,87.5169,1
U110,Cinnamon girl - Lana del rey,67.4583,332.0036,124.3285,105.8137,51.6177,126.976,418.3564,75.3583,0
U082,Borracho te recuerdo - Vicente Fernandez,80.5192,140.2779,42.4411,42.1567,13.6335,49.5355,287.0173,63.169,1
U004,Mujeres divinas - Vicente Fernandez,67.138,118.9657,20.7105,39.8065,5.142,18.8484,257.7796,13.7064,1
U020,Rehab - Amy Winehouse,50.5717,71.6831,10.9899,8.5662,21.6931,173.5978,109.8985,151.9048,1
U066,Milagrosa - Milo J,68.0828,306.0005,142.9483,162.8585,59.0126,519.0409,333.0496,460.0283,0
U011,Aca entre nos - Vicente Fernandez,84.5936,466.8513,38.1029,36.6919,24.429,58.5617,555.2383,82.9908,0
U050,Fecha de caducidad - Melendi,84.5936,434.6275,52.8876,65.7153,68.276,9.4275,518.9987,77.7035,0
U115,Cheque al portamor - Melendi,50.4293,27.6927,9.448,15.4816,23.8646,27.0358,138.7713,50.9003,1
U005,Waka waka - Shakira,2.2945,401.8775,145.2528,72.4786,85.0052,418.2935,391.1695,333.2883,0
U073,Ultraviolence - Lana del rey,70.7286,372.6071,149.7128,185.0636,44.1175,119.3233,530.1668,75.2058,0
U112,Still with you - Jung Kook,63.9171,623.8956,138.5237,125.9765,114.3263,122.7675,778.2913,8.4411,0
U040,Chicago - Michael Jackson,44.7784,386.6266,124.0086,105.1068,70.5847,203.9571,453.0107,133.3725,0
U063,Hombres malvados - Paquita la del barrio,41.9008,247.5516,13.2075,25.9248,11.4087,52.5346,328.3982,41.126,1
U085,Colapso - Kevin Kaarl,80.9332,93.2467,59.2506,83.2444,65.7894,38.1357,93.7258,27.6537,0
U080,In my blood - Shawn Mendes,11.5538,355.3465,63.8912,47.5154,32.1802,34.5397,338.2871,2.3596,0
U107,MAI - Milo J,71.7359,284.9826,37.2271,51.9935,12.3253,27.2539,367.9064,39.5791,1
U004,I bet on losing dogs - Mitski,65.9947,589.6065,70.4533,99.8619,12.1524,80.2388,727.2771,68.0865,0
U113,Mentira - Greeicy,26.8354,150.0245,84.5532,56.3336,166.5414,6.867,176.3895,159.6744,0
U008,Beso - Josean Log,23.3973,285.5483,14.2385,17.2895,33.6827,160.2565,281.5223,126.5738,1
U032,Soltera - Shakira,75.3734,330.5548,68.4013,81.5864,86.1587,106.29,405.9282,192.4488,0
U049,Donde nadie pueda ir - Manuel Medrano,53.9884,291.4019,24.3176,42.714,9.2646,25.6413,377.364,34.9059,1
U108,Set fire to the rain - Adele,43.8873,319.6309,57.1037,27.8535,84.586,164.6222,329.7727,249.2082,0
U056,Colapso - Kevin Kaarl,15.0001,252.7284,47.2129,41.9276,0.381,10.1292,244.255,10.5102,1
U107,Let you break my heart again - Laufey,21.6784,416.2755,88.0541,89.9578,101.5125,109.3349,405.785,7.8224,0
U040,Thriller - Michael Jackson,44.7784,597.5245,143.3802,155.8213,6.5196,234.8161,663.9086,228.2966,0
U026,When we were young - Adele,60.9706,468.3473,125.6883,126.2999,10.8377,168.7041,544.0882,157.8664,0
U038,Aunque no te pueda ver - Alex Ubago,57.0099,411.4721,8.1687,17.0448,54.1873,23.9443,469.5681,30.2431,1
U117,My love mine all mine - Mitski,9.207,51.754,32.0379,57.4858,15.0633,28.9777,17.4996,13.9144,1
U083,Mas fuerte - Greeicy,26.5292,531.1765,64.9433,79.5831,75.9199,76.571,567.1837,0.6511,0
U085,Que me perdone tu perro - Paquita la del barrio,80.9332,608.4828,31.907,20.8179,90.4051,56.7208,795.4552,147.1259,0
U117,Me enamore - Shakira,11.1304,136.96,29.1695,28.444,27.7623,85.1808,47.369,57.4185,1
U034,Someone like you - Adele,37.3003,509.858,129.9467,116.6375,97.8351,48.9965,577.956,48.8385,0
U041,Desde que estamos juntos - Melendi,84.5936,232.8172,114.2634,115.6703,21.4593,372.7586,165.6114,351.2993,0
U054,Cinnamon girl - Lana del rey,74.4325,98.4856,12.4744,27.2957,15.5918,23.4979,153.0123,39.0897,1
U050,There's nothing holding me back - Shawn Mendes,84.5936,203.2129,35.7301,12.6394,47.3162,23.9209,118.8416,71.2371,1
U035,Aunque no te pueda ver - Alex Ubago,67.7238,491.1778,11.479,16.2052,19.9261,70.6123,597.6339,50.6863,1
U023,I'll change for you - Mitski,28.6503,489.0397,20.2836,25.6526,21.6654,43.553,518.1561,65.2185,1
U100,Quiero + - Greeicy,60.9263,571.739,93.3349,108.1372,74.0539,169.5937,698.2374,95.5397,0
U089,Let you break my heart again - Laufey,15.4435,228.4035,22.8152,10.7207,32.3911,70.5526,200.0598,38.1616,1
U003,When we were young - Adele,81.888,264.1354,41.2567,60.5206,12.1312,51.5523,337.3712,63.6835,1
U087,Somedoy - Jung Kook,29.5528,213.5148,80.9117,59.4862,70.5969,204.392,280.7169,133.7951,0
U063,Lo hecho esta hecho - Shakira,8.1696,267.8606,123.0403,111.6417,38.9181,222.2612,153.2828,183.3431,0
U016,West coast - Lana del rey,56.8878,306.8617,35.1993,15.5285,76.4823,125.7307,391.8288,202.213,0
U104,MAI - Milo J,32.6652,199.7226,27.0604,34.6152,19.9467,125.7393,227.113,105.7926,1
U043,Alguien como tu - Josean Log,68.1244,53.2244,23.7503,24.5276,55.7147,35.5563,198.5058,20.1584,1
U019,Para siempre - Vicente Fernandez,65.9542,11.0225,45.7164,67.7015,52.0859,40.6982,164.5133,92.7841,1
U091,Love is a losing game - Amy Winehouse,31.8801,112.6051,123.255,115.2519,126.5412,79.3853,99.2121,47.1559,0
U019,Easy on me - Adele,65.9542,618.8094,191.3063,192.5063,80.867,223.4545,794.3452,142.5875,0
U059,No me culpes por sentir - Kevin Kaarl,63.4427,320.1685,79.1741,90.7098,90.9069,100.9149,258.8935,10.008,0
U074,Un violinista en tu tejado - Melendi,68.8065,43.777,31.2789,46.7053,9.8328,87.2742,52.7509,77.4415,1
U025,Love on the brain - Rihanna,67.5389,425.4727,164.6599,156.4555,138.2639,237.1854,588.6098,98.9215,0
U068,Alguien como tu - Josean Log,36.1812,154.272,52.7912,69.0341,69.4908,15.1052,129.8824,54.3857,1
U031,La mujer que bota fuego - Manuel Medrano,76.1597,43.7632,37.7416,55.3081,20.0824,54.9733,138.0904,75.0556,1
U023,Doma - Josean log,84.5936,243.068,90.9691,67.6443,116.6912,178.4544,328.1277,61.7631,0
U007,Cola - Lana del rey,24.1295,626.211,172.3862,137.93,168.3746,305.3458,749.2793,136.9712,0
U012,Ya para que - Greeicy,31.1442,238.2874,49.5979,12.5447,44.3053,42.9579,71.3337,87.2632,1
U095,Summertime sadness - Lana del rey,54.651,453.2665,48.0523,33.2029,25.7355,1.5466,506.8775,24.1889,1
U016,Azul celeste - Paquita la del barrio,62.3968,162.7097,83.8321,96.5239,51.9868,64.3733,253.1858,116.3602,0
U073,Hate you - Jung Kook,54.6746,199.4676,127.6639,128.1385,79.4263,119.3233,340.9733,39.8971,0
U004,Rincon - Milo J,67.138,52.6242,12.2894,4.3123,7.8976,15.2388,86.1897,23.1364,1
U012,Still with you - Jung Kook,32.7597,238.2874,12.6373,35.0552,9.668,24.2034,135.2376,14.5355,1
U080,Sabes - Alex Ubago,11.5538,131.2116,15.6254,34.4621,59.118,170.688,114.1522,111.57,1
U018,Gitana - Shakira,67.5714,113.639,84.9411,70.6096,33.9729,343.3367,94.5261,377.3096,0
U119,La mujer que bota fuego - Manuel Medrano,84.5936,257.4713,114.2403,121.1723,39.9902,215.1097,177.1227,175.1194,0
U093,Lo hecho esta hecho - Shakira,45.885,233.244,26.3845,11.9749,100.6916,117.3501,226.5123,16.6585,1
U007,Young and beautiful - Lana del rey ,37.1806,6.3058,93.1166,99.8384,124.9835,79.9284,129.8137,45.0551,0
U081,The girl is mine - Michael Jackson,70.8128,299.6196,76.897,91.8216,98.8009,458.374,325.9945,359.5731,0
U020,Limonar - Greeicy,36.887,67.0621,7.3219,0.6754,21.6931,87.9207,91.5928,66.2276,1
U082,La promesa - Melendi,80.5192,239.2062,5.4573,37.4318,32.413,51.5238,385.9456,83.9368,1
U101,Send my love - Adele,55.3338,232.7389,131.9313,124.6869,134.9163,90.2712,292.7699,44.6451,0
U032,Euphoria - Jung Kook,30.7798,313.9731,106.815,83.5069,145.9747,47.6924,344.7529,193.667,0
U004,Quimbara - Celia Cruz,62.0375,620.8074,156.9538,170.3018,129.9462,150.6686,754.5207,20.7224,0
U097,Vamonos a marte - Kevin Kaarl,43.5248,108.1919,16.4162,2.651,22.7149,119.5292,52.6558,142.2441,1
U076,Estos celos - Vicente Fernandez,52.1989,107.2263,24.2803,12.1568,28.4378,26.059,2.6412,54.4969,1
U015,Brooklyn baby - Lana del rey,50.8624,289.8493,18.4265,30.4479,85.2265,90.4804,322.9649,5.2538,1
U067,Hate you - Jung Kook,51.7354,157.8059,80.9904,77.4186,65.2842,49.935,285.0068,15.3491,0
U079,Mujeres divinas - Vicente Fernandez,45.9075,60.0715,62.6894,53.7058,33.0475,147.9598,115.0469,181.0073,0
U085,Los consejos - Greeicy,80.9332,120.5288,51.0123,49.6283,3.2691,43.1197,307.5012,39.8505,1
U113,Aca entre nos - Vicente Fernandez,59.4279,407.9943,12.098,19.1164,64.9844,30.0081,466.9518,94.9926,1
U009,Limonar - Greeicy,40.0,59.6364,107.2315,140.9773,108.6716,234.1367,86.3787,125.4651,0
U108,Tears dry on their own - Amy Winehouse,24.3259,134.6683,2.8964,13.3427,11.9287,203.2406,125.2487,191.3119,1
U111,Diamonds - Rihanna,61.0367,194.8615,35.5609,6.4283,73.5832,103.8562,35.8687,177.4394,1
U053,Brooklyn baby - Lana del rey,40.5897,333.949,48.8086,35.1283,45.5797,77.9759,349.0776,32.3963,0
U073,Mujeres divinas - Vicente Fernandez,70.7286,145.6921,57.6527,56.5797,16.0259,1.3268,303.2518,14.6991,1
U072,Quiero + - Greeicy,65.2113,237.8711,32.0459,5.4671,41.9705,427.7521,65.3525,469.7226,0
U100,Si hay algo - Josean Log,60.9263,155.9729,17.0983,25.0191,37.2558,39.2239,282.4713,1.9679,1
U051,Tu jardin con enanitos - Melendi,69.1707,236.832,110.0339,138.135,98.2485,494.4598,247.2345,396.2113,0
U019,Te quiero tanto - Kevin Kaarl,65.9542,439.1244,32.9048,8.9497,8.8368,61.1083,614.6602,69.9451,1
U056,Dame tu aire - Alex Ubago,15.0001,234.0819,9.5727,2.3058,17.7556,38.9396,225.6086,21.1841,1
U108,Rehab - Amy Winehouse,34.8791,25.951,8.9208,48.0717,17.145,272.4604,27.0846,289.6055,0
U066,Me arrepiento - Alex Ubago,79.5647,232.4185,131.341,162.8585,94.3757,456.6538,193.8874,362.2781,0
U004,Tierra - Josean Log,67.138,171.1675,0.7799,39.8065,25.446,6.4751,32.3536,31.9211,1
U090,Billie Jean - Michael Jackson,54.7533,162.459,61.0611,74.0374,45.6646,5.9794,96.2042,51.644,1
U109,A veces a besos - Greeicy,53.1377,259.0278,142.7432,119.9398,111.1632,97.4904,364.5335,13.6728,0
U030,Somedoy - Jung Kook,68.5396,44.4877,45.3511,43.5645,114.0488,13.9056,16.3156,100.1432,1
U100,Vamonos a marte - Kevin Kaarl,60.5474,58.2615,4.1353,5.6553,15.8493,99.6972,67.858,83.8478,1
U099,Es que yo te quiero a ti - Kevin Kaarl,80.1763,353.8028,83.5988,102.108,72.1827,116.131,421.0424,43.9484,0
U033,Brooklyn baby - Lana del rey,34.136,255.6674,28.4426,36.2044,33.4412,339.0385,207.9792,305.5972,0
U025,Still with you - Jung Kook,67.5389,641.4684,108.9139,89.255,118.1579,183.6259,804.6055,65.4679,0
U114,Que le den candela - Celia Cruz,20.2093,175.8393,72.3351,69.452,5.9827,380.6825,37.6791,386.6652,0
U037,Top of the world - Shawn Mendes,62.7244,25.7106,44.3751,23.9548,12.7524,42.2585,113.1529,55.0109,1
U083,MAI - Milo J,84.2147,280.309,60.5617,73.5318,40.209,5.3102,374.0018,45.5193,0
U103,Colapso - Kevin Kaarl,75.6635,73.6289,56.6362,84.6141,7.1888,0.1677,107.6241,7.3565,1
U071,Mujeres divinas - Vicente Fernandez,23.9542,51.5388,2.5955,8.0236,12.8188,177.7944,36.4747,164.9756,1
U105,Bad - Michael Jackson,82.6143,287.7911,35.357,9.434,58.5288,70.0779,342.9959,11.5492,1
U082,Desde que estamos juntos - Melendi,80.5192,11.8346,21.0085,47.3606,10.3728,13.2899,158.574,2.9171,1
U074,Hate you - Jung Kook,52.7525,129.8403,73.3709,59.6547,36.7388,84.7212,210.3142,47.9824,0
U040,Donde nadie pueda ir - Manuel Medrano,44.7784,281.0042,6.7985,27.2582,8.7669,5.9933,347.3883,14.7601,1
U010,Back to black - Amy Winehouse,37.1163,430.3536,132.0946,141.9225,116.064,86.3239,482.601,29.7402,0
U062,La vida es un carnaval - Celia Cruz,4.9138,424.139,94.8933,105.0892,113.7547,134.0313,418.505,20.2766,0
U022,Como hacer para olvidarte - Manuel Medrano,39.1366,300.0095,31.6803,4.7534,15.342,16.3913,360.1641,31.7332,1
U012,Too sad to dance - Jung Kook,31.6164,238.2874,12.3722,55.4573,3.9541,88.2568,134.0943,92.211,1
U045,La negra tiene tumbao - Celia Cruz,15.3604,82.0799,51.0517,89.7484,34.0009,173.8801,36.6596,207.8811,0
U078,Un violinista en tu tejado - Melendi,84.5936,363.8165,216.5591,201.6323,66.1975,566.362,363.7683,500.1645,0
U099,Milagrosa - Milo J,68.6944,360.1153,114.9654,125.2869,6.1643,220.6981,415.8729,214.5338,0
U021,Easy on me - Adele,53.3478,212.3601,43.4285,57.9041,44.2763,120.4752,119.6458,164.7515,0
U117,Caminando por la vida - Melendi,51.2882,67.1361,64.2783,72.2552,20.1799,62.8458,39.9637,42.6659,1
U117,Rata de dos patas - Paquita la del barrio,51.2882,236.5488,18.1721,19.1679,14.0613,58.0935,209.3764,44.0323,1
U116,Chachacha - Josean log,78.2254,92.2152,26.854,26.1971,43.6644,108.5208,13.8079,152.1851,1
U026,Es que yo te quiero a ti - Kevin Kaarl,60.9706,552.998,4.3269,14.0192,111.4583,28.3818,628.7389,139.84,0
U042,I am - Milo J,81.3405,128.3476,223.8774,278.421,83.8332,458.2603,9.2621,374.4272,0
U060,Summertime sadness - Lana del rey,37.72,275.5105,11.9402,10.8568,58.7838,252.9654,203.5634,194.1816,0
U089,Only girl - Rihanna,70.7628,347.9781,113.0273,64.7093,18.4607,11.2741,405.8406,29.7348,0
U019,Como hacer para olvidarte - Manuel Medrano,63.2554,320.5085,11.8843,3.1815,8.8368,61.5735,493.3455,52.7367,1
U035,The girl is mine - Michael Jackson,71.2139,53.4682,45.4713,32.1433,6.0812,113.6165,163.4145,107.5353,1
U074,Borracho te recuerdo - Vicente Fernandez,68.8065,118.7093,48.7894,44.9492,33.2786,35.9545,215.2372,69.233,1
U118,Amor viejo - Kevin Kaarl,52.0939,146.8745,6.9633,32.5703,22.4833,50.7116,292.2325,73.1949,1
U058,Addicted to you - Shakira,69.3083,429.0426,225.7747,212.249,196.5906,290.9433,409.8748,94.3527,0
U111,Mujeres divinas - Vicente Fernandez,61.0367,281.9476,139.1528,115.4244,29.7961,208.4999,440.9404,178.7038,0
U076,MAI - Milo J,51.82,359.2593,15.3866,19.6855,19.4907,14.0067,468.7479,5.4839,1
U085,Dame tu aire - Alex Ubago,80.9332,74.6002,21.6104,43.6226,47.6528,9.3253,112.3722,38.3276,1
U091,Rolling in the deep - Adele,50.3965,621.8469,241.9527,209.1305,129.5289,267.2471,717.5164,137.7181,0
U104,Sin miedo a nada - Alex Ubago,33.0441,45.0284,8.4577,7.4884,19.9467,62.9782,72.7977,43.0315,1
U075,Pierdeme el respeto - Paquita la del barrio,67.6972,212.9599,178.8509,186.7659,142.9443,146.9131,328.3776,3.9688,0
U034,La mujer que bota fuego - Manuel Medrano,54.3008,58.4477,17.9552,3.1029,12.6948,177.4202,26.6508,190.1148,1
U082,Rincon - Milo J,80.5192,73.9565,35.9885,58.8154,4.2609,53.7815,72.7829,49.5206,1
U053,Bored - Laufey,74.3209,178.0999,2.9551,20.1151,46.7756,49.1117,129.2401,2.3361,1
U111,I'll change for you - Mitski,5.0934,219.8941,19.2602,6.4283,59.9611,67.1941,4.958,127.1553,1
U023,Ultraviolence - Lana del rey,84.5936,214.113,7.5489,45.1404,40.0002,66.8623,299.1727,26.8621,1
U037,Alguien como tu - Josean Log,62.7244,4.1201,9.8595,20.8962,59.0483,76.4778,91.5624,17.4295,1
U070,Me arrepiento - Alex Ubago,56.7316,91.2903,22.7764,15.0493,27.011,32.5242,197.7547,5.5132,1
U103,Para siempre - Vicente Fernandez,75.6635,1.7313,4.8485,2.4775,16.4125,62.5871,179.5216,78.9996,1
U001,MAI - Milo J,48.3666,313.6603,6.1575,30.5963,28.8162,43.7021,374.1816,14.886,1
U083,Borracho te recuerdo - Vicente Fernandez,84.5936,71.9793,3.3261,27.4403,59.7437,47.6619,166.051,107.4056,1
U058,Cola - Lana del rey,7.3942,619.2523,192.3872,151.4404,139.1572,357.8667,676.7869,218.7095,0
U031,No me culpes por sentir - Kevin Kaarl,76.1597,147.0257,33.5263,42.7028,19.7518,41.8156,34.8279,22.0638,1
U013,Los consejos - Greeicy,52.7759,81.919,65.2972,68.5661,33.3416,94.9007,149.7639,61.5591,0
U076,Aunque no te pueda ver - Alex Ubago,48.7088,519.1636,43.9601,8.61,28.8796,46.5873,625.5409,17.7078,0
U086,La negra tiene tumbao - Celia Cruz,31.422,381.323,0.6628,46.1447,115.8848,26.2609,413.9743,89.624,1
U095,Loba - Shakira,55.411,403.7731,89.321,85.6479,40.9519,113.0303,458.1441,72.0784,0
U084,Let you break my heart again - Laufey,34.5831,120.5524,43.4161,49.8402,16.2833,455.9603,127.5975,472.2436,0
U067,Beso - Josean Log,67.7894,74.8189,14.2541,8.4013,22.4379,34.507,68.436,12.0691,1
U057,Let you break my heart again - Laufey,37.1591,91.2017,16.5376,6.7625,2.2338,178.726,5.2061,180.9598,1
U017,Me arrepiento - Alex Ubago,39.6554,15.9478,9.7491,7.396,14.9909,136.1194,24.8173,121.1284,1
U117,The girl is mine - Michael Jackson,51.2882,260.9231,40.8756,46.1394,68.4372,21.6426,288.0955,90.0798,1
U022,Alguien como tu - Josean Log,41.8354,25.5658,35.1282,37.4208,36.1677,26.0115,88.4192,62.1793,1
U097,Thriller - Michael Jackson,43.9037,565.2397,128.5862,133.8051,13.4873,19.1813,621.1547,5.694,0
U039,Somedoy - Jung Kook,50.1551,152.4036,57.816,64.4483,64.8608,210.1992,179.3569,145.3385,0
U018,Pierdeme el respeto - Paquita la del barrio,80.3973,182.8491,169.4388,137.6681,133.7648,378.1423,150.9103,244.3775,0
U016,La distancia - Manuel Medrano,62.3968,326.2763,16.8824,10.4746,41.1818,35.481,416.7524,5.7008,1
U012,Bad - Michael Jackson,32.7597,231.9749,81.9151,44.4608,12.053,95.9734,128.9251,108.0265,0
U087,I'll change for you - Mitski,10.3365,192.0469,65.0403,42.8842,46.8763,211.6514,84.9555,164.7752,0
U056,Si pudiera - Manuel Medrano,15.0001,358.0379,36.1324,22.373,10.6139,1.6687,366.5112,12.2826,1
U119,Say yes to heaven - Lana del rey,68.0677,395.9755,59.2404,22.799,46.4099,105.3194,459.7982,58.9095,0
U048,Chicago - Michael Jackson,84.5936,172.1382,55.7309,58.3454,15.7982,91.4413,252.4228,75.6432,0
U021,Por si acaso no regreso - Celia Cruz,11.8857,150.8466,26.6724,10.6736,43.0019,37.1189,16.6701,80.1208,1
U101,Si supieras - Kevin Kaarl,58.0326,26.3723,22.3773,8.1732,18.034,72.1152,36.3575,90.1492,1
U086,Stitches - Shawn Mendes,84.5936,94.4064,47.02,59.1783,23.4499,5.2534,180.2294,18.1966,1
U061,Una y otra vez - Manuel Medrano,57.6365,18.1568,60.4961,25.1164,11.019,125.9378,108.7039,114.9188,1
U074,In a lake portuguese -  Mitski,17.7975,452.7082,47.4938,20.6211,41.5122,10.1972,462.632,51.7095,1
U034,Back to black - Amy Winehouse,49.6064,442.164,93.3469,109.8913,96.5825,51.4778,522.5681,148.0602,0
U034,Donde nadie pueda ir - Manuel Medrano,54.3008,278.4788,18.4896,2.0434,11.1748,178.6946,363.5773,189.8693,0
U054,Quimbara - Celia Cruz,79.4931,319.5497,3.8763,11.5251,7.1075,64.5663,379.1369,71.6738,1
U069,Me enamore - Shakira,22.175,273.9831,9.3754,21.1287,42.2326,73.9481,292.5173,31.7155,1
U020,Chachacha - Josean log,81.4806,204.3504,62.3814,56.5836,73.0998,175.4964,135.2261,102.3965,0
U076,Bajo el agua - Manuel Medrano,52.1989,80.0498,2.3487,11.4273,11.4376,75.5883,29.8177,87.0258,1
U089,Billie Jean - Michael Jackson,78.3497,347.9781,23.3485,38.6663,70.572,8.3965,413.4276,62.1755,1
U116,Pierdeme el respeto - Paquita la del barrio,78.2254,52.2812,41.444,15.7321,43.3677,98.9176,130.6885,55.5499,1
U073,Me arrepiento - Alex Ubago,70.7286,109.1148,37.4137,17.5775,1.359,10.9894,266.6745,9.6304,1
U040,San lucas - Kevin Kaarl,44.7784,99.6238,32.9511,44.7614,0.7138,38.6722,33.2397,37.9585,1
U068,Mas fuerte - Greeicy,21.8832,418.4726,82.1811,70.464,97.39,105.7745,384.7977,8.3846,0
U097,There's nothing holding me back - Shawn Mendes,43.9037,72.6007,72.221,87.6112,30.0677,75.8834,16.6856,105.9511,0
U073,Si pudiera - Manuel Medrano,70.7286,556.5706,9.7073,1.7113,0.1793,32.7604,714.1303,32.5811,1
U107,West coast - Lana del rey,66.6058,270.4638,6.1451,5.3332,43.788,111.8691,348.2575,155.6571,1
U099,Nobody - Mitski,80.1763,194.1769,11.4259,7.9406,72.7175,5.7186,126.9372,66.9989,1
U014,Rolling in the deep - Adele,84.5936,554.1504,104.3853,69.7777,101.4311,182.1997,650.1672,80.7686,0
U060,Tres veces te engañe - Paquita la del barrio,38.48,238.1768,60.1473,12.4895,39.6514,37.4881,166.9897,77.1395,1
U026,There's nothing holding me back - Shawn Mendes,60.9706,78.5299,39.2817,46.2123,38.8853,68.285,2.7889,107.1703,1
U054,Gitana - Shakira,71.7677,36.4572,41.9403,61.9554,9.9276,98.2476,15.4047,108.1752,1
U031,Dame tu aire - Alex Ubago,76.1597,73.3994,22.5741,47.002,17.809,0.9349,108.4542,16.874,1
U040,Como hacer para olvidarte - Manuel Medrano,42.0796,299.2236,12.5128,2.0498,9.5247,17.138,362.9089,26.6626,1
U056,Vamonos a marte - Kevin Kaarl,14.6212,224.4305,0.8629,8.0566,25.4893,83.8559,216.3361,58.3666,1
U017,Fragile - Laufey,39.2765,414.2421,127.1652,127.6154,114.8628,4.9546,454.6283,119.8173,0
U110,Tres veces te engañe - Paquita la del barrio,77.6194,515.734,109.2756,72.885,25.3642,300.008,612.2479,274.6438,0
U061,Milagrosa - Milo J,46.1546,596.9114,0.3838,4.0082,12.3721,53.9457,675.9765,41.5736,1
U094,Treat you better - Shawn Mendes,60.8547,452.2939,75.8599,89.3374,26.234,139.8435,553.8979,113.6096,0
U075,Quimbara - Celia Cruz,62.5967,212.2571,48.5366,69.2771,21.9733,78.4262,91.7388,100.3995,1
U001,Sin miedo a nada - Alex Ubago,48.7455,158.9661,29.3606,3.4695,28.8162,106.4632,219.8663,77.6471,1
U003,Remember the time  Michael Jackson,81.888,323.8977,22.6327,42.7964,4.4091,56.9067,397.1335,61.3158,1
U031,La luna - Josean Log,76.1597,275.3601,8.6828,7.5962,14.816,19.1183,457.2137,33.9342,1
U054,I bet on losing dogs - Mitski,83.4503,288.3488,82.6242,81.965,110.6863,134.9961,351.8933,24.3097,0
U026,My love mine all mine - Mitski,18.8894,343.3148,49.0982,22.9829,4.3005,28.3818,376.9745,32.6823,1
U012,Fragile - Laufey,32.3808,130.0583,41.2694,2.3408,15.7616,24.6818,26.6296,40.4434,1
U047,Remember the time  Michael Jackson,84.5936,392.7653,5.0497,61.1393,41.9615,53.2643,476.331,95.2257,1
U050,Quiero + - Greeicy,84.5936,391.1964,2.3353,16.1929,3.5356,50.1716,475.5676,46.636,1
U080,Te busco audio - Celia Cruz,9.2473,392.0387,73.9903,34.4143,4.4399,25.9115,372.6728,21.4716,1
U091,You da one - Rihanna,50.3965,463.5796,186.229,144.8598,102.4921,210.1598,559.2492,107.6676,0
U102,Yo vivire (I will survive) - Celia Cruz,77.0067,278.5104,29.0022,64.7527,83.0773,218.1991,327.3342,301.2765,0
U053,Si hay algo - Josean Log,74.3209,125.2482,86.4903,103.2332,1.6771,129.2627,76.3884,127.5857,0
U083,Las de la intruicion - Shakira,84.5936,422.9474,87.7455,87.2434,26.1113,227.6843,517.0191,201.573,0
U004,Desde que estamos juntos - Melendi,67.138,33.1669,2.6906,7.1425,1.7857,25.2528,171.9808,23.4671,1
U038,Que pides tu - Alex Ubago,60.5,180.6477,32.1782,23.9567,52.5583,94.2608,119.0615,41.7025,1
U035,Los besos - Greeicy,44.6544,418.4728,91.1768,90.2202,125.2438,107.1491,501.8597,18.0946,0
U077,Back to black - Amy Winehouse,27.6872,345.2286,81.5327,97.6258,111.7515,85.3127,372.9158,197.0642,0
U088,Billie Jean - Michael Jackson,62.9902,584.0427,112.2136,81.2434,41.3893,215.0068,670.9621,173.6176,0
U034,No me culpes por sentir - Kevin Kaarl,54.3008,161.7102,13.7399,9.5024,27.1394,164.2625,76.6117,137.123,1
U077,My love mine all mine - Mitski,9.6996,282.068,59.7292,48.9177,75.2617,106.688,272.3684,181.9497,0
U096,When we were young - Adele,55.786,133.9667,15.4906,7.6448,64.1222,427.8947,67.5418,363.7724,0
U080,Cinnamon girl - Lana del rey,1.3927,189.8032,149.526,122.3525,44.3411,24.3974,162.5827,19.9437,0
U036,Pobre pistolita - Paquita la del barrio,61.8251,154.9015,108.6261,84.3025,169.4282,161.1743,159.0831,8.254,0
U005,Taco placero - Paquita la del barrio,28.6144,44.2473,21.0225,31.0516,55.2739,81.0068,24.0463,136.2807,1
U036,Retirada - Milo J,58.335,264.7697,78.9718,94.3748,118.144,19.3638,272.4414,98.7802,0
U106,Sin miedo a nada - Alex Ubago,54.3983,167.8506,44.7828,14.73,21.5129,53.5069,244.5202,31.9941,1
U083,Una y otra vez - Manuel Medrano,84.5936,47.5781,13.07,39.2906,9.0394,105.5911,46.4936,114.6305,1
U034,Love is a losing game - Amy Winehouse,27.9758,139.4529,94.3178,108.229,137.493,63.3053,136.6309,200.7981,0
U022,Rehab - Amy Winehouse,10.9265,304.6305,134.9641,118.4817,99.9919,104.381,336.575,4.3891,0
U078,Dame tu aire - Alex Ubago,84.5936,425.216,203.3062,201.6323,70.862,509.1794,425.1678,438.3173,0
U006,In my blood - Shawn Mendes,76.6242,317.2729,15.0594,55.0241,97.5954,166.2047,382.6344,68.6094,0
U070,You da one - Rihanna,56.7316,471.442,181.7092,151.884,102.8427,149.9781,577.9065,47.1354,0
U001,Caminando por la vida - Melendi,48.7455,363.9142,33.0056,19.9319,72.6175,34.7985,424.8144,37.819,1
U065,Vamonos a marte - Kevin Kaarl,30.0113,239.8415,32.9798,40.5775,42.6709,240.5426,214.8626,197.8717,0
U025,Young and beautiful - Lana del rey ,36.63,8.9516,98.3434,102.5933,131.78,103.7105,141.1798,28.0695,0
U077,Combustion - Josean Log,32.3816,384.1455,28.407,31.5623,6.4701,102.9019,416.5271,96.4318,1
U013,Aca entre nos - Vicente Fernandez,52.7759,520.3796,61.8656,45.5611,27.9859,122.6642,588.2245,94.6783,0
U048,"Volver, volver - Vicente Fernandez",84.5936,376.7236,60.8672,41.3797,39.7627,127.1255,457.0082,87.3629,0
U092,Que pides tu - Alex Ubago,60.5392,262.2335,62.7908,80.7325,21.836,290.2898,209.4234,268.4538,0
U021,Hombres malvados - Paquita la del barrio,53.3478,303.0521,16.4103,10.6736,60.158,231.3163,395.7664,291.4742,0
U097,Bajo el agua - Manuel Medrano,43.9037,124.9369,7.1013,7.3424,7.6815,230.3461,69.0219,238.0275,1
U096,Sin remitente - Melendi,55.786,462.8958,144.9475,164.958,136.2314,626.3177,529.3207,490.0862,0
U056,Addicted to you - Shakira,105.6624,258.7914,201.9428,208.0287,209.7951,255.6403,146.6022,45.8452,0
U049,I bet on losing dogs - Mitski,52.8451,576.7213,111.148,140.7304,3.3573,89.748,661.5401,86.3908,0
U011,Man down - Rihanna,31.422,164.6246,7.5779,1.1039,81.8853,3.0401,199.8399,84.9254,1
U082,Si supieras - Kevin Kaarl,80.5192,42.063,17.6648,38.5606,5.1478,8.3885,188.8024,13.5363,1
U054,Soltera - Shakira,84.5936,188.76,13.9478,29.2162,11.7463,37.9443,253.4478,26.1981,1
U063,Aca entre nos - Vicente Fernandez,41.9008,218.3672,27.197,23.9184,50.1218,26.8835,137.5206,77.0052,1
U003,Send my love - Adele,79.1892,56.7977,51.3536,45.0209,64.204,70.025,127.3347,134.229,0
U059,Rie y llora - Celia Cruz,33.6401,430.2283,47.0098,4.9418,36.5945,22.0441,461.7007,14.5504,1
U019,Que le den candela - Celia Cruz,7.1745,575.3783,135.4309,131.5467,50.0106,126.1214,692.1344,76.1108,0
U003,A veces a besos - Greeicy,69.9606,0.9083,2.9914,5.5255,50.3442,102.4114,60.4002,152.7556,1
U072,Standing next to you - Jung Kook,65.2113,237.8711,44.1753,47.7765,83.1289,293.4652,65.3525,376.5941,0
U113,Someone like you - Adele,42.4274,372.3466,75.6413,22.072,106.8319,60.2919,414.3036,46.54,0
U096,Promise - Laufey,55.786,218.6174,10.9444,41.9191,44.0159,499.7923,152.1925,455.7763,0
U059,Tres veces te engañe - Paquita la del barrio,63.4427,399.2071,82.9523,21.5882,10.341,331.5683,460.4821,321.2273,0
U099,Mentira - Greeicy,47.5838,52.6521,37.1415,24.61,132.427,47.7063,87.2992,180.1333,1
U069,Tierra - Josean Log,84.5936,387.2021,126.2678,128.2373,177.4818,252.3225,306.2493,74.8407,0
U080,You da one - Rihanna,11.5538,252.6,143.3784,105.4603,57.423,3.3221,235.5407,60.7451,0
U111,Treat you better - Shawn Mendes,61.0367,67.059,77.5475,56.9747,7.4895,120.9551,91.9337,113.4655,0
U054,Los consejos - Greeicy,84.5936,168.4043,81.13,83.5707,54.6105,140.7578,103.7165,86.1474,0
U078,Rara vez - Milo J,84.5936,72.0442,204.3746,200.5668,53.2384,565.0876,71.996,511.8491,0
U087,Where have you been - Rihanna,45.6068,192.0469,23.1645,19.3619,3.2705,135.9174,140.8988,132.6469,1
U034,Si supieras - Kevin Kaarl,54.3008,37.587,3.9218,16.1404,10.4214,113.3899,122.6855,123.8112,1
U020,Euphoria - Jung Kook,36.887,217.9916,73.9325,55.5996,45.7479,12.1867,242.5223,57.9345,0
U058,Sangre para derramar - Milo J,50.5942,307.2475,0.3515,35.1848,20.4757,44.0017,407.9822,64.4774,1
U099,Borracho te recuerdo - Vicente Fernandez,80.1763,99.0819,37.6894,29.4314,33.4775,98.7438,31.8423,65.2663,1
U097,Remember the time  Michael Jackson,43.9037,534.0388,94.7382,64.3818,72.0686,19.1813,589.9538,52.8873,0
U112,Sin miedo a nada - Alex Ubago,63.9171,218.3339,67.5405,45.6897,37.4868,71.1009,372.7296,33.6142,0
U074,Caminando por la vida - Melendi,68.8065,377.2929,24.0647,5.4947,30.0574,15.3008,473.8208,45.3583,1
U047,Tres veces te engañe - Paquita la del barrio,84.5936,386.6325,59.0927,0.5221,35.3618,259.3702,470.1982,294.7319,0
U029,Rara vez - Milo J,82.3671,84.9392,90.2216,69.113,21.7071,148.7852,165.0412,127.078,0
U119,The girl is mine - Michael Jackson,84.5936,132.6973,33.5794,45.5398,45.9662,59.9223,52.3487,13.9561,1
U077,Treat you better - Shawn Mendes,32.3816,345.2286,68.3891,86.1886,35.7327,70.9858,377.6103,106.7184,0
U108,Limonar - Greeicy,21.1944,21.33,5.2528,40.1809,17.145,186.7833,8.7789,203.9283,1
U088,Pierdeme el respeto - Paquita la del barrio,62.9902,158.8257,10.7862,24.363,62.6481,52.7171,245.7451,115.3652,1
U014,Washin machine - Mitski,11.9824,554.1504,1.0637,24.1009,60.0453,76.6591,553.5912,16.6138,1
U045,Standing next to you - Jung Kook,68.532,141.1558,2.6432,33.1512,28.4577,21.8914,148.9072,50.3491,1
U096,San lucas - Kevin Kaarl,55.786,472.2184,124.9799,137.3088,136.2314,629.393,538.6433,493.1615,0
U087,Hello - Adele,40.0978,130.5334,20.4711,23.3964,42.0226,62.9007,73.8763,20.8781,1
U119,Send my love - Adele,81.8948,97.6746,61.9453,30.9311,74.6187,11.307,175.3244,63.3117,1
U039,Remember the time  Michael Jackson,66.2091,221.9572,96.1911,135.6636,61.6457,171.9539,211.0579,110.3083,0
U064,In my bed - Amy Winehouse,32.9822,576.0535,147.7443,119.1624,115.1956,52.5226,703.3623,62.673,0
U118,No me culpes por sentir - Kevin Kaarl,52.0939,114.8968,26.7661,18.6611,9.2042,41.4218,30.4612,32.2176,1
U020,Too little too late - Laufey,69.5532,196.325,6.3621,15.8068,2.1234,161.9736,253.522,159.8501,1
U034,Tu jardin con enanitos - Melendi,54.3008,588.6866,39.9001,37.492,27.1944,85.7653,673.7851,112.9596,0
U080,Pierdeme el respeto - Paquita la del barrio,11.5538,14.3497,10.6136,20.6343,97.8772,132.1537,31.4091,34.2765,1
U068,A gritos de esperanza - Alex Ubago,35.8023,205.9428,6.7283,35.9906,10.5702,30.7137,181.9321,20.1436,1
U043,Niño - Milo J,61.7914,93.5649,4.1882,0.1612,27.6653,60.3679,45.3835,32.7026,1
U049,Bajo el agua - Manuel Medrano,53.9884,82.2544,25.2118,44.8144,1.2115,34.3593,3.7077,35.5707,1
U062,Colapso - Kevin Kaarl,23.8405,277.5905,68.9806,59.9359,28.5001,5.0895,264.2977,23.4106,1
U041,Sin miedo a nada - Alex Ubago,84.5936,50.7384,79.1835,99.9983,5.1853,289.5238,16.4674,284.3384,0
U082,Bajo el agua - Manuel Medrano,80.5192,90.7015,39.182,50.5572,2.1519,82.4112,56.0379,80.2592,1
U077,MAI - Milo J,32.0027,247.1962,11.6743,16.3799,26.3438,131.6525,279.1989,157.9962,1
U010,In a lake portuguese -  Mitski,44.7933,457.9904,101.4798,104.5608,85.9124,36.1841,428.3281,49.7284,0
U098,Treat you better - Shawn Mendes,84.5936,350.8687,0.8626,15.5189,15.9524,32.0137,438.8335,16.0614,1
U057,Cinnamon girl - Lana del rey,46.473,10.2878,21.4807,23.6547,2.2338,122.3085,23.0635,124.5423,1
U049,Vamonos a marte - Kevin Kaarl,53.6095,65.5094,48.7293,40.123,16.2449,76.4576,20.0738,60.2127,1
U109,A gritos de esperanza - Alex Ubago,64.6862,9.3807,75.5933,64.0316,38.2032,20.7373,107.6734,58.9405,1
U031,There's nothing holding me back - Shawn Mendes,76.1597,28.1568,41.9405,32.2074,32.8955,89.497,153.6969,56.6015,1
U062,Donde nadie pueda ir - Manuel Medrano,23.8405,107.6187,47.0423,23.4739,9.6101,33.4617,120.9114,23.8516,1
U002,No me culpes por sentir - Kevin Kaarl,56.0671,384.9348,90.9315,95.2276,7.2069,407.9891,343.6495,400.7822,0
U104,Rie y llora - Celia Cruz,3.2415,444.2776,85.2437,64.7696,69.2405,69.2252,442.2443,138.4658,0
U062,Doma - Josean log,23.8405,178.1673,1.3148,30.1863,71.1272,26.9416,191.46,98.0689,1
U036,Mas fuerte - Greeicy,3.7607,205.3674,37.6483,10.7511,9.7936,138.2647,143.1213,128.4711,1
U036,Young and beautiful - Lana del rey ,30.9162,427.1494,67.2225,43.1141,35.4609,175.0132,462.2399,139.5523,0
U101,Let you break my heart again - Laufey,35.7606,411.4652,99.122,113.5233,107.9746,80.0459,380.4018,27.9287,0
U010,Sin remitente - Melendi,41.8107,104.637,26.4431,23.9286,22.6032,6.8479,47.6952,15.7554,1
U053,Diamonds - Rihanna,74.3209,308.9164,16.8145,15.6405,60.3977,12.2457,357.7762,72.6434,1
U061,San lucas - Kevin Kaarl,57.6365,100.2369,20.5275,14.5362,28.2037,10.5546,9.6898,17.6491,1
U039,Los consejos - Greeicy,66.2091,234.7959,110.6002,98.3927,67.8112,303.1357,245.6952,235.3247,0
U056,Mujeres divinas - Vicente Fernandez,15.0001,52.8406,11.813,32.4954,5.5913,35.7559,44.3673,30.1646,1
U110,Doma - Josean log,77.6194,307.096,11.873,6.7882,99.0866,86.504,403.6099,12.5827,1
U038,Beso - Josean Log,60.5,178.2557,15.0092,1.32,100.8156,49.8485,116.6695,50.9671,1
U038,My love mine all mine - Mitski,18.4188,286.4396,34.6613,19.9573,14.6583,31.5604,305.9446,16.9021,1
U118,MAI - Milo J,51.715,390.945,40.6459,5.0443,29.11,25.0231,535.9241,4.0868,1
U036,Waka waka - Shakira,30.9162,174.1665,10.9783,41.4031,12.63,172.1012,139.076,184.7312,1
U095,Hate you - Jung Kook,39.357,5.2003,36.4821,46.312,19.0541,13.987,43.5173,33.0412,1
U025,Un violinista en tu tejado - Melendi,67.5389,19.7849,13.7679,8.841,45.2295,11.6788,182.922,56.9083,1
U061,"Volver, volver - Vicente Fernandez",57.6365,590.5989,106.4487,91.8473,17.7027,119.0461,681.146,101.3434,0
U108,In my bed - Amy Winehouse,41.8466,270.1375,11.6443,33.702,40.698,240.5443,278.2386,281.2423,0
U047,My love mine all mine - Mitski,42.5124,207.9705,17.7504,61.1393,49.3776,81.7036,249.455,32.3261,1
U044,Sabes - Alex Ubago,84.5936,282.9427,80.5707,123.9933,17.9116,74.7625,384.5831,56.8509,0
U101,Estos celos - Vicente Fernandez,58.0326,186.3133,17.2655,3.4143,29.1411,44.4906,123.5835,15.3494,1
U104,Pierdeme el respeto - Paquita la del barrio,33.0441,25.3731,2.6733,22.5101,72.9778,89.2841,53.1424,16.3064,1
U083,Beso - Josean Log,84.5936,149.5145,38.8287,26.8715,77.4484,11.9866,55.4428,89.435,1
U023,Te busco audio - Celia Cruz,82.2871,470.2111,30.3033,56.557,14.7679,15.2833,552.9643,0.5154,1
U074,Chicago - Michael Jackson,68.8065,367.0086,83.4822,27.9835,48.0739,122.6762,463.5365,74.6022,0
U025,Me enamore - Shakira,5.1203,510.6787,135.0235,133.0688,133.0619,208.3212,611.3972,75.2593,0
U117,Fragile - Laufey,50.9093,159.5206,31.692,17.3446,38.2879,60.0071,131.9693,21.7192,1
U067,Cheque al portamor - Melendi,67.7894,18.2316,3.1001,15.74,10.3455,74.3196,161.4865,84.6651,1
U089,Soltera - Shakira,78.3497,217.1884,34.4113,4.251,28.5456,75.5773,282.6379,47.0319,1
U076,Lo hecho esta hecho - Shakira,18.4677,610.1268,231.8874,195.4381,153.3434,265.8985,686.2631,112.5551,0
U031,Chicago - Michael Jackson,76.1597,398.7857,78.9341,27.6868,80.3802,153.7027,580.6393,73.3225,0
U073,Bitch better have my money - Rihanna,45.2255,647.5338,226.7807,248.3813,205.6842,193.4917,779.5903,12.1925,0
U017,Chicago - Michael Jackson,39.6554,311.5733,90.6124,71.4938,74.4115,10.1695,352.3384,64.2419,0
U119,Mujeres divinas - Vicente Fernandez,84.5936,105.8662,77.6871,78.065,54.4279,162.3852,25.5176,107.9573,0
U093,Easy on me - Adele,79.6162,233.244,23.6095,26.5115,57.3005,58.4646,260.2435,1.1641,1
U041,Rie y llora - Celia Cruz,54.791,348.5108,2.3975,27.7403,84.0019,295.7708,385.914,379.7727,0
U052,MAI - Milo J,66.4972,362.2612,10.5809,21.6227,0.6733,66.0806,505.4036,65.4074,1
U049,Un violinista en tu tejado - Melendi,53.9884,13.7613,26.7666,45.8738,13.1757,25.6413,72.2008,38.817,1
U098,West coast - Lana del rey,79.0846,238.3175,37.5538,40.3893,49.5498,110.47,320.7732,160.0198,0
U009,Rata de dos patas - Paquita la del barrio,84.5936,326.7364,79.6546,101.5945,116.0368,236.5287,398.0723,120.4918,0
U029,Mentira - Greeicy,49.7746,107.3872,52.4931,75.5174,107.7925,24.2066,154.8967,83.5859,0
U027,Smooth criminal - Michael Jackson,49.3451,227.9704,24.0604,56.3995,80.3231,101.2176,168.4334,20.8944,1
U028,Why why why - Shawn Mendes,54.5809,521.2558,118.1056,63.6015,55.1502,182.2488,633.6345,127.0986,0
U100,Combustion - Josean Log,60.9263,501.2519,38.4344,38.7201,23.9449,107.2259,627.7503,131.1707,0
U080,Azul celeste - Paquita la del barrio,11.5538,1.329,78.2315,91.1647,76.4639,90.8433,15.7304,14.3793,0
U021,MAI - Milo J,52.9689,38.5074,123.0783,118.7331,46.1853,313.4815,131.6006,267.2961,0
U105,Me enamore - Shakira,20.1957,163.3139,7.8112,26.2682,75.8178,25.4036,156.1001,101.2214,1
U026,Pierdeme el respeto - Paquita la del barrio,60.9706,134.0935,2.0818,14.8106,106.2495,39.8725,209.8344,146.122,1
U091,Como hacer para olvidarte - Manuel Medrano,47.6977,323.546,16.1619,16.1421,0.9808,47.1487,416.5167,48.1296,1
U097,El chofer - Vicente Fernandez,35.8939,42.5454,67.1452,72.8423,49.7356,110.091,5.3598,159.8266,0
U069,Sin remitente - Melendi,84.5936,283.0529,135.68,176.3443,142.0292,246.2073,202.1001,104.1781,0
U066,Donde nadie pueda ir - Manuel Medrano,79.5647,10.5198,148.1896,161.8173,66.7911,520.3153,28.0113,453.5242,0
U119,Aca entre nos - Vicente Fernandez,84.5936,346.4821,29.8817,42.6203,3.3026,78.993,426.8307,82.2957,1
U061,Que me perdone tu perro - Paquita la del barrio,57.6365,596.9114,63.5942,64.6333,63.6563,68.0086,687.4585,131.6649,0
U109,Borracho te recuerdo - Vicente Fernandez,65.0651,155.8375,102.8855,118.3434,10.6406,25.4144,273.2705,36.055,0
U019,Que pides tu - Alex Ubago,65.9542,64.2736,29.3635,37.2527,1.4233,7.2877,111.2622,8.711,1
U086,Rehab - Amy Winehouse,53.6847,190.1501,26.4767,65.4727,89.406,18.4051,245.0642,107.8112,1
U043,Love is a losing game - Amy Winehouse,14.1522,108.483,127.3955,123.2542,121.3554,48.5749,45.4781,72.7804,0
U015,Love on the brain - Rihanna,84.5936,73.8536,10.2233,28.4365,63.9246,90.4804,140.7004,26.5558,1
U058,Quiero + - Greeicy,51.3542,575.8212,112.1686,109.9562,70.4894,189.0554,677.3159,118.566,0
U090,MAI - Milo J,54.3744,88.4085,186.8756,188.0431,96.6709,192.7655,155.0422,96.0946,0
U018,Rata de dos patas - Paquita la del barrio,80.3973,211.167,72.2124,52.8421,2.6912,302.5618,243.1058,299.8705,0
U068,Sin remitente - Melendi,36.1812,269.3531,55.7684,86.6391,26.792,1.3775,244.9635,28.1696,1
U094,Sin miedo a nada - Alex Ubago,60.8547,199.5673,31.3146,13.8957,16.8451,141.9379,301.1712,125.0929,1
U038,Hombres malvados - Paquita la del barrio,60.5,12.9769,69.9258,84.0664,42.7671,25.6403,48.6093,17.1267,1
U058,Back to black - Amy Winehouse,46.6598,466.4172,110.3938,106.6026,90.7122,144.2768,563.2175,53.5646,0
U040,Treat you better - Shawn Mendes,44.7784,444.6894,105.4914,123.6689,18.1558,135.5504,511.0736,117.3948,0
U089,Sigo aqui - Alex Ubago,78.3497,160.6881,70.8127,107.2861,113.7998,178.3908,95.2386,64.5912,0
U077,Stronger than me - Amy Winehouse,16.7508,498.0637,132.7275,144.3953,127.2704,4.9363,481.3128,122.3341,0
U050,Washin machine - Mitski,11.9824,434.6275,10.1095,11.177,26.2708,75.8867,422.4227,49.6159,1
U015,Chachacha - Josean log,84.5936,279.8641,133.4935,156.3903,126.8691,231.6156,213.0173,104.7464,0
U118,Beso - Josean Log,52.0939,38.8785,62.3789,51.7046,8.1294,31.6995,106.4795,39.8289,1
U007,Tierra - Josean Log,68.0895,165.7639,5.8465,23.2053,8.9838,6.1647,1.2645,15.1485,1
U067,Borracho te recuerdo - Vicente Fernandez,67.7894,146.6749,56.4089,62.7131,4.7332,1.1683,289.9298,5.9015,1
U052,Sin miedo a nada - Alex Ubago,66.8761,207.567,24.9372,5.5041,0.6733,128.8417,351.0883,128.1685,1
U120,Soltera - Shakira,57.3892,97.1528,47.7149,83.449,69.757,398.2748,44.5338,468.0319,0
U117,Smooth criminal - Michael Jackson,51.2882,261.4372,34.0534,31.1988,87.8017,246.2385,234.2648,334.0402,0
U024,Milagrosa - Milo J,62.8818,204.3849,213.7998,196.1293,94.3146,383.8476,56.3505,289.533,0
U018,Billie Jean - Michael Jackson,80.3973,242.3679,68.0114,80.7877,29.7274,215.8526,274.3067,186.1251,0
U071,Borracho te recuerdo - Vicente Fernandez,23.9542,8.8943,48.0252,64.8769,19.4358,108.5646,6.1698,89.1288,1
U042,My you - Jung Kook,66.0813,88.0583,147.9903,176.6252,8.3089,368.3453,64.8106,376.6542,0
U054,Remember the time  Michael Jackson,84.5936,288.3488,66.7209,120.8416,48.445,9.576,353.0366,38.869,0
U034,Sin remitente - Melendi,54.3008,92.8266,12.3046,8.1026,3.1217,130.9538,7.7281,134.0754,1
U094,Aunque no te pueda ver - Alex Ubago,57.3646,514.1658,24.37,15.0644,26.234,111.7574,612.2795,85.5235,0
U115,Taco placero - Paquita la del barrio,50.4293,138.0075,54.9705,73.9985,46.3952,104.512,249.0862,150.9071,0
U037,Only girl - Rihanna,55.1375,576.8647,215.1011,182.8683,131.7426,169.0084,656.72,37.2659,0
U032,Nobody - Mitski,75.3734,92.9477,44.5271,47.1263,79.7863,91.04,17.5742,170.8263,0
U054,Sin miedo a nada - Alex Ubago,84.5936,86.012,115.307,159.0124,104.779,106.7473,21.3242,1.9682,0
U050,El chofer - Vicente Fernandez,76.5838,173.1576,40.8059,27.4083,27.6483,10.2867,96.7962,17.3616,1
U112,Diamonds - Rihanna,63.9171,598.863,154.0724,171.6778,127.9484,86.1054,753.2587,41.843,0
U043,You know i'm no good - Amy Winehouse,10.7711,244.7554,135.8566,133.3737,95.9638,62.4138,332.6835,33.55,0
U066,Yes or no - Jung Kook,76.0746,160.511,34.9519,63.8009,10.0484,389.064,125.47,399.1125,0
U095,Treat you better - Shawn Mendes,55.411,300.4314,28.0762,33.2029,60.1479,16.4647,354.8025,43.6833,1
U044,Aca entre nos - Vicente Fernandez,84.5936,513.105,12.4553,46.4587,41.1731,16.1693,614.7454,57.3425,1
U076,Mujeres divinas - Vicente Fernandez,52.1989,108.2851,33.8447,24.4333,6.573,12.8714,218.1526,19.4444,1
U117,Why why why - Shawn Mendes,51.2882,182.6086,24.0976,66.9928,29.0255,37.1762,155.4362,66.2017,1
U103,Summertime sadness - Lana del rey,74.9035,628.1006,83.9711,48.2586,69.8801,127.9219,808.5935,58.0418,0
U020,Back to black - Amy Winehouse,76.7862,212.5279,8.1515,10.7618,21.6931,156.0086,276.9578,134.3155,1
U098,Soltera - Shakira,84.5936,372.9141,55.9513,69.8734,99.5962,102.9111,460.8788,3.3148,0
U046,From the start - Laufey,30.1583,11.5331,101.8991,81.2264,90.328,56.5554,10.2692,33.7726,0
U014,Borracho te recuerdo - Vicente Fernandez,84.5936,94.9532,44.6025,35.4722,47.4095,2.1773,190.97,49.5868,1
U109,Me arrepiento - Alex Ubago,65.0651,76.6157,37.2168,22.4879,18.6905,34.1528,194.0487,15.4623,1
U077,Pobre pistolita - Paquita la del barrio,32.3816,137.7948,42.8529,63.1836,17.1619,83.3013,170.1764,66.1393,1
U058,Desde que estamos juntos - Melendi,51.3542,31.6118,17.625,4.0517,10.9695,77.4633,133.1065,88.4328,1
U057,Ya para que - Greeicy,7.2698,210.7763,1.6431,19.8247,43.8594,219.6416,144.2578,263.501,0
U023,San lucas - Kevin Kaarl,84.5936,208.1086,110.544,103.8013,63.2272,194.1922,123.0489,130.965,0
U077,Es que yo te quiero a ti - Kevin Kaarl,32.3816,491.7512,6.3041,11.9156,31.8961,106.688,524.1328,74.792,1
U062,Lover girl - Laufey,83.3616,392.9381,59.8731,72.9368,91.3165,76.1659,299.0287,15.1507,0
U015,Azul celeste - Paquita la del barrio,84.5936,119.689,80.4656,75.3949,192.4879,180.702,52.8422,11.786,0
U023,Combustion - Josean Log,84.5936,375.1215,77.9858,79.5201,87.988,129.2301,460.1812,41.2421,0
U083,Quimbara - Celia Cruz,79.4931,531.1765,94.1397,101.0823,71.6775,110.2523,620.1476,38.5748,0
U105,Let you break my heart again - Laufey,11.1789,174.529,15.1409,35.5443,73.2615,27.9378,135.9406,101.1993,1
U026,Quedate - Manuel Medrano,60.9706,39.9409,26.0185,19.7957,109.3317,37.341,35.8,71.9907,1
U044,Sin miedo a nada - Alex Ubago,84.5936,157.0367,43.2007,98.8954,3.6397,9.9223,258.6771,6.2825,1
U017,Un violinista en tu tejado - Melendi,39.6554,99.2123,24.1487,3.195,16.5048,199.7809,58.4472,216.2856,1
U030,You da one - Rihanna,84.5936,202.8067,10.6785,38.1261,64.8986,29.6941,279.6641,94.5927,1
U085,In a lake portuguese -  Mitski,5.6708,483.2845,43.9094,23.7038,8.3567,10.5691,583.6528,2.2124,1
U038,Los consejos - Greeicy,60.5,14.4813,32.9529,57.2282,13.4077,27.7743,76.0675,14.3667,1
U083,Aca entre nos - Vicente Fernandez,84.5936,481.6831,5.7018,6.0317,4.6038,61.8243,575.7548,57.2204,1
U063,Yo vivire (I will survive) - Celia Cruz,34.3139,267.8606,22.8653,10.5238,12.0104,125.009,179.427,137.0193,1
U023,Yo vivire (I will survive) - Celia Cruz,77.0067,489.0397,1.7413,13.4566,27.7501,3.3411,566.5124,31.0913,1
U115,La distancia - Manuel Medrano,50.4293,369.3615,30.1245,34.569,40.2214,38.0833,480.4401,78.3046,1
U038,Vamonos a marte - Kevin Kaarl,60.1211,170.9963,30.96,41.7735,56.5959,35.303,109.789,21.2929,1
U100,Man down - Rihanna,7.7547,263.45,110.2974,108.1372,111.1381,190.511,336.7767,79.3728,0
U041,Retirada - Milo J,81.1035,115.3138,30.5201,57.6339,2.5932,162.1232,51.5981,164.7164,0
U026,Too little too late - Laufey,49.0432,390.2725,72.6911,76.736,51.759,43.7921,454.0861,7.9668,0
U008,Somedoy - Jung Kook,7.3433,10.419,86.5078,72.5631,56.6756,45.2458,22.447,101.9214,0
U099,Chicago - Michael Jackson,80.1763,149.2174,2.9966,46.3971,47.875,12.0221,216.457,59.8971,1
U056,Dont stop the music - Rihanna,14.6212,449.0011,149.341,179.5072,163.2824,184.3211,457.0955,21.0387,0
U085,Top of the world - Shawn Mendes,80.9332,57.3287,26.0845,5.5276,51.3554,83.4865,244.3011,134.8419,1
U058,Rara vez - Milo J,51.3542,289.3411,13.1908,2.98,22.1747,18.3344,390.8358,3.8402,1
U026,Ultraviolence - Lana del rey,60.9706,284.3838,88.2129,130.288,38.0445,94.5357,360.1247,132.5802,0
U067,Chachacha - Josean log,67.7894,36.1587,31.4982,8.4013,48.8025,14.3314,179.4136,63.1338,1
U097,Limonar - Greeicy,0.6899,266.9388,104.6706,101.6527,101.1423,26.3234,278.2602,127.4657,0
U087,Por si acaso no regreso - Celia Cruz,4.1447,130.5334,53.6403,66.5924,34.5286,49.7165,37.9231,15.1879,1
U109,I'll change for you - Mitski,9.1218,615.0347,177.3484,170.4862,85.7336,97.4904,676.5244,11.7567,0
U081,Sin miedo a nada - Alex Ubago,70.8128,176.5085,103.9447,141.3388,94.3449,471.1977,202.8834,376.8527,0
U056,El chofer - Vicente Fernandez,6.9903,158.784,49.8661,62.1347,52.51,93.2941,158.3205,40.7841,0
U101,MAI - Milo J,57.6537,280.1723,26.1592,28.428,18.7874,56.5429,342.5232,75.3302,1
U093,West coast - Lana del rey,74.1072,32.1423,146.7441,156.4884,89.2744,4.5813,10.6518,93.8557,0
U067,Vamonos a marte - Kevin Kaarl,67.4105,67.5595,1.6967,34.6922,21.7818,19.9615,75.3165,41.7433,1
U007,La negra tiene tumbao - Celia Cruz,14.9179,523.704,114.6939,93.0922,146.4084,118.8327,637.5607,27.5758,0
U079,Quedate - Manuel Medrano,45.9075,37.3382,40.5181,32.106,10.1481,161.84,17.6372,151.6919,1
U025,Taco placero - Paquita la del barrio,67.5389,164.1427,52.3139,62.8773,14.3318,113.5382,327.2799,99.2064,0
U001,Hello - Adele,43.2365,503.0143,176.7624,142.0064,110.5094,306.8805,558.4055,196.3711,0
U042,La luna - Josean Log,84.0393,126.6906,172.223,185.037,95.7652,356.6408,261.6015,260.8757,0
U082,Combustion - Josean Log,80.5192,485.5569,18.6346,10.8732,26.9127,35.9344,632.2963,62.8471,1
U002,Dont stop the music - Rihanna,55.6882,371.7745,78.9344,82.2862,175.8807,219.8571,412.6809,395.7378,0
U019,Colapso - Kevin Kaarl,65.9542,82.9201,15.7683,14.4351,28.4846,22.0566,92.6158,6.428,1
U099,Limonar - Greeicy,35.5827,61.8144,7.5406,27.835,71.4649,26.6678,84.4604,98.1327,1
U072,Los consejos - Greeicy,65.2113,206.6518,57.3326,20.2579,26.9541,490.1199,379.1704,517.0741,0
U075,Hello - Adele,62.1882,150.7436,20.3181,71.2885,8.22,79.8101,29.8169,88.0301,1
U005,Como hacer para olvidarte - Manuel Medrano,25.9156,134.7775,41.794,69.0349,27.5295,55.3549,152.2796,27.8254,1
U071,Back to black - Amy Winehouse,19.2598,297.4678,77.3444,77.9105,85.5066,104.5765,307.8375,190.0831,0
U013,Rie y llora - Celia Cruz,22.9733,563.5605,107.9062,65.3824,72.3603,122.6642,601.6028,50.304,0
U086,Limonar - Greeicy,40.0,185.5291,22.8087,57.5819,89.406,67.272,226.7585,22.134,1
U042,Si pudiera - Manuel Medrano,84.0393,116.6697,230.0396,259.7024,91.5097,412.0951,18.2412,320.5854,0
U040,Billie Jean - Michael Jackson,44.7784,597.5245,151.2425,135.1061,59.7732,273.6286,663.9086,213.8556,0
U096,Azul celeste - Paquita la del barrio,55.786,184.6084,40.498,33.3141,159.7961,515.4159,251.0333,355.6196,0
U105,Nobody - Mitski,82.6143,260.1886,27.419,55.0327,70.7346,17.7125,204.9837,88.4471,1
U068,Hombres malvados - Paquita la del barrio,36.1812,96.9396,63.3441,46.7558,87.6044,116.6789,72.55,29.0747,0
U021,Lo hecho esta hecho - Shakira,19.6166,212.3601,93.4225,96.3905,87.6674,61.5897,85.9146,149.2571,0
U019,Beso - Josean Log,65.9542,61.8816,46.5325,62.5294,46.834,37.1246,113.6542,83.9586,1
U120,Vamonos a marte - Kevin Kaarl,57.0103,445.4891,178.81,236.8052,16.2954,508.617,587.5546,492.3216,0
U105,Somedoy - Jung Kook,66.5603,111.4581,17.9428,40.9827,37.1932,42.8395,72.3073,80.0327,1
U081,In my blood - Shawn Mendes,70.8128,173.5324,61.7981,84.4592,81.679,399.8896,147.1575,318.2107,0
U114,La ley del monte - Vicente Fernandez,78.989,18.6568,74.8739,59.2148,54.0946,396.3966,60.7237,450.4912,0
U058,San lucas - Kevin Kaarl,51.3542,77.896,24.7099,16.2579,2.7486,61.7255,23.5987,64.4741,1
U101,Aunque no te pueda ver - Alex Ubago,54.5425,440.0766,2.4143,0.1325,28.1763,23.9623,499.3162,52.1385,1
U066,Chachacha - Josean log,79.5647,263.7129,90.583,121.3148,32.7901,412.5863,225.1818,379.7961,0
U071,La luna - Josean Log,23.9542,115.9794,12.4667,27.8206,33.2795,156.4273,131.0435,123.1479,1
U013,Colapso - Kevin Kaarl,52.7759,131.8565,44.9657,64.3066,35.7169,13.6453,64.0115,49.3623,1
U019,Stronger than me - Amy Winehouse,16.8218,618.8094,169.2013,176.6443,91.332,167.037,745.2127,75.705,0
U023,Waka waka - Shakira,53.6847,457.8388,56.0645,4.9994,58.1184,223.646,511.9896,165.5276,0
U095,Tu jardin con enanitos - Melendi,55.411,446.954,12.227,27.7592,53.5172,65.0791,501.325,11.5619,1
U017,When we were young - Adele,39.6554,431.508,140.0254,156.102,76.6498,46.3829,472.2731,30.2668,0
U034,Waka waka - Shakira,23.3919,563.7982,174.2715,118.3485,124.4673,283.8091,617.9878,159.3419,0
U100,Euphoria - Jung Kook,16.3327,467.7987,173.6441,149.6214,161.7177,268.637,549.7035,106.9193,0
U081,Niño - Milo J,64.4798,490.4807,168.4922,179.2152,117.0474,608.3893,523.1886,491.3419,0
U104,Me arrepiento - Alex Ubago,33.0441,87.8289,28.8413,29.4986,47.5313,142.9548,60.0596,95.4236,1
U070,Donde nadie pueda ir - Manuel Medrano,56.7316,313.189,5.9278,16.0905,0.5736,96.1857,419.6534,96.7593,1
U079,Rolling in the deep - Adele,45.9075,561.9132,257.1069,215.809,175.2711,101.2924,616.8886,73.9787,0
U040,Para siempre - Vicente Fernandez,44.7784,32.3074,46.3449,72.9328,33.7244,85.1337,34.0767,118.8582,1
U047,Promise - Laufey,84.5936,417.6537,32.4047,7.3862,14.1331,13.2789,501.2194,0.8541,1
U067,Sabes - Alex Ubago,67.7894,326.2164,9.3308,36.2301,0.5296,43.2625,469.4713,43.7921,1
U010,Taco placero - Paquita la del barrio,41.8107,105.863,88.7889,108.9527,3.6697,84.3241,162.8049,80.6543,0
U076,Gitana - Shakira,39.373,254.1199,124.2714,104.4983,134.1973,85.2675,351.1615,48.9298,0
U003,Rehab - Amy Winehouse,50.9791,61.4187,16.3683,13.4163,33.4828,188.0885,103.7456,221.5714,1
U038,Estos celos - Vicente Fernandez,60.5,214.9178,27.8485,13.498,111.5047,44.4726,153.3316,67.0322,1
U054,Que pides tu - Alex Ubago,84.5936,363.5333,146.2611,164.7556,93.7611,207.2443,298.8455,113.4832,0
U063,Mujeres divinas - Vicente Fernandez,41.9008,233.9811,75.0024,59.3631,107.8523,56.5087,314.8277,51.3436,0
U008,Quedate - Manuel Medrano,23.3973,204.1087,39.6847,41.4308,52.5566,207.6912,200.0827,155.1346,0
U106,Me arrepiento - Alex Ubago,54.3983,34.9933,7.4838,7.2802,6.0717,26.4697,111.6629,20.398,1
U025,Rara vez - Milo J,67.5389,311.5572,1.5834,7.7755,58.1886,10.4044,474.6943,68.5929,1
U115,Fecha de caducidad - Melendi,50.4293,615.3332,49.4987,28.4137,26.0353,110.5463,726.4118,136.5815,0
U106,MAI - Milo J,54.0194,322.5448,9.2647,12.3968,21.5129,9.2542,398.8355,30.767,1
U095,Nobody - Mitski,55.411,101.0257,61.0159,53.0973,17.1235,69.6827,46.6546,52.5592,1
U114,Sangre para derramar - Milo J,78.229,92.7344,200.5048,212.9113,79.4027,530.291,172.8749,450.8883,0
U034,Ultraviolence - Lana del rey,54.3008,320.0724,110.6581,168.4883,26.3487,6.6992,405.1709,33.0478,0
U083,Hate you - Jung Kook,68.5396,83.1103,27.9076,42.1458,10.2737,96.4286,161.128,86.155,1
U081,Billie Jean - Michael Jackson,70.8128,229.0532,13.6483,54.4599,43.3386,335.2139,202.6783,291.8752,0
U026,Amor viejo - Kevin Kaarl,60.9706,64.3725,55.9879,79.9293,59.8451,72.3174,140.1134,12.4723,0
U068,Si hay algo - Josean Log,36.1812,40.7246,24.5787,48.4097,9.6479,4.7377,16.335,14.3856,1
U079,Si hay algo - Josean Log,45.9075,102.716,62.9765,43.8282,74.352,160.3331,157.6914,234.6852,0
U019,Where have you been - Rihanna,65.9542,618.8094,205.026,192.5063,110.8507,220.6099,794.3452,109.7592,0
U033,La mujer que bota fuego - Manuel Medrano,67.8672,397.7794,143.6966,135.3868,107.5648,586.6283,411.7364,479.0634,0
U007,Bajo el agua - Manuel Medrano,68.0895,63.9656,20.5495,12.6553,26.4688,44.1789,103.0628,70.6476,1
U116,Una y otra vez - Manuel Medrano,78.2254,101.2564,18.3394,38.6162,40.833,35.0919,22.8491,75.9249,1
U010,Alguien como tu - Josean Log,41.8107,10.4441,29.4203,41.5336,20.0956,9.6348,67.3859,10.4607,1
U081,Mentira - Greeicy,38.2203,78.41,0.7441,13.4521,52.0249,440.5696,137.3774,492.5945,0
U017,No me culpes por sentir - Kevin Kaarl,39.6554,234.2381,21.848,1.1042,25.7205,185.3488,193.473,159.6282,1
U027,Que me perdone tu perro - Paquita la del barrio,49.3451,234.2829,62.8446,74.226,100.0083,359.0466,174.7459,259.0382,0
U071,There's nothing holding me back - Shawn Mendes,23.9542,187.5375,45.7244,52.4318,14.432,86.0486,172.4733,100.4806,1
U014,Rara vez - Milo J,84.5936,224.2392,112.4863,126.0612,11.0046,119.777,320.256,108.7723,0
U120,Dont stop the music - Rihanna,57.0103,227.9425,28.6061,49.2414,121.4977,408.1518,85.877,529.6495,0
U084,Quimbara - Celia Cruz,54.1096,240.127,13.9959,17.1774,38.9826,487.607,80.6697,526.5896,0
U022,Hello - Adele,36.3264,536.7969,227.5154,196.4067,96.2774,338.8088,594.1413,242.5315,0
U053,Never be alone - Shawn Mendes,74.3209,333.949,79.7993,114.9554,45.007,77.959,382.8088,32.952,0
U037,Fecha de caducidad - Melendi,62.7244,576.8647,44.0373,0.9381,14.9231,23.5154,664.307,38.4385,1
U101,La distancia - Manuel Medrano,58.0326,285.0681,1.1039,13.1784,2.0254,78.6316,347.7979,76.6062,1
U050,Hate you - Jung Kook,68.5396,13.4387,8.8478,14.5112,11.1666,50.1716,54.8785,61.3383,1
U066,Ya para que - Greeicy,15.6608,306.0005,13.9018,12.9616,64.0217,343.7651,280.6277,407.7868,0
U037,Tierra - Josean Log,62.7244,215.1102,3.4245,9.6058,51.8021,66.1103,127.6679,14.3082,1
U003,Gitana - Shakira,69.0621,0.9083,2.1479,16.0898,62.7817,145.5783,59.5016,208.36,1
U025,Mentira - Greeicy,34.9464,334.0052,141.1313,136.8549,187.6882,162.5874,464.5498,25.1008,0
U100,Chachacha - Josean log,60.9263,45.4567,37.3302,37.4382,42.87,105.3273,171.9551,62.4573,1
U080,Aunque no te pueda ver - Alex Ubago,8.0637,319.9041,14.8,8.1955,35.4572,136.0283,299.3545,100.571,1
U071,Let you break my heart again - Laufey,69.839,330.7283,109.4186,105.8561,89.2861,14.3275,251.9992,103.6136,0
U117,Thriller - Michael Jackson,51.2882,267.7497,14.5108,11.9375,66.2285,105.9902,240.5773,172.2187,1
U057,Te busco audio - Celia Cruz,54.3276,191.9477,54.055,64.2835,46.5472,172.6174,187.0266,126.0702,0
U082,Quimbara - Celia Cruz,75.4187,599.4751,133.2547,115.7987,117.7877,112.1259,741.1139,5.6618,0
U030,Pierdeme el respeto - Paquita la del barrio,84.5936,64.143,143.4433,122.9521,220.1988,99.1375,12.7143,121.0613,0
U059,Treat you better - Shawn Mendes,63.4427,283.7057,14.7691,1.7581,43.2038,26.1967,344.9808,69.4006,1
U046,A gritos de esperanza - Alex Ubago,72.7225,55.4702,20.9826,6.8342,16.0178,31.6288,46.1468,47.6466,1
U013,La luna - Josean Log,52.7759,235.5495,23.9314,29.9134,50.2053,60.6391,303.3944,110.8444,1
U010,Cinnamon girl - Lana del rey,31.6496,362.1246,202.1871,186.7603,119.8435,232.9904,408.9053,113.1468,0
U110,Combustion - Josean Log,77.6194,439.1495,1.1103,5.0876,70.3834,37.2797,535.6634,33.1037,1
U086,Soltera - Shakira,84.5936,353.0403,20.032,3.2274,97.031,84.4084,438.8633,12.6227,1
U055,Never be alone - Shawn Mendes,59.0821,593.1652,31.7135,4.1096,17.4054,54.6852,691.2045,72.0905,0
U113,Nobody - Mitski,59.4279,96.8045,58.8376,23.783,106.8319,60.2919,37.8469,46.54,1
U090,Euphoria - Jung Kook,10.1597,15.0876,11.5846,29.1996,56.1778,2.6038,95.7608,58.7816,1
U012,Someone like you - Adele,15.7592,153.1463,35.9428,21.7169,0.1528,8.183,33.096,8.0302,1
U064,Standing next to you - Jung Kook,56.9236,582.1158,208.0136,180.7179,112.5782,217.2612,733.366,104.683,0
U117,I am - Milo J,48.5894,188.4644,126.7665,152.2516,85.4276,161.0727,158.5932,75.6452,0
U088,Alguien como tu - Josean Log,62.9902,11.2981,23.0682,19.1455,60.3689,33.357,98.2175,27.0119,1
U046,Chachacha - Josean log,73.1014,0.7682,23.3641,6.8342,20.7097,0.9768,101.2277,21.6864,1
U088,There's nothing holding me back - Shawn Mendes,62.9902,53.7977,47.9861,55.7647,4.7161,81.1296,33.1218,76.4135,1
U094,Billie Jean - Michael Jackson,60.8547,605.129,121.611,100.7746,67.8514,277.9217,706.7329,210.0704,0
U116,You da one - Rihanna,78.2254,319.2309,91.3208,69.0939,111.9325,29.914,397.6383,82.0185,0
U068,Desde que estamos juntos - Melendi,36.1812,169.1679,42.8857,71.1961,35.0129,14.04,144.7783,49.053,1
U117,Te quiero tanto - Kevin Kaarl,51.2882,88.0647,95.3361,129.7028,63.2234,23.2821,60.8923,39.9413,0
U031,Rata de dos patas - Paquita la del barrio,76.1597,578.4827,101.967,85.6317,96.6049,136.665,760.3363,40.0602,0
U045,Send my love - Adele,65.8332,113.714,10.4693,50.6392,38.2433,100.4826,108.6614,138.7259,1
U033,Yo vivire (I will survive) - Celia Cruz,60.2803,255.6674,9.2757,22.3926,26.1606,352.3861,234.1234,326.2256,0
U070,Rara vez - Milo J,56.7316,299.7981,20.5613,20.3158,17.4438,94.9113,406.2625,112.355,1
U030,Addicted to you - Shakira,36.0689,170.8643,40.7575,39.5747,24.1184,57.4136,127.0591,33.2952,1
U117,In my blood - Shawn Mendes,51.2882,212.2289,25.7767,38.777,51.3153,80.127,185.0565,131.4422,1
U013,Quiero + - Greeicy,52.7759,526.4419,90.5839,83.3569,48.358,157.2685,594.2868,108.9106,0
U079,Rehab - Amy Winehouse,14.9986,268.2333,134.5999,104.2647,131.3729,92.3311,292.2998,223.7041,0
U097,Que pides tu - Alex Ubago,43.9037,117.8433,15.198,20.4678,26.7525,178.487,61.9283,205.2395,1
U102,Sabes - Alex Ubago,84.5936,1.1453,147.1799,176.7295,14.1188,374.9178,55.2655,360.799,0
U112,Un violinista en tu tejado - Melendi,63.9171,2.2121,15.8419,27.8805,41.3979,72.5372,156.6078,113.9351,1
U073,Te busco audio - Celia Cruz,68.4221,628.7052,126.9584,83.3662,69.3498,170.9023,783.9584,101.5525,0
U092,Azul celeste - Paquita la del barrio,60.5392,11.3112,24.6502,25.5396,64.4717,174.7883,64.1213,110.3165,1
U047,La ley del monte - Vicente Fernandez,84.5936,223.3526,18.9387,0.5221,9.4216,26.709,306.9183,36.1307,1
U076,La mujer que bota fuego - Manuel Medrano,52.1989,43.32,2.7085,18.674,21.0107,65.5959,66.5475,86.6065,1
U073,In my bed - Amy Winehouse,46.7872,598.0404,150.1283,121.5083,137.9043,88.8716,731.6587,49.0327,0
U057,Brooklyn baby - Lana del rey,22.9029,210.7763,12.2253,37.4139,11.3098,147.3276,174.4305,136.0177,1
U063,Remember the time  Michael Jackson,41.9008,236.6597,9.3563,38.1843,38.6006,130.3018,155.8131,168.9024,1
U073,Si supieras - Kevin Kaarl,70.7286,90.1217,42.9765,32.7157,28.1902,12.6326,247.6814,15.5576,1
U117,Limonar - Greeicy,6.6946,30.5512,9.4048,20.2149,21.4265,60.4855,102.3172,39.059,1
U064,Si supieras - Kevin Kaarl,56.9236,68.1348,40.5925,30.3698,5.4815,23.7164,219.385,29.1979,1
U077,Love in the dark - Adele,32.3816,361.7148,124.7339,120.133,93.8061,33.6821,394.0964,127.4882,0
U011,Azul celeste - Paquita la del barrio,84.5936,106.8064,12.3614,11.4003,52.0016,37.3102,195.1934,14.6915,1
U099,Send my love - Adele,77.4775,61.8144,56.5133,22.7114,102.1861,5.7186,126.3552,96.4675,1
U038,Valentine - Laufey,60.5,377.237,55.438,51.6819,3.8861,43.756,438.8232,39.8699,0
U099,Lo hecho esta hecho - Shakira,46.4451,360.1153,114.9236,84.7201,119.9099,110.7963,393.6237,9.1136,0
U094,La distancia - Manuel Medrano,60.8547,359.1573,20.8518,28.3753,3.9677,57.0881,460.7612,61.0558,1
U050,In my blood - Shawn Mendes,84.5936,379.1067,19.6524,17.16,48.9834,93.1224,463.4779,142.1057,0
U043,Promise - Laufey,68.1244,619.6565,154.7762,129.9615,79.1996,107.4518,764.9379,28.2522,0
U008,Washin machine - Mitski,73.1787,395.1427,71.4551,48.3936,91.4768,50.0994,302.5927,141.5762,0
U049,Quedate - Manuel Medrano,53.9884,8.6708,39.2339,59.0752,46.8487,14.4774,94.6329,61.3261,1
U106,A gritos de esperanza - Alex Ubago,54.0194,51.0031,45.8603,34.2635,50.822,13.0542,25.2876,63.8762,1
U008,Love on the brain - Rihanna,23.3973,179.147,126.2758,110.6643,100.5022,1.0543,183.173,99.4479,0
U035,A veces a besos - Greeicy,59.2865,226.1341,86.651,58.0678,112.8063,152.4594,324.1531,39.6531,0
U117,Ya para que - Greeicy,12.6157,267.7497,40.0205,32.2301,66.8316,41.731,176.6734,25.1006,1
U095,La ley del monte - Vicente Fernandez,55.411,252.6529,56.1054,56.5492,38.1803,2.8277,307.0239,35.3526,1
U101,Alguien como tu - Josean Log,58.0326,41.7048,35.6265,14.8112,31.9645,106.1618,21.025,74.1973,1
U049,San lucas - Kevin Kaarl,53.9884,89.2261,50.4702,60.2172,1.2115,19.0242,3.264,17.8127,1
U084,Only girl - Rihanna,51.6232,240.127,46.796,25.5898,67.1351,396.6818,78.1833,463.8168,0
U024,Cinnamon girl - Lana del rey,64.2026,16.6792,37.1121,42.4024,12.9059,111.2387,163.3927,98.3328,1
U026,Cheque al portamor - Melendi,60.9706,28.33,17.9265,19.7957,57.6744,29.7189,47.4109,27.9555,1
U085,Si supieras - Kevin Kaarl,80.9332,51.0707,14.9009,32.6854,47.6528,1.2032,238.0431,46.4496,1
U010,Rincon - Milo J,41.8107,90.2429,24.3458,27.9168,20.4942,20.9812,33.3011,41.4755,1
U113,Sabes - Alex Ubago,59.4279,177.832,56.0174,96.651,5.8997,88.6013,236.7895,94.501,0
U017,Es que yo te quiero a ti - Kevin Kaarl,39.6554,516.1587,10.0102,15.7829,45.6462,93.9394,556.9238,48.2932,1
U012,Stronger than me - Amy Winehouse,16.3727,238.2874,50.5378,18.3064,14.4191,2.0423,86.1051,16.4614,1
U100,Dead women - Mitski,50.3275,596.3415,32.9813,43.9221,72.9251,34.7293,712.2411,38.1959,0
U073,Desde que estamos juntos - Melendi,70.7286,59.8933,39.6328,23.9157,12.6696,7.7312,217.453,4.9384,1
U042,Beat it - Michael Jackson,84.0393,207.6329,9.6869,1.0028,114.0583,58.6585,72.722,172.7167,1
U003,Limonar - Greeicy,37.2944,56.7977,12.7003,5.5255,33.4828,102.4114,85.4399,135.8942,1
U062,Chachacha - Josean log,23.8405,145.5744,10.5643,17.0286,24.3909,74.2673,132.2817,49.8765,1
U070,No me culpes por sentir - Kevin Kaarl,56.7316,127.0,10.6775,23.5495,37.7406,81.7536,20.5356,44.013,1
U096,Only girl - Rihanna,48.1991,224.9299,82.9903,56.4115,11.8607,397.3142,150.918,409.1747,0
U115,Washin machine - Mitski,46.1467,615.3332,112.4958,105.306,68.5115,177.0055,629.8358,108.4939,0
U117,First love late spring - Mitski,51.2882,257.6366,90.5813,74.8412,125.4983,28.9777,284.809,96.5206,0
U047,Treat you better - Shawn Mendes,84.5936,271.1311,9.0905,23.8684,88.9066,46.0014,354.6969,42.9052,1
U019,First love late spring - Mitski,65.9542,93.4231,37.6596,63.8113,71.1117,55.4127,268.9589,126.5244,0
U055,Colapso - Kevin Kaarl,59.0821,108.5643,34.2905,48.7136,21.3523,9.8719,10.5249,11.4803,1
U023,Gitana - Shakira,71.7677,133.0328,9.1823,3.2785,59.5325,86.7199,205.2666,146.2524,1
U042,Too sad to dance - Jung Kook,82.896,207.6329,94.3161,161.9413,28.0748,300.7555,71.5787,328.8304,0
U101,Sin remitente - Melendi,58.0326,156.7859,38.6037,32.4162,10.7343,89.6791,94.0561,100.4134,1
U056,Te busco audio - Celia Cruz,12.6936,430.1725,81.1187,59.2819,58.9152,205.3314,436.3393,146.4162,0
U015,From the start - Laufey,18.6661,267.5628,54.9585,68.3297,57.2508,174.0834,303.9758,116.8326,0
U051,Si hay algo - Josean Log,69.1707,216.0527,131.0489,145.5002,85.8813,545.7635,205.6502,459.8823,0
U085,The girl is mine - Michael Jackson,80.9332,79.81,43.883,23.7038,51.3554,89.9539,266.7824,141.3093,0
U093,My you - Jung Kook,61.6582,113.6694,137.5543,130.8211,37.5346,151.7572,122.7109,189.2918,0
U007,Estos celos - Vicente Fernandez,68.0895,91.1421,6.0795,10.9288,13.4066,57.4684,75.8863,70.8751,1
U114,There's nothing holding me back - Shawn Mendes,78.989,418.57,121.3795,96.6026,39.2894,411.488,497.9504,372.1986,0
U114,Beso - Josean Log,78.989,461.4206,161.2335,138.4693,90.8619,469.6793,540.8011,378.8174,0
U005,La luna - Josean Log,28.6144,98.7549,0.5495,13.9315,61.6657,31.1558,118.9558,92.8214,1
U020,La ley del monte - Vicente Fernandez,81.4806,164.7494,6.7341,22.6709,0.6163,122.3893,233.8737,123.0056,1
U080,Que le den candela - Celia Cruz,47.2259,367.4362,96.8579,79.1866,14.7591,72.9357,291.5971,87.6948,0
U105,Borracho te recuerdo - Vicente Fernandez,82.6143,165.0936,76.5343,76.5235,35.4604,122.1749,109.8888,86.7145,0
U059,You know i'm no good - Amy Winehouse,6.0894,55.3272,37.3447,18.1363,48.3339,13.8812,59.2489,34.4527,1
U119,In my bed - Amy Winehouse,60.6522,346.4821,14.7885,13.1364,67.4505,74.8404,402.8893,142.2909,1
U097,Top of the world - Shawn Mendes,43.9037,14.0856,55.4013,57.552,11.2786,71.6337,70.0006,82.9123,1
U067,The girl is mine - Michael Jackson,67.7894,77.1993,55.0869,38.385,10.3455,34.4014,220.4542,24.0559,1
U113,A veces a besos - Greeicy,47.5005,101.4808,49.58,3.8886,122.4407,27.9055,148.511,94.5352,1
U109,Hate you - Jung Kook,49.0111,166.9685,127.467,133.0489,59.3768,74.1811,268.3475,14.8044,0
U025,Say yes to heaven - Lana del rey,51.013,641.4684,157.7982,81.2262,129.2385,310.0247,788.0796,180.7862,0
U012,Love in the dark - Adele,32.7597,101.9385,42.5442,5.9559,19.0452,40.6607,1.1113,21.6155,1
U115,Sin remitente - Melendi,50.4293,72.4925,7.3753,11.0256,27.4617,27.0358,38.5861,54.4974,1
U052,A gritos de esperanza - Alex Ubago,66.4972,11.2867,26.0147,25.0376,29.9824,62.2806,131.8557,32.2982,1
U053,Hate you - Jung Kook,58.2669,114.1172,16.7662,21.7968,20.4188,1.1071,81.3114,19.3116,1
U061,Caminando por la vida - Melendi,57.6365,396.2978,52.1675,41.4034,23.6507,16.7533,486.8449,6.8974,1
U037,Sigo aqui - Alex Ubago,62.7244,68.1985,31.2611,10.8729,0.5179,1.8917,155.6408,2.4095,1
U053,El chofer - Vicente Fernandez,66.3111,273.8361,48.7243,63.7163,3.9371,59.3512,232.9861,63.2883,1
U070,Colapso - Kevin Kaarl,56.7316,72.0202,16.0105,20.3715,18.3164,67.8135,34.4443,49.4971,1
U021,Una y otra vez - Manuel Medrano,53.3478,366.3945,75.5866,84.4919,15.0157,213.2006,459.1088,198.1849,0
U053,Easy on me - Adele,74.3209,333.949,61.2713,39.1628,60.3977,102.995,382.8088,42.5973,0
U118,Washin machine - Mitski,44.4821,641.8125,148.0725,117.3877,117.0301,141.8566,690.5945,24.8265,0
U087,The girl is mine - Michael Jackson,45.6068,336.6259,140.8252,119.3551,128.1718,250.4943,387.774,122.3225,0
U012,La ley del monte - Vicente Fernandez,32.7597,37.6738,14.2286,16.554,21.2096,58.672,65.376,79.8816,1
U045,Rolling in the deep - Adele,68.532,184.5869,44.3158,2.4679,51.4203,24.9226,192.3383,76.3429,1
U115,Si supieras - Kevin Kaarl,50.4293,57.9211,8.8511,13.2174,20.162,44.5997,168.9997,64.7616,1
U119,Back to black - Amy Winehouse,79.8992,243.1404,2.9382,8.1781,43.8975,89.1673,318.7946,133.0648,1
U037,Pierdeme el respeto - Paquita la del barrio,62.7244,151.6477,23.9949,22.6123,61.3275,9.5963,239.09,70.9238,1
U094,Combustion - Josean Log,60.8547,491.2108,35.8778,34.7111,15.9688,107.9274,592.8147,123.8962,0
U076,La distancia - Manuel Medrano,52.1989,364.1551,40.4419,21.9209,1.3221,8.082,474.0226,6.7599,1
U024,Rolling in the deep - Adele,74.3637,204.3849,12.464,4.9761,27.2128,81.8709,67.8325,109.0837,1
U004,Quedate - Manuel Medrano,67.138,21.556,1.4608,18.2067,38.0536,4.9682,160.3699,43.0218,1
U026,Dont stop the music - Rihanna,60.5917,559.3105,133.6808,148.8159,91.555,125.1044,634.6725,33.5494,0
U006,Un violinista en tu tejado - Melendi,76.6242,248.8898,108.9046,129.7129,106.3502,381.1509,183.5283,274.8007,0
U087,Rolling in the deep - Adele,45.6068,192.0469,9.4846,10.2229,5.5901,103.705,140.8988,109.2951,1
U074,No me culpes por sentir - Kevin Kaarl,68.8065,178.8028,28.9782,42.4061,52.0581,72.8421,82.2749,20.7841,1
U028,Estos celos - Vicente Fernandez,54.5809,110.9562,47.6555,39.6532,27.734,103.1827,1.4225,130.9168,1
U012,Where have you been - Rihanna,32.7597,238.2874,86.3625,34.1684,33.9378,51.5306,135.2376,17.5928,1
U011,Sabes - Alex Ubago,84.5936,236.689,106.2183,114.2265,34.6557,117.1549,325.076,82.4992,0
U028,Rehab - Amy Winehouse,23.672,312.717,129.1304,102.4886,105.6022,119.881,394.1868,14.2787,0
U074,Never be alone - Shawn Mendes,68.8065,577.9065,10.3378,33.5039,28.687,5.6551,674.4344,34.342,1
U004,Man down - Rihanna,13.9664,269.0873,114.1967,113.047,120.3288,157.7622,354.7295,37.4334,0
U015,Love is a losing game - Amy Winehouse,2.317,444.6027,78.2927,90.7072,34.5519,223.9553,460.0324,189.4033,0
U024,Loba - Shakira,74.3637,154.8915,59.1034,46.2324,8.3956,114.0833,18.3391,122.4789,1
U076,Quiero + - Greeicy,52.1989,566.6957,110.3684,97.6738,84.6756,105.1251,676.5632,20.4495,0
U119,When we were young - Adele,84.5936,305.0123,51.8484,46.4308,22.5459,29.7797,385.3609,7.2338,1
U062,Addicted to you - Shakira,96.822,233.9293,180.1751,190.0204,181.676,240.4216,126.5595,58.7456,0
U059,Summertime sadness - Lana del rey,62.6827,436.5408,34.7452,1.7581,8.7914,41.1148,497.0558,49.9062,1
U115,Desde que estamos juntos - Melendi,50.4293,27.6927,5.5074,4.4174,35.6826,39.6983,138.7713,75.3808,1
U117,Love is a losing game - Amy Winehouse,30.9884,466.7023,9.2635,10.44,62.337,19.4299,576.1512,81.7668,1
U023,Man down - Rihanna,31.422,137.3196,6.1228,10.103,47.095,45.945,169.2076,93.04,1
U090,Donde nadie pueda ir - Manuel Medrano,54.7533,154.0613,205.5051,181.8853,96.6709,273.6425,220.3161,176.9717,0
U036,Say yes to heaven - Lana del rey,45.2992,205.3674,7.7677,64.4812,38.0024,31.301,184.6599,69.3034,1
U040,Niño - Milo J,38.4454,122.0094,3.6014,10.3508,13.9356,0.4532,61.9583,14.3889,1
U032,I bet on losing dogs - Mitski,74.2301,430.1436,0.2751,28.8376,12.7813,203.3418,504.3737,190.5604,0
U103,Vamonos a marte - Kevin Kaarl,75.2846,45.331,10.2862,50.7431,33.0591,73.559,135.543,40.4999,1
U064,I'll change for you - Mitski,0.9803,625.5469,175.1613,163.2299,83.0744,106.2836,720.8538,23.2091,0
U064,My you - Jung Kook,38.9656,505.9723,89.3726,82.4426,76.9306,25.3596,639.2645,102.2902,0
U107,San lucas - Kevin Kaarl,72.1148,161.2982,29.704,28.3325,4.2722,63.4654,77.9955,67.7376,1
U077,First love late spring - Mitski,32.3816,27.3226,1.1858,31.5623,35.1733,106.688,5.059,71.5147,1
U101,Chachacha - Josean log,58.0326,38.6736,12.8179,18.2323,52.7884,29.6909,24.0562,82.4792,1
U107,When we were young - Adele,72.1148,444.8869,110.7665,116.6211,76.3814,138.0329,528.1896,61.6515,0
U103,Sangre para derramar - Milo J,74.9035,316.0958,33.6067,82.0916,0.2986,1.5982,496.5887,1.8968,1
U112,Rincon - Milo J,63.9171,49.536,17.4806,18.5629,27.3247,52.6255,104.8597,79.9502,1
U016,Te quiero tanto - Kevin Kaarl,62.3968,392.563,0.0676,38.0512,19.6112,17.2678,483.0391,36.879,1
U013,Tears dry on their own - Amy Winehouse,11.3138,384.9104,97.7879,95.4043,39.5071,164.1205,411.2932,124.6135,0
U048,I am - Milo J,81.8948,303.7508,177.6366,171.82,99.0624,327.6452,381.3366,228.583,0
U061,Desde que estamos juntos - Melendi,57.6365,9.2709,13.4426,2.33,36.4246,5.1832,99.818,41.6078,1
U110,Quedate - Manuel Medrano,77.6194,46.1837,42.6842,30.5108,93.6828,106.7886,50.3302,13.1058,1
U016,Si supieras - Kevin Kaarl,62.3968,14.8359,4.391,10.877,21.1224,28.9646,105.312,7.8422,1
U053,Fecha de caducidad - Melendi,74.3209,333.949,60.806,102.0233,36.6906,39.637,382.8088,2.9464,0
U022,Bajo el agua - Manuel Medrano,41.8354,91.8662,26.8602,32.0622,6.5311,13.9646,29.0128,20.4955,1
U008,La promesa - Melendi,23.3973,34.8738,19.9821,42.5662,34.7575,122.5929,38.8998,87.8354,1
U021,Es que yo te quiero a ti - Kevin Kaarl,53.3478,206.0476,105.0999,90.4376,104.4252,288.517,113.3333,184.0919,0
U115,Lover girl - Laufey,56.7728,584.1323,93.3551,95.5311,81.518,88.9226,588.0088,7.4044,0
U099,Cinnamon girl - Lana del rey,70.0152,139.0512,61.7223,28.44,75.2444,51.9108,196.1297,23.3336,1
U116,Yo vivire (I will survive) - Celia Cruz,70.6385,477.4982,50.4947,41.1483,92.5876,19.2668,548.3185,73.3209,0
U046,The girl is mine - Michael Jackson,73.1014,40.2724,46.9528,23.1495,17.7473,47.756,142.2683,65.5033,1
U038,Billie Jean - Michael Jackson,60.5,502.4353,89.0723,68.6654,12.5699,142.22,564.0215,154.79,0
U101,Doma - Josean log,58.0326,285.0681,0.9388,31.39,42.7297,77.0166,347.7979,34.2868,1
U066,Dead women - Mitski,68.9659,287.1719,94.9319,114.8309,2.735,483.1843,315.1042,480.4493,0
U057,Rara vez - Milo J,56.6341,119.1349,145.8148,124.8057,70.0832,394.9174,121.7495,324.8341,0
U095,Una y otra vez - Manuel Medrano,55.411,125.4881,4.4955,35.1244,38.3672,23.1495,71.1171,61.5167,1
U102,Remember the time  Michael Jackson,84.5936,247.3095,61.2238,113.4608,56.4871,212.9063,303.7203,269.3934,0
U044,Too little too late - Laufey,72.6662,393.5604,16.2776,6.9715,101.3377,32.3086,483.2735,133.6462,1
U042,Just friends - Amy Winehouse,80.15,158.1395,99.2272,139.9054,28.0748,302.7786,19.3393,330.8534,0
U100,Thriller - Michael Jackson,60.9263,615.1701,116.3053,125.4988,6.6217,238.4077,741.6685,231.7859,0
U057,Gitana - Shakira,43.8082,145.2306,32.934,11.005,27.7532,244.054,160.6711,271.8072,0
U105,Someone like you - Adele,65.6138,208.9625,10.6153,56.7437,70.7346,17.7125,247.1668,88.4471,1
U050,Nobody - Mitski,84.5936,119.6647,15.686,21.2965,25.011,105.8673,35.2934,80.8563,1
U116,West coast - Lana del rey,72.7164,212.1119,22.4589,26.1971,46.4499,3.7502,285.0102,50.2001,1
U022,Rincon - Milo J,41.8354,75.1212,30.0537,23.804,4.4221,14.6651,12.2678,10.2431,1
U065,Sin miedo a nada - Alex Ubago,30.3902,28.0284,3.2439,17.0175,49.6512,199.0034,53.3862,149.3521,1
U077,Alguien como tu - Josean Log,32.3816,74.6809,21.1416,2.7631,24.4081,181.2714,42.2993,156.8633,1
U118,Yo vivire (I will survive) - Celia Cruz,44.507,641.8125,156.9717,119.05,112.0342,179.6627,779.5835,67.6284,0
U025,The girl is mine - Michael Jackson,67.5389,112.7956,64.9784,58.4854,36.8624,144.783,275.9327,107.9206,0
U003,Azul celeste - Paquita la del barrio,81.888,54.4397,14.7319,19.5617,83.5427,139.0735,18.7961,55.5307,1
U029,A gritos de esperanza - Alex Ubago,81.9882,209.565,49.63,32.8358,9.2682,72.9826,129.8419,63.7144,1
U080,Why why why - Shawn Mendes,11.5538,325.7262,65.5703,19.2996,9.8904,77.4905,308.6668,67.6001,1
U087,Beso - Josean Log,45.6068,488.6441,181.658,149.3388,160.9552,319.4027,539.7922,158.4475,0
U088,Niño - Milo J,56.6572,135.4912,42.6303,43.5119,32.3195,58.1686,54.9048,25.8491,1
U072,Addicted to you - Shakira,55.4512,91.0925,81.5602,96.8257,168.0717,325.8642,202.0886,493.9359,0
U017,First love late spring - Mitski,39.6554,2.9151,4.8919,35.4296,48.9234,93.9394,37.85,45.0159,1
U098,Tears dry on their own - Amy Winehouse,43.1315,318.7412,21.2598,42.3571,62.8975,69.3174,365.2438,6.4199,1
U089,Mas fuerte - Greeicy,20.2853,347.9781,23.039,0.4429,5.4494,135.8806,355.3631,130.4313,1
U054,Limonar - Greeicy,40.0,21.2488,56.7885,83.5707,19.3713,55.0807,41.343,35.7094,1
U018,Someone like you - Adele,63.3968,157.2268,64.0191,74.0415,5.9266,267.7834,172.1651,273.71,0
U053,Valentine - Laufey,74.3209,208.7507,13.0553,40.4522,37.3984,10.2696,257.6105,27.1288,1
U105,Bitch better have my money - Rihanna,57.1112,294.1036,47.164,58.4248,160.8149,0.7602,323.8052,160.0547,0
U090,Chicago - Michael Jackson,54.7533,48.4389,88.295,104.0367,34.8531,63.6921,114.6937,28.8391,0
U028,Washin machine - Mitski,41.9951,606.3969,146.1884,120.1543,108.1146,207.9639,622.1996,99.8493,0
U036,Dont stop the music - Rihanna,61.4462,205.3674,7.1672,27.2646,18.8509,87.8384,200.8069,106.6893,1
U069,Euphoria - Jung Kook,40.0,257.4014,52.0555,13.5126,18.8726,22.9094,293.7606,41.7819,1
U091,Quedate - Manuel Medrano,50.3965,22.5955,25.3639,25.4275,55.8903,4.1147,118.265,60.0049,1
U039,Send my love - Adele,63.5103,45.1428,22.2048,47.8463,1.8508,185.0722,58.7409,183.2215,1
U055,Tears dry on their own - Amy Winehouse,17.62,408.2026,108.4631,110.9973,53.8717,140.6033,464.7798,86.7315,0
U072,Mujeres divinas - Vicente Fernandez,65.2113,220.5395,108.5696,78.7076,36.1321,545.7486,393.0581,509.6165,0
U044,Nobody - Mitski,84.5936,8.3062,34.2843,3.5593,83.0206,74.1307,109.9467,8.8899,1
U042,Tu jardin con enanitos - Melendi,84.0393,201.3204,160.7921,207.3464,46.3672,339.0775,66.4095,292.7103,0
U097,Si supieras - Kevin Kaarl,43.9037,7.8276,14.4159,19.339,14.9812,156.3234,63.7426,171.3046,1
U050,Rata de dos patas - Paquita la del barrio,84.5936,403.4266,24.2964,40.7849,16.3932,71.0889,487.7978,54.6958,1
U042,Rara vez - Milo J,84.0393,122.2783,204.5483,238.5697,45.5166,430.7324,257.1892,385.2157,0
U017,Tierra - Josean Log,39.6554,269.5037,11.0005,31.6062,30.912,158.1553,228.7386,127.2432,1
U115,Mujeres divinas - Vicente Fernandez,50.4293,113.4915,23.5273,37.0814,32.3263,33.2939,224.5701,65.6201,1
U084,La luna - Josean Log,59.2101,94.1965,140.368,127.8757,106.2823,598.0601,248.5532,491.7779,0
U036,Sabes - Alex Ubago,61.8251,74.2883,165.0052,161.8371,140.1944,211.6046,78.4699,71.4102,0
U093,Back to black - Amy Winehouse,74.9218,80.4089,96.9093,89.143,52.2466,88.2019,102.714,140.4485,0
U074,Sin miedo a nada - Alex Ubago,68.8065,172.3448,20.4197,28.8961,13.7439,56.3639,268.8727,70.1078,1
U106,Una y otra vez - Manuel Medrano,54.3983,5.3423,56.7564,21.8444,52.6825,91.0267,71.3273,38.3442,1
U063,Fecha de caducidad - Melendi,41.9008,267.8606,49.031,68.0308,101.5613,20.7437,187.014,122.305,0
U112,Yes or no - Jung Kook,60.427,157.3841,126.6306,122.7371,114.3263,58.7141,308.2897,55.6123,0
U020,Summertime sadness - Lana del rey,80.7206,365.363,1.319,0.6754,63.2995,126.7636,433.7273,63.4641,1
U031,Ya para que - Greeicy,12.2558,609.6836,123.8154,98.6939,149.3752,120.3025,727.6333,29.0727,0
U116,Hate you - Jung Kook,62.1714,29.432,22.6382,42.8202,60.1461,44.2544,91.7853,104.4004,1
U109,Too sad to dance - Jung Kook,63.9218,615.0347,145.2339,104.3828,99.3557,33.437,731.3244,65.9188,0
U117,La ley del monte - Vicente Fernandez,51.2882,67.1361,4.6512,3.1314,43.7359,26.0169,39.9637,17.719,1
U088,Pobre pistolita - Paquita la del barrio,62.9902,223.7738,40.9263,46.8012,53.1227,64.6131,310.6932,117.7359,0
U070,Cheque al portamor - Melendi,56.7316,42.0688,28.9361,32.4517,3.8824,48.4449,148.5332,44.5625,1
U029,Ultraviolence - Lana del rey,82.3671,139.9237,24.2926,93.1066,23.4034,21.9358,220.0257,45.3392,1
U054,Tears dry on their own - Amy Winehouse,43.1315,134.5871,48.6393,56.7325,48.445,71.538,157.8128,23.093,1
U056,Borracho te recuerdo - Vicente Fernandez,15.0001,10.1961,57.2427,89.3487,1.0257,104.9857,1.7228,106.0114,0
U001,Cola - Lana del rey,4.7855,564.5278,169.0429,128.2472,162.6689,303.6318,581.4679,140.9629,0
U117,Combustion - Josean Log,51.2882,153.8315,63.3601,74.8412,96.7951,25.1916,126.6591,71.6035,0
U109,Amor viejo - Kevin Kaarl,65.0651,120.0967,5.3151,20.2433,2.2674,92.672,237.5297,94.9394,1
U093,Somedoy - Jung Kook,63.5622,172.3177,67.637,66.6358,19.9578,12.8546,161.3722,32.8124,1
U107,Stronger than me - Amy Winehouse,22.9824,535.8501,107.1747,108.7817,113.2519,109.3349,570.0203,3.917,0
U085,Es que yo te quiero a ti - Kevin Kaarl,80.9332,602.1703,0.7044,24.6447,105.1393,39.3336,789.1427,144.4728,0
U073,Milagrosa - Milo J,59.2467,647.5338,25.8064,17.5775,36.7221,51.3977,793.6115,88.1198,0
U047,Bajo el agua - Manuel Medrano,84.5936,266.2104,106.8892,118.1787,106.3486,196.2631,182.6447,89.9145,0
U075,Desde que estamos juntos - Melendi,67.6972,375.3834,202.7998,232.4364,106.1872,203.842,490.8011,97.6548,0
U007,Para siempre - Vicente Fernandez,68.0895,3.6209,18.1027,30.9189,7.9694,55.6661,163.4075,63.6355,1
U059,In my bed - Amy Winehouse,39.5013,387.0474,45.6394,4.7208,56.368,26.1967,424.381,30.1713,1
U107,Quiero + - Greeicy,72.1148,492.419,57.7547,65.3658,77.5102,63.8645,575.7217,13.6457,0
U059,My you - Jung Kook,45.4847,316.9662,12.7323,31.999,18.103,51.6855,360.2832,69.7885,1
U069,Retirada - Milo J,81.1035,65.3643,39.054,102.8649,126.1976,22.9094,12.0984,103.2882,0
U071,Rehab - Amy Winehouse,6.9547,156.623,74.506,58.5825,85.5066,122.1657,140.7782,207.6724,0
U100,Sigo aqui - Alex Ubago,60.9263,106.5039,30.0064,36.1638,16.6475,107.2259,233.0023,90.5782,1
U034,From the start - Laufey,48.9589,37.587,117.652,130.6065,114.7941,13.4334,19.4257,128.2274,0
U038,Te quiero tanto - Kevin Kaarl,60.5,322.7503,28.6369,52.2597,62.8184,25.8648,384.3365,36.9536,1
U057,Que le den candela - Celia Cruz,2.1456,167.3452,31.1874,19.5112,27.3482,219.6416,105.9509,192.2934,0
U050,The girl is mine - Michael Jackson,84.5936,94.0453,34.7513,24.5224,66.1053,34.638,9.6741,100.7433,1
U066,In a lake portuguese -  Mitski,7.0393,180.8022,66.9679,91.3311,11.535,443.2383,132.7292,431.7033,0
U106,Yes or no - Jung Kook,50.9082,106.9008,103.8729,91.7774,98.3524,41.1201,180.0803,57.2324,0
U088,Remember the time  Michael Jackson,62.9902,552.8418,70.5033,32.5353,46.717,176.1943,639.7612,129.4773,0
U009,Si pudiera - Manuel Medrano,84.5936,266.9741,230.7554,254.2954,223.2022,409.5297,338.31,186.3275,0
U003,Bored - Laufey,81.888,156.9503,1.4537,9.2653,24.9146,77.7161,83.7145,102.6307,1
U097,When we were young - Adele,43.9037,474.2765,158.6276,167.6988,79.7907,24.5357,530.1915,55.255,0
U077,Te quiero tanto - Kevin Kaarl,32.3816,318.3787,3.569,23.2993,27.1016,100.9924,350.7603,128.094,1
U118,Sin remitente - Melendi,52.0939,46.0132,28.2014,1.0561,21.0569,8.1131,99.3448,29.17,1
U079,Hate you - Jung Kook,29.8535,113.847,132.7006,125.2646,96.4479,29.9633,152.7684,126.4111,0
U010,Brooklyn baby - Lana del rey,8.0795,583.1887,192.9317,200.5195,106.2999,207.9713,606.3993,101.6714,0
U044,From the start - Laufey,18.6661,5.1863,38.7933,8.6987,99.9796,11.7008,3.5669,88.2788,1
U026,Los consejos - Greeicy,60.9706,71.3565,47.3898,60.2538,3.0499,32.1679,147.0974,35.2177,1
U088,MAI - Milo J,62.6113,333.1752,13.6009,32.7623,9.617,16.2619,419.7157,25.879,1
U014,Nobody - Mitski,84.5936,0.1418,4.5128,13.9814,58.7855,106.6397,95.8751,47.8542,1
U001,Only girl - Rihanna,41.1586,564.5278,209.3358,186.785,168.8552,239.5694,617.841,70.7143,0
U021,Summertime sadness - Lana del rey,52.5878,212.3601,23.0388,16.1646,2.384,237.8967,118.8858,235.5127,0
U023,Washin machine - Mitski,11.9824,489.0397,10.6405,15.1189,32.746,41.1472,477.5234,73.8932,1
U028,Love in the dark - Adele,54.5809,470.048,175.17,144.3238,87.6568,189.1008,582.4267,101.444,0
U110,La distancia - Manuel Medrano,77.6194,307.096,13.9157,11.4234,58.3823,88.119,403.6099,29.7367,1
U015,Cinnamon girl - Lana del rey,74.4325,68.7852,9.1711,44.2071,71.6829,65.4613,125.4709,6.2216,1
U012,Too little too late - Laufey,20.8323,69.2494,1.1324,23.4181,18.4699,98.2563,45.7277,116.7261,1
U040,Colapso - Kevin Kaarl,44.7784,104.205,15.1398,9.2038,10.1231,22.3789,37.8208,32.5021,1
U031,Un violinista en tu tejado - Melendi,76.1597,11.9999,35.827,47.002,22.4735,56.2477,169.8537,78.7212,1
U045,Love on the brain - Rihanna,68.532,31.4088,6.3125,29.14,19.0599,79.3095,23.6574,98.3694,1
U045,Niño - Milo J,62.199,534.947,197.5892,214.5037,100.5881,321.7272,533.5286,221.1391,0
U011,Limonar - Greeicy,40.0,218.0438,10.3298,13.6869,65.0239,0.6481,261.8372,65.672,1
U042,Standing next to you - Jung Kook,84.0393,164.2018,29.3493,78.3499,43.9565,125.7245,29.2909,169.681,0
U032,Taco placero - Paquita la del barrio,75.3734,15.9812,18.5747,5.6993,33.8606,193.5141,59.3923,159.6535,1
U036,Easy on me - Adele,61.8251,205.3674,3.3535,12.7712,35.4609,16.5192,201.1858,18.9417,1
U102,Just friends - Amy Winehouse,80.7043,229.017,44.0029,69.711,90.6147,324.4875,281.5385,415.1022,0
U035,Nobody - Mitski,71.2139,27.8488,95.9086,77.9622,97.1975,184.8458,137.7952,87.6483,0
U050,"Volver, volver - Vicente Fernandez",84.5936,428.315,3.8728,0.1943,23.796,52.4424,512.6862,76.2384,1
U005,Si supieras - Kevin Kaarl,28.6144,124.3337,25.0969,29.7295,29.0407,21.0945,104.1328,50.1352,1
U035,Rincon - Milo J,71.2139,91.2906,31.6363,44.5007,0.3751,22.9336,18.6557,23.3087,1
U068,Tierra - Josean Log,36.1812,373.5023,46.3562,38.5321,62.2446,4.7377,349.1127,57.507,1
U108,Tres veces te engañe - Paquita la del barrio,65.788,282.2972,48.9572,16.8346,5.329,64.8273,314.3397,70.1563,1
U079,Sin remitente - Melendi,45.9075,125.9125,31.7868,5.5988,37.9121,154.2179,70.9371,192.13,1
U067,Combustion - Josean Log,67.7894,491.9539,32.6024,9.6832,18.0124,12.4328,635.2088,5.5796,1
U097,In a lake portuguese -  Mitski,42.7003,440.0414,73.2262,75.7282,70.9907,144.5511,409.3523,215.5418,0
U033,Sigo aqui - Alex Ubago,67.8672,252.9988,93.9482,91.0124,101.3063,478.2751,266.9558,376.9689,0
U072,Hombres malvados - Paquita la del barrio,65.2113,234.11,20.3597,6.5803,83.1289,436.7053,406.6286,519.8341,0
U030,My love mine all mine - Mitski,42.5124,145.0783,96.4269,114.7798,118.2498,110.6282,179.8544,7.6216,0
U060,Brooklyn baby - Lana del rey,4.7488,275.5105,65.9448,59.1774,26.9415,160.563,170.5922,133.6214,0
U094,Rara vez - Milo J,60.8547,275.2178,8.1995,2.848,33.7153,0.4258,376.8217,34.141,1
U001,In my bed - Amy Winehouse,24.8041,515.0344,104.7762,78.4511,137.7769,104.3688,551.9932,33.4081,0
U103,Send my love - Adele,72.9647,329.7997,142.0221,98.805,142.2077,199.1512,508.3538,56.9435,0
U011,Rolling in the deep - Adele,84.5936,516.3447,108.5092,89.9666,108.9221,107.2983,604.7317,1.6238,0
U089,Thriller - Michael Jackson,78.3497,347.9781,15.4862,17.9511,123.8256,47.209,413.4276,76.6165,0
U055,"Volver, volver - Vicente Fernandez",59.0821,586.8527,99.7216,82.5627,35.391,136.0221,684.892,100.631,0
U118,Que le den candela - Celia Cruz,6.6858,598.3814,151.2773,120.7219,88.7152,120.6963,684.9597,31.9811,0
U032,Los consejos - Greeicy,75.3734,26.6095,1.2191,27.2319,43.2945,209.1035,48.7639,252.3981,0
U031,Quedate - Manuel Medrano,76.1597,10.4322,23.3597,33.8006,37.5509,16.129,192.2858,21.4219,1
U037,Los besos - Greeicy,36.1649,413.1965,107.8791,100.2079,106.4102,42.2585,474.0794,64.1516,0
U082,A gritos de esperanza - Alex Ubago,80.1403,24.9403,15.1489,12.1551,35.2103,3.3838,121.4202,31.8265,1
U056,Cinnamon girl - Lana del rey,4.839,227.937,156.6544,147.2201,107.6962,255.6403,226.2492,147.9441,0
U056,Por si acaso no regreso - Celia Cruz,26.462,387.4876,143.1056,117.7833,107.6962,338.9966,354.4987,231.3004,0
U040,Let you break my heart again - Laufey,49.0148,477.9499,150.7092,163.0517,97.9541,211.4725,450.5408,113.5185,0
U077,"Volver, volver - Vicente Fernandez",32.3816,491.7512,81.77,84.5922,64.1971,38.2633,524.1328,102.4604,0
U002,You da one - Rihanna,56.0671,213.5072,80.1002,33.1069,133.3764,176.2574,254.7926,309.6338,0
U008,Loba - Shakira,23.3973,345.6493,105.3367,91.0637,114.0454,23.2288,349.6753,90.8166,0
U029,Quiero + - Greeicy,82.3671,371.4193,8.7562,37.8632,26.6076,21.9358,451.5213,4.6718,1
U082,In my blood - Shawn Mendes,80.5192,543.9543,56.218,25.191,18.5671,141.253,690.6937,122.6858,0
U020,Stitches - Shawn Mendes,81.4806,24.0606,31.5332,2.2718,87.6492,149.9393,45.0637,62.2902,1
U036,Si pudiera - Manuel Medrano,61.8251,114.4042,192.6406,174.6156,155.0454,270.4908,110.2226,115.4454,0
U045,Just friends - Amy Winehouse,64.6427,135.0935,67.2347,94.7067,12.576,198.9455,138.9556,211.5215,0
U040,Si pudiera - Manuel Medrano,44.7784,506.5613,4.0593,10.3508,20.356,13.9184,572.9454,34.2745,1
U029,Hombres malvados - Paquita la del barrio,82.3671,100.5618,20.4424,49.9106,67.766,12.9826,20.4598,54.7833,1
U018,La distancia - Manuel Medrano,80.3973,3.6038,168.7706,153.187,101.5465,436.6862,28.335,335.1397,0
U102,Stronger than me - Amy Winehouse,35.4612,278.5104,0.9262,17.9832,101.0797,236.2499,285.7887,337.3296,0
U076,Si pudiera - Manuel Medrano,52.1989,519.1636,14.1007,30.4351,9.6322,46.9586,629.0311,37.3264,1
U068,Sabes - Alex Ubago,36.1812,138.8169,45.1758,80.622,33.0108,32.4346,163.2065,65.4455,1
U032,West coast - Lana del rey,69.8644,195.9582,25.1038,28.6763,62.9873,98.7311,265.8226,35.7438,1
U037,Rincon - Milo J,62.7244,96.5669,14.934,34.513,18.4585,87.8242,9.1246,69.3657,1
U111,Valentine - Laufey,61.0367,94.6958,65.4307,62.521,50.5839,81.3409,64.297,131.9248,0
U059,El chofer - Vicente Fernandez,55.4329,171.2443,8.7831,30.5685,18.5917,3.8099,117.9791,14.7818,1
U063,Soltera - Shakira,41.9008,137.0709,43.4168,53.4411,1.9019,101.9335,56.2243,103.8353,1
U088,Amor viejo - Kevin Kaarl,62.9902,89.1047,47.2835,70.3769,16.2437,59.4728,176.0241,43.2291,1
U054,Me enamore - Shakira,22.175,188.76,18.2142,34.9118,13.0355,30.3854,191.0292,17.3499,1
U063,When we were young - Adele,41.9008,176.8974,54.5331,65.1327,30.8785,135.6562,96.0508,166.5347,0
U097,La promesa - Melendi,43.9037,204.9708,26.6234,20.4678,22.5796,96.4111,260.8858,73.8315,1
U084,Say yes to heaven - Lana del rey,42.6842,240.127,13.3117,92.4067,15.0162,351.7226,69.2444,366.7388,0
U103,Si supieras - Kevin Kaarl,75.6635,70.6885,12.2865,34.0551,25.3254,36.7648,251.9414,11.4394,1
U016,Taco placero - Paquita la del barrio,62.3968,94.9223,41.7284,49.9041,47.3556,30.9477,185.3985,78.3033,1
U018,Hate you - Jung Kook,64.3433,205.6983,105.3566,79.1158,30.251,323.4791,189.8135,293.228,0
U083,Chachacha - Josean log,84.5936,38.5369,21.5846,26.8715,6.208,32.1622,55.5348,38.3703,1
U012,Billie Jean - Michael Jackson,32.7597,238.2874,31.9505,28.4631,35.5012,60.1138,135.2376,95.6151,1
U026,Sin remitente - Melendi,60.9706,128.5152,34.7498,46.3029,61.2715,29.7189,52.7743,31.5526,1
U091,Rincon - Milo J,50.3965,51.5847,14.5353,2.9085,9.9391,16.0923,44.0848,6.1533,1
U051,Yes or no - Jung Kook,65.6806,223.367,55.1859,75.5672,37.4286,456.1378,216.4546,418.7093,0
U020,Bitch better have my money - Rihanna,55.9775,365.363,86.2276,132.6765,69.6398,37.0616,408.9841,106.7014,0
U044,Amor viejo - Kevin Kaarl,84.5936,67.6604,112.4014,163.6368,10.2664,148.4181,169.3008,138.1517,0
U033,Rata de dos patas - Paquita la del barrio,67.8672,224.4665,3.988,5.553,31.0423,394.99,210.5095,363.9476,0
U119,Why why why - Shawn Mendes,84.5936,310.8344,16.8014,66.3932,6.5545,44.3887,391.183,37.8342,1
U034,Gitana - Shakira,41.4749,238.9922,109.0247,120.0694,125.8814,26.5568,311.2648,152.4381,0
U099,"Volver, volver - Vicente Fernandez",80.1763,353.8028,8.1329,29.4314,23.9105,47.7063,421.0424,71.6168,1
U012,I bet on losing dogs - Mitski,31.6164,207.0865,25.6631,38.2946,92.4148,104.1188,102.8934,11.7039,1
U106,Combustion - Josean Log,54.3983,459.4941,49.346,35.5454,11.301,19.4964,536.1637,30.7974,1
U107,Promise - Laufey,72.1148,529.5376,84.3315,67.0572,96.4877,66.1353,612.8403,30.3524,0
U087,Smooth criminal - Michael Jackson,45.6068,185.7344,65.8962,104.4145,147.5363,25.8984,134.5863,121.6379,0
U009,Love is a losing game - Amy Winehouse,2.317,376.5147,107.0902,131.2024,67.7611,314.0521,387.4553,246.2909,0
U104,Pobre pistolita - Paquita la del barrio,33.0441,90.3212,27.4668,44.9483,63.4524,77.3881,118.0905,13.9357,1
U068,Un violinista en tu tejado - Melendi,36.1812,203.2109,59.5044,73.3333,14.8278,46.3633,178.8213,31.5354,1
U032,Stitches - Shawn Mendes,75.3734,71.9209,1.3493,25.6355,12.5776,185.445,147.2943,198.0227,1
U094,Fecha de caducidad - Melendi,60.8547,605.129,40.226,22.22,10.2184,129.5511,706.7329,119.3327,0
U117,Quiero + - Greeicy,51.2882,224.3186,8.4596,5.4241,1.2037,37.1762,197.1462,35.9725,1
U003,Beso - Josean Log,81.888,325.5924,85.0039,61.4337,89.1643,210.1627,252.3566,120.9984,0
U093,Para siempre - Vicente Fernandez,79.6162,396.5879,169.1994,151.3163,75.6524,124.2917,369.5884,48.6393,0
U023,Los besos - Greeicy,58.0341,325.3715,9.7958,7.2586,59.5325,88.8633,383.8718,148.3957,1
U021,First love late spring - Mitski,53.3478,313.0262,110.2182,70.7909,107.7024,288.517,405.7405,180.8146,0
U082,Aunque no te pueda ver - Alex Ubago,77.0291,508.5119,7.1268,30.5199,15.2901,39.7644,651.7611,24.4744,1
U051,In my blood - Shawn Mendes,69.1707,187.6237,72.1294,95.735,101.6022,372.4429,198.0262,270.8408,0
U096,Dead women - Mitski,45.1872,206.1013,97.8748,107.8256,64.1222,636.9275,129.0776,572.8052,0
U118,Desde que estamos juntos - Melendi,52.0939,54.172,41.0841,16.4991,12.836,4.5494,199.53,8.2866,1
U119,Mercy - Shawn Mendes,84.5936,195.3619,21.6667,6.5062,7.5092,68.5207,275.7105,61.0115,1
U041,Standing next to you - Jung Kook,84.5936,311.3922,56.5014,43.4778,101.158,126.8796,378.598,228.0376,0
U088,I'll change for you - Mitski,7.0469,584.0427,124.7498,120.3526,67.2225,130.6896,615.0188,63.467,0
U062,In a lake portuguese -  Mitski,62.7635,298.9407,34.1794,47.0123,45.646,43.6153,225.6293,2.0307,1
U071,Pobre pistolita - Paquita la del barrio,23.9542,90.034,38.6646,43.4683,43.4068,102.5651,105.0981,59.1582,1
U024,Lo hecho esta hecho - Shakira,40.6325,204.3849,16.0892,13.8777,31.7596,52.3532,34.1013,84.1128,1
U093,I bet on losing dogs - Mitski,78.4729,202.0431,121.9154,98.9745,39.0684,100.0294,227.8993,60.9609,0
U063,La negra tiene tumbao - Celia Cruz,11.2708,165.3536,24.0476,10.5238,16.9519,43.786,31.3353,26.834,1
U016,Pierdeme el respeto - Paquita la del barrio,62.3968,147.031,16.2142,25.9935,73.4001,23.0629,237.5071,96.463,1
U020,Borracho te recuerdo - Vicente Fernandez,81.4806,93.8342,37.4707,2.2718,126.6355,159.9967,24.7099,33.3612,1
U058,Un violinista en tu tejado - Melendi,51.3542,2.4312,1.0063,1.9145,9.2156,17.06,99.0635,7.8444,1
U052,Brooklyn baby - Lana del rey,33.1449,613.1287,143.4632,150.98,76.3169,234.0678,722.9188,157.751,0
U029,Retirada - Milo J,78.877,55.2867,2.0441,10.0049,30.7988,120.9791,21.3252,151.7779,1
U045,Ya para que - Greeicy,4.6281,184.5869,25.0979,48.7406,52.9272,151.6235,128.4344,204.5507,0
U012,Chicago - Michael Jackson,32.7597,27.3895,4.7166,58.4624,24.6897,9.5577,75.6603,15.132,1
U039,Los besos - Greeicy,39.6496,89.4899,72.024,66.2403,3.2731,262.7689,52.0312,259.4958,0
U064,Sangre para derramar - Milo J,56.1636,313.5421,19.2723,17.6667,19.5453,62.0794,464.0323,42.5341,1
U085,Milagrosa - Milo J,69.4513,608.4828,32.071,47.8236,39.1209,65.2335,783.9732,26.1126,0
U101,Hello - Adele,52.5236,469.5263,156.7607,144.1747,100.4806,206.6355,526.7471,106.1549,0
U023,Chicago - Michael Jackson,84.5936,278.1418,19.4865,43.4559,6.6437,28.9073,363.2015,35.551,1
U069,Pierdeme el respeto - Paquita la del barrio,84.5936,20.4442,98.8484,115.2308,187.0072,176.6159,60.5086,10.3913,0
U058,Alguien como tu - Josean Log,51.3542,46.5077,7.7195,6.2137,45.4474,48.3181,148.0024,93.7655,1
U007,Azul celeste - Paquita la del barrio,68.0895,216.6727,89.1908,106.7422,2.9041,123.1817,383.7011,120.2777,0
U008,Soltera - Shakira,23.3973,264.353,100.9058,92.9732,96.5894,35.3688,268.379,131.9583,0
U057,Como hacer para olvidarte - Manuel Medrano,53.9353,87.5246,154.734,154.2394,86.1956,407.3365,92.838,321.1409,0
U020,Es que yo te quiero a ti - Kevin Kaarl,81.4806,359.0505,83.3801,74.9484,165.3407,177.3839,428.1748,12.0433,0
U066,Bajo el agua - Manuel Medrano,79.5647,384.1761,147.2954,159.7169,74.8442,529.0333,345.645,454.189,0
U014,Rata de dos patas - Paquita la del barrio,84.5936,522.9495,13.1232,5.507,50.1677,71.8613,618.9663,21.6937,1
U116,Que me perdone tu perro - Paquita la del barrio,78.2254,477.4982,15.2413,0.9007,33.8423,93.0211,555.9055,59.1788,1
U054,Love on the brain - Rihanna,84.5936,103.554,11.4222,11.5251,7.8335,1.5212,168.2418,6.3123,1
U119,Me arrepiento - Alex Ubago,84.5936,142.4435,97.9261,117.0672,69.0948,152.7226,62.0949,83.6278,0
U017,Mas fuerte - Greeicy,18.409,522.4712,117.5368,140.6023,128.7226,47.6431,505.1718,176.3656,0
U062,First love late spring - Mitski,23.8405,101.2473,15.5527,18.3105,71.1272,72.3798,87.9546,143.507,1
U035,Los consejos - Greeicy,71.2139,94.187,52.6006,58.0678,60.7057,66.7823,204.1333,6.0765,0
U068,Stitches - Shawn Mendes,36.1812,29.049,26.5014,18.3212,0.7127,86.9228,53.4386,86.2101,1
U004,Estos celos - Vicente Fernandez,67.138,96.5457,11.1461,27.53,29.8688,57.7788,42.2682,87.6477,1
U086,Somedoy - Jung Kook,68.5396,78.2683,5.634,23.6375,57.1172,74.5314,148.0373,17.4142,1
U080,La negra tiene tumbao - Celia Cruz,41.6178,308.3603,103.7346,77.5147,67.0404,95.1923,238.1292,162.2328,0
U084,Easy on me - Adele,59.2101,240.127,2.1905,15.1543,17.5577,399.5428,85.7703,417.1005,0
U008,Chicago - Michael Jackson,23.3973,184.2448,62.6091,20.0566,65.3745,37.8595,188.2708,103.234,1
U110,Taco placero - Paquita la del barrio,77.6194,75.742,10.9303,28.0061,64.5561,21.6903,172.256,42.8658,1
U113,Un violinista en tu tejado - Melendi,59.4279,164.1958,70.346,89.3623,24.0827,167.3992,105.2383,191.4819,0
U049,La vida es un carnaval - Celia Cruz,35.0617,607.9222,166.2532,171.2771,132.6294,141.8517,674.9576,9.2223,0
U012,Colapso - Kevin Kaarl,32.7597,463.4421,134.4318,172.773,105.3975,191.1359,566.4918,85.7384,0
U053,Thriller - Michael Jackson,74.3209,333.949,12.7167,2.7535,32.3112,69.9211,382.8088,102.2323,1
U018,Sigo aqui - Alex Ubago,80.3973,266.2983,162.1726,149.4075,72.9552,385.8469,234.3595,312.8918,0
U067,Top of the world - Shawn Mendes,67.7894,54.718,37.2884,20.2088,10.3455,27.934,197.9729,17.5885,1
U040,Alguien como tu - Josean Log,44.7784,24.7799,15.9607,34.7172,41.985,25.2648,91.164,67.2499,1
U102,Una y otra vez - Manuel Medrano,84.5936,300.2442,97.8363,144.5172,31.3227,272.5578,243.8334,303.8805,0
U091,Limonar - Greeicy,5.8029,323.546,123.1137,105.477,85.6307,159.3007,374.6219,73.6699,0
U033,Easy on me - Adele,67.8672,255.6674,40.9053,40.2389,18.6232,314.0194,241.7104,295.3962,0
U011,Just friends - Amy Winehouse,80.7043,466.8513,3.0413,7.208,70.0778,66.7246,551.349,136.8024,1
U046,La distancia - Manuel Medrano,73.1014,322.9735,9.4423,11.8881,34.1041,49.9175,424.9694,15.8134,1
U038,Una y otra vez - Manuel Medrano,60.5,76.3193,10.7495,11.0991,32.4066,43.756,14.7331,76.1626,1
U078,Never be alone - Shawn Mendes,84.5936,257.867,174.9424,188.4309,85.0517,473.4327,257.9152,388.381,0
U026,I am - Milo J,58.2718,480.0252,45.6304,71.7829,74.6648,103.7132,553.0673,29.0485,0
U021,Never be alone - Shawn Mendes,53.3478,212.3601,97.6421,96.2141,61.1284,301.4292,119.6458,240.3008,0
U113,La distancia - Manuel Medrano,59.4279,211.516,29.1102,57.0735,0.6412,108.6109,270.4735,107.9697,1
U094,No me culpes por sentir - Kevin Kaarl,60.8547,151.5803,18.0833,0.3857,21.4691,12.7319,49.9764,34.201,1
U093,La mujer que bota fuego - Manuel Medrano,79.6162,420.2028,208.2114,202.1372,31.6411,214.1443,393.2033,182.5031,0
U108,Retirada - Milo J,62.2979,150.5062,15.1079,73.2582,60.4842,111.0493,121.9538,50.5651,1
U024,Rie y llora - Celia Cruz,44.5611,198.0724,88.1075,101.8611,12.9059,247.7309,31.7174,234.825,0
U089,Back to black - Amy Winehouse,73.6553,195.143,9.259,38.6663,36.1706,160.8016,255.8981,124.6311,0
U011,Amor viejo - Kevin Kaarl,84.5936,21.4067,138.049,153.87,27.0105,190.8105,109.7937,163.8,0
U047,Azul celeste - Paquita la del barrio,84.5936,14.4279,2.8511,1.2188,129.9133,28.9025,97.9936,101.0108,1
U046,Tres veces te engañe - Paquita la del barrio,73.1014,531.6115,132.6336,72.4203,49.6424,338.2095,633.6074,288.5671,0
U064,Tierra - Josean Log,56.9236,166.428,33.7783,54.2338,37.2708,47.3955,15.1778,10.1247,1
U070,Gitana - Shakira,43.9057,273.7024,133.4421,134.1165,115.2802,55.9521,367.3409,59.3281,0
U046,Quedate - Manuel Medrano,73.1014,30.3062,19.3262,30.9755,69.4046,68.5871,71.6897,0.8175,1
U064,Por si acaso no regreso - Celia Cruz,15.4615,564.0334,186.5613,139.5217,95.4221,268.2185,673.8214,172.7964,0
U002,Las de la intruicion - Shakira,56.0671,263.5454,71.2555,51.9308,97.4276,119.1701,304.8307,216.5977,0
U039,La ley del monte - Vicente Fernandez,66.2091,52.5445,72.2027,75.0464,10.2626,251.9272,41.6452,241.6647,0
U095,Just friends - Amy Winehouse,51.5217,403.7731,49.3379,39.6818,20.9248,28.7802,454.2548,49.705,1
U069,Colapso - Kevin Kaarl,84.5936,296.9567,163.8033,202.6603,152.8661,265.5759,216.0038,112.7098,0
U115,Sigo aqui - Alex Ubago,50.4293,106.667,36.7225,38.3485,11.6301,88.9226,217.7456,100.5525,1
U014,Quiero + - Greeicy,84.5936,510.7193,13.5085,19.085,37.3101,50.944,606.7361,13.6339,1
U063,My love mine all mine - Mitski,0.1804,51.8649,22.057,38.1843,46.0167,4.6661,71.0629,41.3506,1
U017,Aunque no te pueda ver - Alex Ubago,36.1653,431.508,20.6053,15.7829,21.9826,86.3233,468.7829,108.3057,1
U003,La ley del monte - Vicente Fernandez,81.888,154.485,1.3557,17.8208,55.7922,136.88,227.7208,192.6722,1
U079,Sin miedo a nada - Alex Ubago,45.9075,156.3515,79.7494,36.7138,45.9652,58.3206,211.3269,104.2857,0
U080,Beso - Josean Log,11.5538,269.8237,7.9595,10.1693,82.0855,161.9325,286.8831,79.847,0
U108,La luna - Josean Log,65.788,14.6926,70.9601,78.8336,101.6411,306.722,17.3499,205.081,0
U034,Tears dry on their own - Amy Winehouse,12.8387,410.0365,102.3257,125.2923,67.5088,0.1528,453.6729,67.3559,0
U005,Bajo el agua - Manuel Medrano,28.6144,257.0982,46.6141,41.7261,36.3404,52.9282,236.8973,16.5877,1
U020,Los consejos - Greeicy,81.4806,122.591,31.6634,0.6754,56.9323,173.5978,53.4667,116.6656,1
U105,Tears dry on their own - Amy Winehouse,41.1522,109.141,38.2363,48.0889,40.4083,66.5562,122.8837,106.9645,1
U023,Soltera - Shakira,84.5936,358.25,18.8102,29.4607,37.8586,26.4166,443.3097,64.2753,1
U082,Quedate - Manuel Medrano,80.5192,0.2237,25.1599,36.2964,50.2121,33.5745,146.9631,16.6376,1
U021,Diamonds - Rihanna,53.3478,187.3275,1.0283,34.3818,44.2763,235.7159,94.6132,279.9922,0
U009,Ultraviolence - Lana del rey,84.5936,83.0106,90.7499,70.9431,178.9054,257.446,154.3465,78.5406,0
U120,Las de la intruicion - Shakira,57.3892,119.7134,36.285,79.5968,43.0446,307.4648,21.9732,350.5094,0
U111,Vamonos a marte - Kevin Kaarl,60.6578,453.5375,151.8287,155.9764,9.8981,160.3999,612.9092,150.5018,0
U037,Vamonos a marte - Kevin Kaarl,62.3455,96.5669,5.39,30.9462,1.3161,5.637,9.5035,4.3209,1
U030,Nobody - Mitski,84.5936,193.2182,54.8273,57.6145,80.5074,11.2214,116.3608,91.7288,1
U095,Que le den candela - Celia Cruz,3.3687,409.8354,58.6442,46.312,9.9316,18.5418,405.4267,28.4734,1
U057,Love is a losing game - Amy Winehouse,25.6425,523.6757,47.6409,22.8454,39.3648,280.8025,608.5668,320.1672,0
U083,Desde que estamos juntos - Melendi,84.5936,56.464,60.1235,62.077,56.483,15.1635,37.6077,41.3195,1
U099,The girl is mine - Michael Jackson,80.1763,168.5575,39.0114,53.7595,18.3988,65.5107,101.3179,47.1119,1
U051,No me culpes por sentir - Kevin Kaarl,69.1707,513.5648,163.6739,166.1246,152.5823,572.957,503.1623,420.3747,0
U078,Smooth criminal - Michael Jackson,84.5936,251.5545,62.8838,119.3653,93.9291,185.3043,251.6027,91.3752,0
U098,Que me perdone tu perro - Paquita la del barrio,84.5936,503.7038,30.3362,13.2915,36.9422,13.6987,591.6685,50.6409,1
U059,Te busco audio - Celia Cruz,61.1362,417.7122,22.4695,33.4213,12.1865,108.2274,476.6807,120.4139,0
U018,Tres veces te engañe - Paquita la del barrio,80.3973,205.0342,45.5793,68.8786,17.8,48.5592,236.973,30.7592,1
U009,My love mine all mine - Mitski,42.5124,141.9416,129.8646,178.2482,145.1614,323.5999,171.1963,178.4385,0
U079,Brooklyn baby - Lana del rey,12.1763,561.9132,198.2754,182.1897,121.6088,46.9055,583.1574,74.7032,0
U052,Fragile - Laufey,66.4972,504.8996,124.5525,118.5053,102.9424,180.0299,648.042,77.0875,0
U050,Promise - Laufey,84.5936,428.315,24.2415,17.8843,22.5131,52.4424,512.6862,29.9293,1
U095,Bored - Laufey,55.411,58.7824,56.2034,47.9937,7.3027,61.9916,4.4114,54.6889,1
U079,Washin machine - Mitski,50.6685,561.9132,151.6579,121.9304,133.8853,4.2482,520.3126,138.1335,0
U103,Tierra - Josean Log,75.6635,163.8743,19.1007,10.1911,17.4269,13.0857,17.3786,30.5126,1
U030,Por si acaso no regreso - Celia Cruz,43.1315,299.5605,18.0797,50.6707,77.9805,140.7699,334.9556,218.7504,0
U079,La promesa - Melendi,45.9075,201.6443,60.2207,30.9706,7.651,76.7417,256.6197,84.3927,1
U017,Sin remitente - Melendi,39.6554,165.3545,20.4127,16.5008,4.5406,152.0401,124.5894,156.5806,1
U011,Billie Jean - Michael Jackson,84.5936,516.3447,21.4481,2.2497,30.6225,83.6691,604.7317,53.0467,1
U018,Beat it - Michael Jackson,80.3973,242.3679,16.4133,53.1566,132.4052,4.8092,274.3067,127.5959,1
U041,La mujer que bota fuego - Manuel Medrano,84.5936,298.6235,132.7967,126.1136,3.6653,431.8875,231.4177,428.2221,0
U100,Rincon - Milo J,60.9263,58.2615,16.1887,9.2221,1.2931,17.51,68.2369,18.803,1
U117,Rie y llora - Celia Cruz,21.4856,261.4372,8.8627,23.3986,25.206,2.5719,204.4622,22.6341,1
U056,Niño - Milo J,8.6671,270.5328,35.6745,22.373,4.1935,11.7965,268.3925,7.603,1
U047,Summertime sadness - Lana del rey,83.8336,423.9662,10.8856,23.8684,54.4942,31.0833,506.7719,23.4108,1
U013,Quedate - Manuel Medrano,52.7759,29.3784,8.1111,11.4834,72.9402,25.3918,38.4665,98.3321,1
U089,Cola - Lana del rey,34.3897,347.9781,72.7344,6.1715,12.2744,52.7883,369.4675,40.5138,1
U020,Hombres malvados - Paquita la del barrio,81.4806,150.0492,5.3095,26.1628,0.7575,120.1832,80.9249,119.4256,1
U042,Waka waka - Shakira,53.1304,176.432,26.4207,126.4899,50.9057,30.4969,10.6122,20.4088,1
U073,Me enamore - Shakira,8.31,516.7441,171.8055,163.6883,120.6871,167.3279,611.8852,46.6408,0
U080,West coast - Lana del rey,6.0448,145.481,29.5987,10.1693,100.9594,29.4859,122.9126,71.4735,1
U055,Sabes - Alex Ubago,59.0821,313.5095,4.4254,16.3805,16.7342,40.5538,411.5488,57.2879,1
U058,Azul celeste - Paquita la del barrio,51.3542,209.714,109.1918,120.2526,26.3133,175.7026,311.2087,202.016,0
U069,Man down - Rihanna,31.422,53.0527,11.2912,54.9968,31.707,101.0354,80.8338,69.3284,1
U006,Te quiero tanto - Kevin Kaarl,76.6242,193.1087,84.6188,145.9499,109.5035,269.6138,258.4702,160.1103,0
U055,Como hacer para olvidarte - Manuel Medrano,56.3833,294.8643,6.6379,37.46,1.7045,49.3888,390.2048,47.6844,1
U068,Smooth criminal - Michael Jackson,36.1812,412.1601,94.1709,8.9337,42.5594,334.6944,436.5497,377.2539,0
U005,La vida es un carnaval - Celia Cruz,9.6877,433.0784,94.4273,84.7366,95.0775,123.2828,434.3526,28.2053,0
U104,Top of the world - Shawn Mendes,33.0441,100.564,17.7069,23.8526,24.4027,56.6219,72.7947,32.2193,1
U014,La ley del monte - Vicente Fernandez,84.5936,353.5368,0.3977,10.5295,79.8423,39.7847,449.5536,40.0576,1
U034,There's nothing holding me back - Shawn Mendes,54.3008,42.8413,61.7269,84.4126,25.5079,32.9499,42.2573,58.4577,1
U105,Rata de dos patas - Paquita la del barrio,82.6143,262.9027,18.8086,35.5443,62.1168,52.4909,318.1075,114.6076,1
U067,La mujer que bota fuego - Manuel Medrano,67.7894,47.5747,25.574,37.2475,16.3215,120.786,95.6802,137.1074,1
U075,Sin miedo a nada - Alex Ubago,67.6972,193.3046,167.7199,216.7644,89.9132,120.6072,308.7223,30.6939,0
U087,Un violinista en tu tejado - Melendi,45.6068,429.6366,219.5715,186.6815,119.8047,406.9561,480.7847,287.1514,0
U024,Tres veces te engañe - Paquita la del barrio,74.3637,167.0512,52.165,75.3311,39.1594,61.7933,30.4988,100.9527,1
U038,Sangre para derramar - Milo J,59.74,190.4305,54.2805,73.122,89.3564,110.4602,251.2567,21.1038,0
U035,Te quiero tanto - Kevin Kaarl,71.2139,402.456,8.9892,51.4201,11.295,68.6918,512.4023,57.3968,1
U028,Let you break my heart again - Laufey,39.2123,486.8223,164.043,149.7622,109.3817,227.7192,505.4078,118.3375,0
U013,Desde que estamos juntos - Melendi,52.7759,17.7675,3.9597,22.5476,33.1009,45.6764,50.0774,78.7774,1
U044,Chicago - Michael Jackson,84.5936,351.7005,19.8618,42.0158,58.1781,56.39,453.3409,1.7881,1
U046,First love late spring - Mitski,73.1014,43.5589,2.7529,5.5523,74.8084,2.8643,145.5548,71.9441,1
U005,Sigo aqui - Alex Ubago,28.6144,75.5878,2.7745,4.5984,20.5088,65.4174,55.3869,85.9261,1
U084,Still with you - Jung Kook,59.2101,240.127,62.196,84.3779,3.9356,478.1214,85.7703,482.0571,0
U049,Estos celos - Vicente Fernandez,53.9884,109.4309,51.8408,68.3985,38.6639,67.288,23.4688,105.952,1
U005,Los consejos - Greeicy,28.6144,54.8756,40.8163,52.5842,21.8812,65.4174,34.6747,43.5361,1
U025,Bad - Michael Jackson,67.5389,635.1559,178.1917,168.771,115.7729,303.8027,798.293,188.0299,0
U113,Bored - Laufey,59.4279,54.5612,54.0251,18.6794,97.0111,52.6008,4.3963,44.4103,1
U056,Cola - Lana del rey,28.9599,449.0011,168.5553,147.2201,152.3617,322.5637,413.5143,170.202,0
U006,Como hacer para olvidarte - Manuel Medrano,73.9254,74.4928,105.6393,158.0811,109.5035,392.2956,137.1555,282.7921,0
U028,Rara vez - Milo J,54.5809,276.4857,34.7658,18.194,37.0647,11.5278,388.8644,25.5368,1
U068,Yes or no - Jung Kook,32.6911,48.0389,51.2843,21.5233,58.1006,84.888,27.1394,26.7874,1
U100,Stitches - Shawn Mendes,60.9263,225.7465,68.1784,91.75,28.3206,130.8844,352.2449,102.5636,0
U112,Beso - Josean Log,63.9171,56.7954,53.7554,65.2232,0.2474,15.0162,97.6003,14.7688,1
U005,I am - Milo J,25.9156,353.7931,52.2039,79.4525,49.7337,70.4637,371.2952,20.7301,0
U058,Te busco audio - Celia Cruz,49.0477,600.4237,104.9506,63.5022,45.7107,240.6344,699.6119,194.9237,0
U004,Milagrosa - Milo J,55.6561,620.8074,11.1358,0.8043,25.8382,33.8761,748.1393,59.7143,1
U048,Hombres malvados - Paquita la del barrio,84.5936,132.3761,47.6435,12.9451,28.7273,138.3495,52.0915,167.0768,1
U023,Stitches - Shawn Mendes,84.5936,99.6161,48.2418,26.4902,35.7225,105.5716,184.6758,69.8492,1
U107,Mujeres divinas - Vicente Fernandez,72.1148,34.0084,18.769,7.8747,0.5924,54.132,117.3111,53.5396,1
U083,In my bed - Amy Winehouse,60.6522,481.6831,50.372,35.5156,68.7517,65.9769,551.8134,2.7748,0
U014,Bad - Michael Jackson,84.5936,547.8379,67.2888,50.4853,46.5797,194.4301,643.8547,147.8505,0
U097,No me culpes por sentir - Kevin Kaarl,43.9037,191.4696,3.2458,12.701,22.5796,207.196,135.5546,184.6164,1
U049,Too little too late - Laufey,42.061,438.8842,137.9435,155.6069,114.242,95.6105,512.919,18.6314,0
U065,Hello - Adele,24.8812,372.0766,144.1579,128.4584,32.042,1.4139,391.9254,30.6281,0
U026,Ya para que - Greeicy,2.9333,559.3105,121.1566,112.6988,77.5944,99.0905,571.1475,21.4961,0
U066,Como hacer para olvidarte - Manuel Medrano,76.8659,7.6996,142.4753,187.0257,66.0333,531.46,43.5319,465.4267,0
U099,You know i'm no good - Amy Winehouse,22.823,21.0983,1.0618,7.9406,86.9838,92.7443,11.212,179.7281,1
U115,Si pudiera - Manuel Medrano,50.4293,524.37,24.4181,17.787,48.5315,0.7933,635.4486,47.7381,1
U104,Me enamore - Shakira,29.3745,319.8004,105.5505,116.6122,71.7968,13.3837,285.1511,58.4132,0
U102,Que le den candela - Celia Cruz,25.8139,235.0793,34.6966,63.0808,59.7583,277.1655,232.7104,336.9238,0
U002,Sigo aqui - Alex Ubago,56.0671,136.8917,45.3984,63.4585,38.8858,312.7936,95.6064,351.6795,0
U116,From the start - Laufey,25.0343,79.9139,51.681,61.8635,113.2827,50.9886,104.7664,164.2713,0
U057,Quiero + - Greeicy,56.6341,167.3452,46.837,17.8295,21.7685,224.1964,164.7306,202.4279,0
U016,Es que yo te quiero a ti - Kevin Kaarl,62.3968,565.9355,9.8055,2.8363,78.6089,11.5722,656.4116,90.181,1
U004,Aca entre nos - Vicente Fernandez,67.138,571.314,68.5159,75.2512,62.8725,102.2406,710.1279,39.368,0
U045,Stronger than me - Amy Winehouse,19.3996,184.5869,24.158,42.9789,23.041,110.7079,143.2058,133.7489,1
U067,Nobody - Mitski,67.7894,51.5799,105.5242,84.2039,101.4618,105.6307,194.8349,4.1689,0
U081,Te busco audio - Celia Cruz,68.5063,210.2246,51.699,97.5603,53.9387,391.2614,181.5432,337.3227,0
U054,Someone like you - Adele,67.5931,234.4086,21.0183,65.3873,18.1187,22.6943,282.0959,4.5756,1
U056,Diamonds - Rihanna,15.0001,423.9685,115.4049,141.4915,108.9706,140.3996,432.4418,31.429,0
U109,My you - Jung Kook,47.1071,495.4601,91.5597,89.6989,79.5898,34.1528,594.9351,113.7426,0
U105,Quiero + - Greeicy,82.6143,250.6725,45.4403,60.1363,49.2592,73.4082,305.8773,122.6674,0
U047,Que me perdone tu perro - Paquita la del barrio,84.5936,423.9662,38.5641,52.6788,141.8012,64.3164,507.5319,77.4847,0
U029,Young and beautiful - Lana del rey ,51.4582,217.6664,9.7052,41.2558,51.8843,34.6703,168.4733,86.5546,1
U054,La promesa - Melendi,84.5936,40.7192,134.8357,164.7556,143.0932,125.1684,23.9686,17.9248,0
U025,La luna - Josean Log,67.5389,307.1449,30.7419,45.7572,7.94,63.6872,470.282,55.7471,1
U029,Love in the dark - Adele,82.3671,278.5015,50.1826,57.0168,28.885,28.7878,358.6035,0.0972,1
U060,Me enamore - Shakira,23.9386,144.7208,44.5116,37.8021,10.8416,189.4272,11.1151,178.5856,0
U010,Cheque al portamor - Melendi,41.8107,4.4518,43.2664,50.4358,26.2003,6.8479,52.49,19.3525,1
U077,Euphoria - Jung Kook,12.212,350.6923,163.6167,142.4636,179.1925,58.5092,338.4803,120.6832,0
U119,Chicago - Michael Jackson,84.5936,185.0776,2.4354,38.1774,20.3076,6.4337,265.4262,26.7413,1
U095,Young and beautiful - Lana del rey ,24.5021,179.2503,43.9436,51.3863,20.9248,42.6191,155.7882,63.5439,1
U108,Si hay algo - Josean Log,65.788,139.5663,80.5442,108.5082,39.8759,340.4624,107.5238,300.5866,0
U098,Azul celeste - Paquita la del barrio,84.5936,94.1655,11.079,40.6061,25.0543,49.1126,182.1302,74.167,1
U107,Young and beautiful - Lana del rey ,41.2059,96.6667,58.7037,68.7584,102.7869,7.2584,44.2729,95.5285,0
U097,Sin remitente - Melendi,43.9037,122.586,1.8105,4.904,7.6815,173.8873,66.671,181.5688,1
U101,The girl is mine - Michael Jackson,58.0326,2.367,36.4066,48.216,14.3314,19.0419,65.0968,4.7105,1
U005,Mujeres divinas - Vicente Fernandez,28.6144,68.7633,10.4207,5.8655,41.205,9.7887,48.5624,50.9937,1
U115,Beso - Josean Log,50.4293,65.3578,26.8022,39.6229,56.648,66.8484,45.7208,123.4963,1
U113,Addicted to you - Shakira,61.2346,267.278,154.4224,120.9722,211.4577,106.4841,205.573,104.9736,0
U117,In my bed - Amy Winehouse,27.3468,218.2563,7.4923,13.736,44.9795,6.7245,167.1425,38.255,1
U034,Alguien como tu - Josean Log,54.3008,22.2545,9.3274,9.5024,39.5771,147.4365,107.353,107.8593,1
U050,Retirada - Milo J,81.1035,35.5096,13.1356,31.6752,53.8708,149.2149,45.3715,203.0857,1
U087,Treat you better - Shawn Mendes,45.6068,39.2118,123.3276,93.4306,114.3269,265.4124,11.9362,151.0854,0
U061,Rara vez - Milo J,57.6365,267.0002,9.0084,1.2583,3.2804,53.9457,357.5473,50.6652,1
U020,Ultraviolence - Lana del rey,81.4806,90.4363,9.1597,69.3588,91.9269,111.23,159.5606,19.3031,1
U035,My you - Jung Kook,53.2559,462.5664,35.4675,27.8269,81.2329,20.8162,554.5547,60.4167,0
U054,Para siempre - Vicente Fernandez,84.5936,310.2822,129.9082,134.3068,147.2703,159.2584,245.5944,11.9881,0
U014,Beat it - Michael Jackson,84.5936,554.1504,101.7489,111.5057,79.5463,369.6139,650.1672,449.1601,0
U005,Tu jardin con enanitos - Melendi,28.6144,426.7659,10.8814,8.3779,12.2677,48.7191,446.9668,60.9868,1
U010,Que me perdone tu perro - Paquita la del barrio,41.8107,583.1887,89.4774,101.6749,12.8494,82.3358,640.1305,95.1851,0
U046,Too sad to dance - Jung Kook,71.9581,568.9452,90.6232,33.517,77.1703,22.5455,669.7978,54.6249,0
U013,Rincon - Milo J,52.7759,103.5586,18.9397,34.0024,26.989,5.1848,35.7137,32.1739,1
U062,Thriller - Michael Jackson,23.8405,424.139,89.5394,105.0892,11.8574,207.3477,437.4317,219.2051,0
U030,When we were young - Adele,84.5936,270.1108,19.8368,11.4628,103.1116,29.6941,346.9681,132.8057,1
U085,Por si acaso no regreso - Celia Cruz,39.4711,546.9693,131.0679,76.4665,42.2878,290.7317,692.4795,248.4439,0
U007,Why why why - Shawn Mendes,68.0895,541.0699,76.5296,34.8771,69.4776,136.5345,708.0983,67.0569,0
U003,Smooth criminal - Michael Jackson,81.888,348.7861,30.7579,16.5094,75.7454,83.3416,422.0219,159.087,0
U065,Beat it - Michael Jackson,30.3902,433.5901,171.4772,203.8057,101.3227,148.0238,458.9479,249.3464,0
U045,Caminando por la vida - Melendi,68.532,16.0267,129.3967,153.2259,34.0843,256.2003,8.2753,222.116,0
U082,Las de la intruicion - Shakira,80.5192,491.246,126.8605,101.9598,72.2215,229.5579,637.9854,157.3364,0
U082,Colapso - Kevin Kaarl,80.5192,102.2544,62.0145,89.1196,12.9888,45.321,44.4851,32.3322,1
U098,Lover girl - Laufey,22.6085,472.5029,7.3599,15.5189,107.4901,0.0976,453.2655,107.3926,1
U047,Te busco audio - Celia Cruz,82.2871,405.1376,1.3901,55.5316,57.8893,36.0293,486.3968,93.9185,1
U057,Hello - Adele,51.1251,149.2628,41.1011,37.4139,5.2602,52.1364,141.1392,46.8762,1
U100,Para siempre - Vicente Fernandez,60.9263,14.6618,19.27,42.6103,33.6223,88.7253,111.8366,122.3475,1
U033,Retirada - Milo J,64.3771,214.4697,41.42,66.9071,101.3063,316.864,231.9168,215.5577,0
U048,Es que yo te quiero a ti - Kevin Kaarl,84.5936,376.7236,136.3331,114.0563,135.8559,195.5502,457.0082,59.6945,0
U098,Summertime sadness - Lana del rey,83.8336,503.7038,19.1135,15.5189,50.3648,46.9318,590.9085,3.433,1
U066,Vamonos a marte - Kevin Kaarl,79.1858,367.4311,123.7779,164.4083,59.8108,418.2164,329.2789,358.4056,0
U060,Rata de dos patas - Paquita la del barrio,38.48,244.3096,33.5142,28.526,24.5426,216.5145,173.1225,191.9718,0
U062,In my blood - Shawn Mendes,23.8405,368.6182,49.2519,54.3747,3.0558,181.4845,381.9109,178.4286,0
U046,There's nothing holding me back - Shawn Mendes,73.1014,68.8952,45.974,35.0325,1.0418,37.0389,33.1008,35.9971,1
U037,Never be alone - Shawn Mendes,62.7244,576.8647,25.044,11.994,23.2395,14.8066,664.307,8.4329,1
U117,Only girl - Rihanna,43.7013,267.7497,112.0519,94.5979,76.0578,141.9251,232.9903,65.8674,0
U012,Brooklyn baby - Lana del rey,0.9715,238.2874,60.1801,30.1339,10.8639,29.3561,101.5064,40.2201,1
U014,Azul celeste - Paquita la del barrio,84.5936,144.6121,16.4853,8.7886,59.4926,37.5912,240.6289,97.0839,1
U009,La luna - Josean Log,84.5936,23.6138,172.9388,179.63,227.4577,354.0754,94.9497,126.6178,0
U038,Dame tu aire - Alex Ubago,60.5,180.6477,39.6698,36.0227,64.3296,80.2193,119.0615,15.8896,1
U076,Alguien como tu - Josean Log,52.1989,37.3822,5.9193,6.0687,31.2612,35.6122,147.2497,4.351,1
U001,I'll change for you - Mitski,7.1978,564.5278,132.1932,122.5186,105.6557,158.1298,569.4847,52.474,0
U045,Billie Jean - Michael Jackson,68.532,184.5869,42.7453,89.7484,26.8793,48.5518,192.3383,21.6724,1
U064,Quedate - Manuel Medrano,56.9236,26.2955,33.0974,32.634,49.8784,48.9024,177.5457,0.976,1
U046,Niño - Milo J,66.7684,150.5887,44.6424,64.2441,35.9938,102.2593,54.9258,66.2655,1
U076,Vamonos a marte - Kevin Kaarl,51.82,63.3048,21.1688,16.1187,26.471,35.2286,46.1838,8.7576,1
U080,First love late spring - Mitski,11.5538,114.519,0.9134,11.4512,106.3632,143.6444,131.5784,37.2812,1
U061,Rincon - Milo J,57.6365,76.5202,1.5374,9.1248,30.3127,35.3084,14.0269,4.9957,1
U023,Mercy - Shawn Mendes,84.5936,288.4261,43.5886,11.7847,21.1731,90.9943,373.4858,69.8212,1
U105,Azul celeste - Paquita la del barrio,82.6143,115.4347,48.4171,49.8399,47.5435,86.761,60.2299,39.2174,1
U110,La vida es un carnaval - Celia Cruz,58.6927,553.0677,84.3351,81.6911,85.7953,20.5857,630.6549,65.2096,0
U088,Es que yo te quiero a ti - Kevin Kaarl,62.9902,577.7302,4.3775,4.4668,67.8569,41.2264,664.6496,109.0832,1
U048,I'll change for you - Mitski,28.6503,383.0361,15.9608,10.7631,0.7765,106.087,407.3774,105.3107,1
U040,No me culpes por sentir - Kevin Kaarl,44.7784,159.1848,11.5482,34.7172,29.5473,8.4388,92.8007,37.9862,1
U117,Remember the time  Michael Jackson,51.2882,236.5488,19.3372,57.4858,7.6472,105.9902,209.3764,113.6374,1
U092,Bored - Laufey,60.5392,91.1994,40.8358,15.2432,43.9856,113.4309,38.3893,157.4165,1
U082,Que pides tu - Alex Ubago,80.5192,83.6079,16.8827,37.4318,16.9191,30.5521,63.1315,47.4712,1
U008,Too little too late - Laufey,11.4699,226.1047,59.0249,55.1009,108.5341,126.5581,218.2034,235.0921,0
U109,Love in the dark - Adele,65.0651,478.6858,175.4059,153.8842,76.3564,81.0331,596.1188,4.6767,0
U107,Never be alone - Shawn Mendes,72.1148,535.8501,11.7909,29.4745,2.6178,15.2016,619.1528,12.5838,1
U105,Brooklyn baby - Lana del rey,48.8831,294.1036,13.622,4.8929,59.7179,3.4606,315.5772,56.2572,1
U041,Pierdeme el respeto - Paquita la del barrio,84.5936,70.3937,90.3145,69.9998,58.2164,315.8297,3.1879,257.6133,0
U053,Mujeres divinas - Vicente Fernandez,74.3209,167.8927,86.7774,93.3556,42.9816,116.8894,119.0329,73.9078,0
U108,Someone like you - Adele,48.7875,234.4898,30.5174,21.9975,18.3976,154.3969,249.5318,172.7945,0
U115,Promise - Laufey,50.4293,609.0207,126.6278,112.0133,64.7538,153.5612,720.0993,88.8073,0
U069,Rata de dos patas - Paquita la del barrio,84.5936,373.5719,1.622,30.4048,55.9336,101.0354,454.5247,45.1017,1
U032,Sin miedo a nada - Alex Ubago,75.3734,55.7828,32.9579,48.2098,6.874,175.093,131.1562,168.2189,0
U080,Set fire to the rain - Adele,10.3469,410.8673,142.6196,134.1119,108.0026,32.0201,371.9072,140.0227,0
U097,Tears dry on their own - Amy Winehouse,2.4416,380.2771,112.8198,128.4909,72.0686,42.7807,394.73,114.8493,0
U097,Rie y llora - Celia Cruz,14.1011,558.9272,122.9381,98.469,104.9218,84.237,585.0396,189.1588,0
U029,You know i'm no good - Amy Winehouse,25.0138,33.6368,16.4134,42.9668,62.3493,20.8314,56.3855,83.1807,1
U009,Addicted to you - Shakira,36.0689,167.7276,7.3198,23.8937,2.7932,155.5581,118.401,152.7649,1
U008,Me enamore - Shakira,39.0213,264.353,96.6394,87.2776,95.3002,27.8099,205.9604,123.1101,0
U029,Borracho te recuerdo - Vicente Fernandez,82.3671,44.3468,22.3378,21.476,58.112,26.8309,35.7552,31.2811,1
U058,A veces a besos - Greeicy,39.4268,263.2454,120.9323,95.1654,107.5736,212.3647,352.8128,104.7911,0
U044,Hombres malvados - Paquita la del barrio,84.5936,47.1862,27.9492,3.3845,102.7036,9.4818,148.8266,93.2217,1
U017,Tres veces te engañe - Paquita la del barrio,39.6554,485.1375,140.2784,113.4022,75.5274,247.1344,525.9026,171.6071,0
U109,Chicago - Michael Jackson,65.0651,404.1368,137.5783,101.3777,70.7119,112.1361,521.5698,41.4242,0
U054,Yes or no - Jung Kook,81.1035,146.9618,56.2169,81.965,27.9395,119.1341,85.7641,91.1947,0
U052,El chofer - Vicente Fernandez,58.8663,5.3436,45.9303,52.1354,34.6743,96.7407,140.8551,62.0664,1
U063,La vida es un carnaval - Celia Cruz,22.9741,267.8606,29.8456,31.239,28.4302,56.9854,168.0873,28.5552,1
U030,Promise - Laufey,84.5936,354.7615,46.2718,61.0267,83.0053,42.2035,431.6188,40.8018,0
U006,Young and beautiful - Lana del rey ,45.7153,259.7231,3.2067,18.2786,19.7997,265.7616,225.2705,245.9619,0
U119,Just friends - Amy Winehouse,80.7043,346.4821,5.1799,13.1364,48.9514,87.1559,422.9414,136.1073,1
U086,Let you break my heart again - Laufey,9.1996,364.2554,8.4359,18.1991,93.1855,89.4331,356.2852,3.7524,1
U075,Las de la intruicion - Shakira,67.6972,104.028,54.9308,83.116,23.5929,39.0058,11.3897,62.5987,1
U067,Too little too late - Laufey,55.862,436.8341,87.5175,80.7917,119.7789,0.8086,568.1617,120.5874,0
U061,Amor viejo - Kevin Kaarl,57.6365,101.9734,20.6782,46.7394,26.7773,50.0778,192.5205,23.3005,1
U070,A gritos de esperanza - Alex Ubago,56.3527,5.2939,61.1529,56.593,29.8827,19.1087,111.3794,48.9914,1
U048,Too little too late - Laufey,72.6662,213.9981,59.3151,23.3011,27.3614,180.1399,282.3554,207.5013,0
U004,Chachacha - Josean log,67.138,51.094,41.2295,42.348,52.0607,72.5785,189.9079,20.5179,1
U075,Yes or no - Jung Kook,64.2071,254.2544,108.6298,139.717,13.0737,132.994,373.1622,119.9204,0
U032,Top of the world - Shawn Mendes,75.3734,89.8096,23.7087,16.8688,11.33,168.7367,14.4362,157.4067,1
U046,Aunque no te pueda ver - Alex Ubago,69.6113,477.982,12.9605,25.199,3.9024,4.7518,576.4877,8.6543,1
U086,I am - Milo J,81.8948,404.5447,140.1704,189.6186,17.4481,154.2862,487.6689,136.8382,0
U072,Te busco audio - Celia Cruz,62.9048,262.4736,39.2639,51.9211,17.1918,376.1731,87.6485,393.3649,0
U012,Niño - Milo J,26.4267,481.2465,122.8934,153.2184,109.21,213.0616,590.6293,103.8516,0
U023,Mujeres divinas - Vicente Fernandez,84.5936,12.802,99.609,83.3435,68.0918,184.8588,72.2577,116.767,0
U085,Fecha de caducidad - Melendi,80.9332,608.4828,25.7467,17.4891,53.5261,64.7434,795.4552,118.2695,0
U044,Chachacha - Josean log,84.5936,7.115,39.7417,79.3619,30.3613,45.8314,94.5254,76.1926,1
U038,Bad - Michael Jackson,60.5,496.1228,139.0369,141.5893,10.8783,178.0796,557.709,167.2014,0
U092,Thriller - Michael Jackson,60.5392,420.8495,50.5974,32.6048,35.1012,92.6215,473.6596,57.5203,0
U098,Too little too late - Laufey,72.6662,334.6658,14.0704,32.0011,111.5409,11.7218,410.7032,99.819,1
U056,Amor viejo - Kevin Kaarl,15.0001,45.9369,40.3277,49.238,11.8823,13.1007,37.4636,24.983,1
U099,A gritos de esperanza - Alex Ubago,79.7974,264.3001,64.9816,83.7432,15.3663,144.8955,197.4394,160.2618,0
U105,Waka waka - Shakira,51.7054,262.9027,33.7095,55.0327,97.3668,217.1001,287.1986,119.7333,0
U023,Rata de dos patas - Paquita la del barrio,84.5936,457.8388,3.5464,14.489,22.8684,45.945,542.8985,68.8133,1
U075,Rara vez - Milo J,67.6972,117.6541,207.234,233.5081,73.043,262.9709,233.0718,189.9278,0
U100,Un violinista en tu tejado - Melendi,60.9263,6.5134,17.8274,0.0955,12.7801,2.4017,119.985,15.1819,1
U076,Amor viejo - Kevin Kaarl,52.1989,115.1888,18.296,57.3001,12.864,61.728,225.0563,74.592,1
U098,Just friends - Amy Winehouse,80.7043,454.2104,20.3991,21.9978,97.0251,19.6982,538.2858,77.3269,0
U004,Amor viejo - Kevin Kaarl,67.138,125.8694,31.4302,41.9269,11.433,30.0082,264.6833,41.4412,1
U105,Promise - Laufey,82.6143,287.7911,18.8635,58.4449,68.2367,71.1374,342.9959,139.3741,0
U003,From the start - Laufey,21.3717,202.3135,10.7752,26.6269,51.6944,132.4549,232.3375,184.1493,1
U052,Colapso - Kevin Kaarl,66.8761,88.6008,51.1487,51.9269,18.2167,13.5758,54.9206,31.7925,1
U038,Sin miedo a nada - Alex Ubago,60.5,96.8736,1.2241,18.2135,63.5762,6.2362,158.4598,69.8125,1
U109,Te quiero tanto - Kevin Kaarl,65.0651,435.3497,47.103,10.4519,9.6519,13.7228,552.7827,4.0709,1
U038,A gritos de esperanza - Alex Ubago,60.1211,121.9801,0.1466,1.32,34.2671,60.3249,60.7728,26.0578,1
U040,A gritos de esperanza - Alex Ubago,44.3995,26.8909,62.0236,67.7607,38.076,71.0837,39.1143,33.0078,1
U065,Rolling in the deep - Adele,30.3902,433.5901,174.1136,162.0777,79.6547,39.3904,458.9479,119.0451,0
U087,Chicago - Michael Jackson,45.6068,18.851,104.8104,111.9927,61.898,197.0057,69.9991,135.1077,0
U105,Send my love - Adele,79.9155,4.1973,17.6684,24.3807,100.2032,17.7125,48.3087,117.9157,1
U100,Love is a losing game - Amy Winehouse,21.3503,119.2819,92.531,103.1213,135.1872,112.9876,75.06,22.1996,0
U074,La mujer que bota fuego - Manuel Medrano,68.8065,75.5403,33.1935,55.0114,12.2239,85.9998,20.9876,73.7759,1
U023,Fragile - Laufey,84.2147,380.8106,17.0663,12.6657,47.095,44.0314,465.4914,91.1264,1
U067,Una y otra vez - Manuel Medrano,67.7894,27.1175,40.0128,4.0178,45.9711,59.0975,170.3724,13.1264,1
U099,Back to black - Amy Winehouse,75.4819,207.2802,8.3702,16.3978,71.4649,94.7557,269.8254,166.2206,1
U090,Un violinista en tu tejado - Melendi,54.7533,459.2245,203.0561,178.7255,92.7598,273.6425,525.4793,180.8828,0
U108,My you - Jung Kook,47.83,200.0563,46.7274,70.4218,2.433,318.4265,214.1408,320.8595,0
U077,Somedoy - Jung Kook,16.3276,92.502,110.805,120.133,79.4627,9.9654,108.8296,89.4281,0
U119,Waka waka - Shakira,53.6847,364.7746,77.9864,0.2791,71.7823,246.1196,414.2143,174.3373,0
U087,Love on the brain - Rihanna,45.6068,23.9488,41.1437,21.385,26.7703,158.0919,75.0969,131.3216,1
U093,Rie y llora - Celia Cruz,49.8136,226.9315,77.8122,103.7639,56.0261,78.0276,224.1284,134.0537,0
U049,Valentine - Laufey,53.9884,482.7239,135.1273,133.5784,76.7269,155.5166,568.686,78.7897,0
U048,Easy on me - Adele,84.5936,383.0361,12.1953,34.2854,12.8456,27.5084,463.3207,40.3541,1
U114,Sin remitente - Melendi,78.989,468.5553,195.411,189.1178,61.6756,509.4919,547.9358,447.8163,0
U069,Nobody - Mitski,84.5936,149.5194,10.2324,49.8932,47.3158,66.257,68.5665,18.9412,1
U113,Mercy - Shawn Mendes,59.4279,256.8741,20.313,16.9977,54.1726,19.5358,315.8316,73.7084,1
U018,El chofer - Vicente Fernandez,72.3875,365.4172,137.3147,121.0353,46.7327,383.9374,341.4882,337.2047,0
U082,Niño - Milo J,74.1862,120.0588,50.4761,69.565,16.8013,67.2467,20.3476,50.4454,1
U083,The girl is mine - Michael Jackson,84.5936,2.5037,2.0041,3.1122,44.665,80.895,96.5754,125.56,1
U073,My you - Jung Kook,52.7706,527.9592,91.7566,84.7885,99.6393,10.9894,667.5609,88.6499,0
U108,Bored - Laufey,65.788,192.418,8.9012,25.3901,8.5768,162.088,160.3755,170.6648,1
U082,Sangre para derramar - Milo J,79.7592,287.4703,38.985,86.5971,19.879,46.7515,433.4497,26.8725,0
U032,Te busco audio - Celia Cruz,73.0669,442.5159,19.2878,4.4313,33.5322,95.1567,515.5828,128.6889,1
U007,Bitch better have my money - Rihanna,42.5864,626.211,184.7719,215.0069,211.2625,210.7029,767.7362,0.5596,0
U031,First love late spring - Mitski,76.1597,84.2973,6.7864,8.3774,42.9547,49.5938,266.1509,92.5485,1
U009,Too sad to dance - Jung Kook,83.4503,357.9373,95.0319,156.5343,103.6177,298.1901,428.1299,194.5725,0
U035,Yes or no - Jung Kook,67.7238,115.6295,77.5137,59.6735,87.3767,88.406,222.0857,1.0292,0
U112,Rara vez - Milo J,63.9171,293.9844,28.0264,28.946,54.357,71.2628,448.3801,125.6197,0
U060,Un violinista en tu tejado - Melendi,38.48,346.173,104.2798,104.1077,98.674,409.4272,417.3601,310.7532,0
U107,Hello - Adele,66.6058,474.3366,145.6928,120.6092,94.0185,235.9245,552.1303,141.906,0
U042,Donde nadie pueda ir - Manuel Medrano,84.0393,108.8874,219.1818,242.795,62.3868,432.0068,243.7983,369.62,0
U115,Sabes - Alex Ubago,50.4293,335.6775,3.2173,5.0085,33.6805,58.0929,446.7561,91.7733,1
U075,La negra tiene tumbao - Celia Cruz,14.5256,109.7501,85.7299,129.8855,21.9733,109.9517,58.8393,131.9251,0
U112,Quedate - Manuel Medrano,63.9171,24.6442,28.3092,41.0819,18.6265,32.4185,179.0399,13.792,1
U029,Bored - Laufey,82.3671,97.1985,21.965,37.8632,38.2622,69.9404,17.0965,31.6782,1
U065,Just friends - Amy Winehouse,26.5009,384.0967,62.5631,64.9031,40.8104,213.4133,405.5652,254.2237,0
U020,Yo vivire (I will survive) - Celia Cruz,73.8937,365.363,14.9673,10.7618,24.1766,47.7088,426.9003,23.5323,1
U024,Mas fuerte - Greeicy,16.2993,204.3849,74.9066,48.131,14.0358,232.9842,9.768,247.02,0
U083,Easy on me - Adele,84.5936,531.1765,105.9451,103.1054,50.2526,198.3165,625.2482,148.0639,0
U083,First love late spring - Mitski,84.5936,5.7902,47.7016,25.5896,101.7261,30.2747,99.8619,132.0008,1
U002,Fecha de caducidad - Melendi,56.0671,371.7745,32.6222,73.3933,24.4806,291.1699,413.0598,315.6505,0
U058,Euphoria - Jung Kook,6.7606,471.8809,192.4778,151.4404,158.1532,288.0987,528.782,129.9456,0
U056,Aunque no te pueda ver - Alex Ubago,11.51,358.0379,21.9284,16.6721,27.8979,95.2146,363.021,67.3168,1
U069,Cola - Lana del rey,40.6336,404.7728,51.9649,13.5126,0.1234,46.8586,441.7655,46.982,1
U063,Mercy - Shawn Mendes,41.9008,67.247,18.982,12.1957,60.9336,37.3558,13.5996,98.2894,1
U017,Love is a losing game - Amy Winehouse,42.6212,211.9808,86.2097,99.8308,138.9119,84.3916,253.4922,223.3033,0
U065,Bad - Michael Jackson,30.3902,427.2776,137.0171,142.7853,24.8033,27.16,452.6354,51.9632,0
U090,When we were young - Adele,54.7533,71.4958,38.882,19.4285,32.6148,27.4787,5.241,5.136,1
U058,Too sad to dance - Jung Kook,50.2109,619.2523,123.423,79.6084,95.7661,148.3113,719.6037,52.5451,0
U094,Milagrosa - Milo J,49.3728,605.129,17.5917,8.1145,24.6236,0.4258,695.2509,25.0494,1
U110,Treat you better - Shawn Mendes,77.6194,400.2326,41.0924,49.5387,28.1806,5.3636,496.7466,22.8171,1
U111,Bajo el agua - Manuel Medrano,61.0367,470.2825,175.3462,151.285,24.9315,271.2168,629.2753,246.2852,0
U004,Top of the world - Shawn Mendes,67.138,69.6533,47.0197,54.1555,13.6037,114.8439,208.4672,101.2402,0
U001,Estos celos - Vicente Fernandez,48.7455,152.8253,2.7362,1.246,19.1123,55.7544,91.9251,74.8668,1
U022,No me culpes por sentir - Kevin Kaarl,41.8354,158.3989,30.7157,37.4208,23.73,9.1855,95.5455,32.9156,1
U090,Me enamore - Shakira,7.6653,31.6693,54.2647,36.8157,4.9274,53.6425,97.0041,48.7152,1
U064,Bajo el agua - Manuel Medrano,56.9236,64.6297,19.0753,18.3732,1.8182,97.7391,86.6205,95.9208,1
U035,Sin miedo a nada - Alex Ubago,71.2139,176.5793,18.4236,17.3739,10.5372,100.7928,286.5256,90.2557,1
U013,You da one - Rihanna,52.7759,411.6057,152.754,107.9489,85.4422,231.4369,479.4507,145.9948,0
U093,Love on the brain - Rihanna,79.6162,17.2483,27.869,28.5346,63.7844,33.4455,44.2478,30.3389,1
U120,Billie Jean - Michael Jackson,57.3892,227.9425,58.7777,126.3663,27.7306,331.094,86.2559,358.8245,0
U097,West coast - Lana del rey,38.3947,299.8534,54.0062,45.7445,40.3787,1.6281,350.2594,38.7506,1
U036,I'll change for you - Mitski,5.8818,205.3674,24.8026,10.7511,49.083,95.0978,145.2425,46.0149,1
U037,Cola - Lana del rey,18.7644,576.8647,174.8082,124.3305,125.5563,233.0708,620.3469,107.5145,0
U090,Yo vivire (I will survive) - Celia Cruz,47.1664,162.459,70.5498,74.0374,13.7467,38.1259,88.6172,24.3794,1
U013,First love late spring - Mitski,52.7759,44.4867,8.4622,13.9398,78.344,91.1146,112.3316,169.4587,1
U052,Tres veces te engañe - Paquita la del barrio,66.8761,575.795,137.6657,104.2921,63.607,432.1189,719.3163,368.5119,0
U023,A veces a besos - Greeicy,72.6662,133.0328,14.3216,24.8938,47.095,43.553,206.1652,90.648,1
U018,Una y otra vez - Manuel Medrano,80.3973,336.3867,146.3342,160.5522,49.5641,314.3166,304.4479,264.7525,0
U095,Lo hecho esta hecho - Shakira,21.6798,453.2665,164.5136,145.758,64.3159,174.7604,473.9063,110.4445,0
U054,Waka waka - Shakira,53.6847,288.3488,23.3065,63.6763,8.5135,212.1183,322.1277,203.6048,0
U062,Mujeres divinas - Vicente Fernandez,23.8405,77.7027,9.9547,14.4871,22.5278,20.5372,64.41,43.065,1
U078,Yo vivire (I will survive) - Celia Cruz,77.0067,257.867,84.0528,96.9442,12.8156,330.8454,250.3282,343.6611,0
U084,Too little too late - Laufey,47.2827,71.089,73.7009,72.7408,32.0735,552.1743,95.195,584.2477,0
U097,Me arrepiento - Alex Ubago,43.9037,26.8207,8.8531,4.2008,11.85,157.9666,82.7357,146.1166,1
U098,Washin machine - Mitski,11.9824,503.7038,26.5006,25.2938,94.4836,88.1805,495.0925,6.3031,0
U063,Let you break my heart again - Laufey,51.8924,148.286,31.8207,38.4694,5.7474,106.9582,26.3538,112.7056,1
U071,Para siempre - Vicente Fernandez,23.9542,179.529,5.0543,15.7372,42.3924,140.6663,164.4649,98.2739,1
U024,Me enamore - Shakira,11.9451,73.5952,67.8007,50.0185,10.3496,165.122,125.3758,154.7724,0
U044,Para siempre - Vicente Fernandez,84.5936,67.2335,57.8019,74.1898,46.131,62.4334,34.4069,16.3024,1
U063,Te quiero tanto - Kevin Kaarl,41.9008,88.1756,85.3552,110.4013,94.1768,1.0295,7.329,95.2063,0
U020,Only girl - Rihanna,73.8937,365.363,114.1348,114.1374,32.9382,6.4811,426.9003,39.4192,0
U043,Bitch better have my money - Rihanna,42.6213,625.969,220.8037,246.8312,171.7778,179.3494,745.7472,7.5716,0
U014,Un violinista en tu tejado - Melendi,84.5936,67.5331,124.6708,127.1267,23.9637,121.0514,28.4837,97.0877,0
U109,Desde que estamos juntos - Melendi,65.0651,27.3942,39.4359,28.8261,7.3799,37.411,144.8272,30.0311,1
U002,"Volver, volver - Vicente Fernandez",56.0671,365.462,16.3926,7.8723,68.9606,248.155,406.7473,317.1156,0
U061,Sin remitente - Melendi,57.6365,90.9143,0.5599,13.113,28.2037,7.4793,0.3672,20.7244,1
U106,Sangre para derramar - Milo J,53.6383,261.4075,8.2736,40.1785,4.2673,63.1895,337.3171,58.9222,1
U094,Tres veces te engañe - Paquita la del barrio,60.8547,567.7953,144.0431,112.6837,79.7788,445.2151,669.3992,365.4363,0
U059,Man down - Rihanna,10.2711,84.8207,46.65,13.0327,49.6764,77.5657,92.924,27.8893,1
U023,A gritos de esperanza - Alex Ubago,84.2147,135.3757,81.4715,80.802,25.865,161.7807,50.6949,135.9157,0
U006,"Volver, volver - Vicente Fernandez",76.6242,366.4812,0.7202,38.0584,72.408,206.8847,431.8427,134.4767,0
U040,Vamonos a marte - Kevin Kaarl,44.3995,75.9071,31.2102,24.6672,15.7472,96.1056,9.9019,80.3585,1
U013,Es que yo te quiero a ti - Kevin Kaarl,52.7759,563.5605,13.5805,5.7069,75.0668,91.1146,631.4054,166.1814,0
U063,Only girl - Rihanna,34.3139,267.8606,122.0328,113.8994,45.1044,166.2367,179.427,121.1324,0
U070,Sin remitente - Melendi,56.7316,58.1164,12.1128,5.9445,7.4795,48.4449,48.348,40.9654,1
U074,La luna - Josean Log,68.8065,243.583,13.2309,7.8929,47.1223,11.9082,340.1109,35.2139,1
U068,Love on the brain - Rihanna,36.1812,202.4769,118.9234,91.9632,78.2066,202.5009,226.8665,124.2944,0
U100,La ley del monte - Vicente Fernandez,60.9263,414.5565,106.4457,116.6927,116.5861,158.4344,541.0549,41.8482,0
U015,Hello - Adele,79.0846,228.3358,10.4493,30.4479,79.1769,4.7108,289.6736,83.8877,1
U054,Ultraviolence - Lana del rey,84.5936,44.623,40.3069,13.5365,89.6051,78.39,109.3108,11.2151,1
U067,Cola - Lana del rey,23.8294,605.8721,167.7215,120.5845,148.6542,218.7463,705.1669,70.0921,0
U069,Las de la intruicion - Shakira,84.5936,296.5437,25.0717,11.5809,67.6558,9.303,377.4965,76.9588,1
U030,Quiero + - Greeicy,84.5936,317.6429,72.8486,62.7181,101.9828,44.4743,394.5002,57.5085,0
U098,Valentine - Laufey,84.5936,378.5055,11.2542,9.9726,74.0258,71.6279,466.4702,2.3979,1
U041,Beso - Josean Log,84.5936,325.8677,92.9686,80.4648,42.4247,345.6085,258.6619,303.1838,0
U097,Rolling in the deep - Adele,43.9037,565.2397,223.5096,205.3062,145.0405,81.623,621.1547,63.4175,0
U061,El chofer - Vicente Fernandez,49.6267,10.8737,69.5156,64.6333,13.8504,56.317,71.6636,42.4666,1
U035,Que pides tu - Alex Ubago,71.2139,100.942,12.5305,23.1171,21.5551,0.2958,9.0043,21.2593,1
U029,El chofer - Vicente Fernandez,74.3573,192.9347,29.7144,5.738,4.5763,38.5225,120.8425,33.9462,1
U100,Too sad to dance - Jung Kook,59.783,615.1701,104.5893,77.7894,99.3306,128.8496,740.5252,29.5188,0
U057,Hate you - Jung Kook,40.5801,237.2899,53.3495,19.5112,36.4707,224.1964,255.9585,187.7256,0
U039,Where have you been - Rihanna,66.2091,253.1581,0.0688,24.324,2.4656,141.7246,242.2588,144.1903,1
U019,Niño - Milo J,59.6212,100.7245,4.2299,5.1195,32.2971,43.9823,68.4783,11.6852,1
U100,La promesa - Melendi,60.9263,254.9012,14.3425,12.1615,29.4452,122.8153,381.3996,152.2604,1
U074,Te busco audio - Celia Cruz,66.5,559.0779,72.6654,14.8824,26.6623,136.3002,653.2993,109.6378,0
U120,Waka waka - Shakira,26.4803,196.7416,10.4606,117.9091,90.0168,148.2122,24.1461,238.229,0
U050,Gitana - Shakira,71.7677,78.6206,11.5677,23.0174,53.0573,30.314,150.1659,22.7433,1
U027,Por si acaso no regreso - Celia Cruz,7.883,172.7694,36.3163,18.5774,32.6846,125.0357,71.7702,157.7202,1
U024,Estos celos - Vicente Fernandez,74.3637,512.9682,191.5179,169.4036,150.0216,292.1927,649.5206,142.171,0
U001,Amor viejo - Kevin Kaarl,48.7455,69.5898,39.8401,68.2109,22.1895,32.0326,130.49,54.2221,1
U011,Let you break my heart again - Laufey,9.1996,396.7701,20.9148,25.6959,68.8034,21.513,391.3639,47.2904,1
U062,Caminando por la vida - Melendi,23.8405,223.5254,10.7503,20.8965,34.1912,38.5117,236.8181,4.3205,1
U033,Estos celos - Vicente Fernandez,67.8672,461.6857,116.7078,104.556,157.0133,494.9734,475.6427,337.96,0
U102,In a lake portuguese -  Mitski,2.0104,153.3121,82.7358,102.1144,55.4092,376.6387,123.1188,432.0479,0
U056,Un violinista en tu tejado - Melendi,15.0001,172.6824,22.8256,2.3058,22.4201,18.243,164.2091,40.6631,1
U101,Dame tu aire - Alex Ubago,58.0326,152.0432,29.0868,19.1104,18.034,80.2373,89.3134,98.2712,1
U043,Only girl - Rihanna,60.5375,625.969,248.7109,228.2921,135.0762,209.9299,763.6634,74.8538,0
U004,A gritos de esperanza - Alex Ubago,66.7591,3.608,38.848,42.348,47.3688,41.9265,134.827,5.4423,1
U079,Somedoy - Jung Kook,29.8535,156.3515,166.7106,146.0999,99.0841,0.6054,195.2729,98.4787,0
U111,Las de la intruicion - Shakira,61.0367,111.665,9.3037,1.232,49.4419,40.7523,47.3278,8.6896,1
U091,Mentira - Greeicy,17.804,314.3837,167.7958,157.922,146.5928,138.2622,377.4607,8.3307,0
U040,Que pides tu - Alex Ubago,44.7784,85.5585,29.992,42.484,19.7848,37.1478,19.1744,17.3631,1
U003,Hate you - Jung Kook,65.834,92.9676,18.2676,7.5836,1.4422,125.7207,35.7858,124.2784,1
U101,Never be alone - Shawn Mendes,58.0326,531.0398,0.723,5.909,3.8443,44.4906,593.7696,48.3349,1
U017,The girl is mine - Michael Jackson,39.6554,6.2016,54.5976,64.1314,8.1377,43.3191,34.5635,51.4567,1
U111,Rara vez - Milo J,61.0367,110.0171,161.6069,149.1601,0.0082,261.2244,269.0099,261.2161,0
U032,La distancia - Manuel Medrano,75.3734,215.3728,43.4207,33.7302,27.6868,259.9428,290.7462,232.256,0
U080,Es que yo te quiero a ti - Kevin Kaarl,11.5538,404.5548,4.2049,8.1955,103.086,143.6444,387.4954,40.5585,0
U119,Hate you - Jung Kook,68.5396,52.0907,7.6759,6.5062,8.9725,44.3887,12.2039,53.3611,1
U087,Bored - Laufey,45.6068,320.002,95.2004,78.6398,46.8763,186.9561,371.1501,140.0798,0
U119,Azul celeste - Paquita la del barrio,84.5936,13.5628,4.1402,5.4719,73.128,57.7415,66.7858,15.3866,1
U119,Me enamore - Shakira,22.175,265.1858,36.4657,29.0436,50.2333,3.6159,283.1158,46.6174,1
U050,In a lake portuguese -  Mitski,2.0104,309.4292,34.7249,24.5224,6.3932,44.7468,307.1963,38.3536,1
U097,Sigo aqui - Alex Ubago,43.9037,56.5735,42.2873,44.4701,23.5131,112.0005,112.4885,135.5137,1
U029,Limonar - Greeicy,37.7735,116.5495,7.811,23.0724,46.8304,45.2451,152.0579,1.5853,1
U111,Where have you been - Rihanna,61.0367,219.8941,22.6156,17.094,103.5669,8.5399,60.9013,95.027,1
U048,Rata de dos patas - Paquita la del barrio,84.5936,351.8352,32.698,0.4005,0.4265,108.479,432.1198,108.9055,1
U065,Retirada - Milo J,26.9001,36.547,45.4195,25.3469,41.8727,71.6028,14.6793,29.7301,1
U078,I am - Milo J,81.8948,178.5817,223.7037,240.4181,91.555,592.6155,175.9311,501.0606,0
U012,Smooth criminal - Michael Jackson,32.7597,231.9749,43.6308,50.8842,110.328,161.5496,128.9251,271.8776,0
U045,Beat it - Michael Jackson,68.532,184.5869,41.6794,44.1959,129.5571,162.4916,192.3383,292.0486,0
U069,I bet on losing dogs - Mitski,83.4503,373.5719,55.0346,68.1819,139.8834,178.5588,453.3814,38.6753,0
U114,Set fire to the rain - Adele,57.0883,219.2704,26.5734,14.5267,99.2262,339.7669,117.9892,438.9931,0
U020,Washin machine - Mitski,15.0954,365.363,6.0681,9.0995,19.1807,85.5149,337.9113,66.3342,1
U111,Si supieras - Kevin Kaarl,61.0367,337.518,153.829,139.2884,17.6318,197.1941,496.5108,179.5623,0
U005,Alguien como tu - Josean Log,28.6144,139.6662,38.3461,36.3675,79.0392,12.9521,119.4653,66.0871,1
U099,Fragile - Laufey,79.7974,251.8862,33.5562,9.7245,88.3263,27.1462,318.7469,115.4725,1
U031,Mas fuerte - Greeicy,18.0953,609.6836,105.8585,96.7953,134.6913,95.8901,733.4727,38.8012,0
U049,You da one - Rihanna,53.9884,449.6549,200.099,178.5075,111.5337,220.5225,535.6171,108.9888,0
U054,Beat it - Michael Jackson,84.5936,319.5497,59.4141,61.8108,156.4505,240.2799,384.2375,396.7303,0
U107,Tu jardin con enanitos - Melendi,72.1148,529.5376,2.5331,10.3871,28.3449,15.2016,612.8403,43.5465,1
U023,Still with you - Jung Kook,84.5936,489.0397,11.5658,20.0487,21.6654,43.553,574.0994,65.2185,1
U025,Dame tu aire - Alex Ubago,67.5389,41.6146,0.515,8.841,40.565,45.5038,121.5225,4.9389,1
U072,In my bed - Amy Winehouse,41.2699,231.8088,16.094,13.779,85.7463,458.2038,35.3488,543.9501,0
U086,La mujer que bota fuego - Manuel Medrano,84.5936,169.6168,134.9404,159.1389,5.5183,126.7583,83.7938,132.2765,0
U050,Pobre pistolita - Paquita la del barrio,84.5936,74.3586,42.7899,21.6029,105.155,7.4044,158.7298,112.5595,1
U069,Love is a losing game - Amy Winehouse,2.317,329.6792,29.0576,60.0127,7.6579,178.5588,331.0029,170.9008,0
U032,Treat you better - Shawn Mendes,75.3734,308.5094,11.5874,27.2319,2.5149,177.1874,383.8829,179.7022,0
U077,Love is a losing game - Amy Winehouse,49.895,236.3883,82.5036,95.9635,152.662,97.1402,286.2832,249.8021,0
U098,Taco placero - Paquita la del barrio,84.5936,26.3781,31.0247,6.0137,20.4231,15.687,114.3429,36.1101,1
U005,Still with you - Jung Kook,28.6144,433.0784,77.6225,57.4293,48.5522,151.0945,453.2793,102.5422,0
U065,Bored - Laufey,30.3902,78.4588,69.4286,73.215,27.1883,122.6415,53.101,149.8298,0
U050,Si supieras - Kevin Kaarl,84.5936,122.7846,93.5352,80.9116,62.4027,56.5191,38.4134,5.8836,0
U056,Stitches - Shawn Mendes,15.0001,59.5775,63.1802,89.3487,37.9606,115.0431,68.0508,77.0824,0
U111,Bad - Michael Jackson,61.0367,213.5816,18.1682,27.3864,57.5761,52.9827,54.5888,4.5933,1
U025,Bajo el agua - Manuel Medrano,67.5389,48.7082,15.3227,9.9004,33.2653,20.3968,114.4289,53.662,1
U038,San lucas - Kevin Kaarl,60.5,194.713,29.2191,21.6793,71.6293,92.7364,133.1268,21.1071,1
U070,Te quiero tanto - Kevin Kaarl,56.7316,450.0243,32.6626,3.0133,1.3314,15.3514,556.4887,14.02,1
U044,Los consejos - Greeicy,84.5936,74.6444,9.0237,23.4537,46.5288,43.9328,176.2848,90.4617,1
U031,Si hay algo - Josean Log,76.1597,150.4864,0.9013,22.0784,46.9492,14.6221,332.34,61.5714,1
U098,I bet on losing dogs - Mitski,83.4503,472.5029,12.7251,17.1246,0.6562,5.8593,559.3243,5.2032,1
U106,Treat you better - Shawn Mendes,54.3983,420.5772,89.3281,90.1717,30.9018,51.4125,497.2469,20.5108,0
U058,Niño - Milo J,45.0212,100.2816,11.8426,18.1527,17.398,23.5065,5.1199,40.9045,1
U117,You know i'm no good - Amy Winehouse,6.0651,113.4639,0.8024,0.3205,36.9454,5.591,197.9896,42.5364,1
U092,First love late spring - Mitski,60.5392,104.5368,54.4947,54.1739,94.371,227.5894,51.7267,133.2184,0
U077,Rata de dos patas - Paquita la del barrio,32.3816,466.8628,109.9392,125.5714,104.3863,19.6168,499.2444,124.003,0
U011,Still with you - Jung Kook,84.5936,516.3447,2.1349,8.8418,56.4557,0.6481,604.7317,57.1039,1
U053,La vida es un carnaval - Celia Cruz,55.3942,333.949,18.0706,2.7535,93.3009,3.3953,363.8821,96.6962,1
U028,La mujer que bota fuego - Manuel Medrano,54.5809,47.0499,20.6667,8.8224,21.7145,11.5278,65.3288,10.1866,1
U020,Let you break my heart again - Laufey,12.3126,245.7884,23.9227,38.7074,17.9136,65.7596,221.1195,47.846,1
U098,The girl is mine - Michael Jackson,84.5936,24.969,18.3602,10.4056,2.1075,46.9318,62.9957,44.8243,1
U037,Soltera - Shakira,62.7244,446.075,136.4851,122.41,84.7363,104.7052,533.5173,19.9688,0
U101,Sangre para derramar - Milo J,57.2726,219.035,43.6975,56.2097,6.9928,110.4782,281.0048,103.4854,0
U056,Caminando por la vida - Melendi,15.0001,248.3875,32.518,38.9048,62.3103,53.7304,256.8608,8.5799,1
U074,Say yes to heaven - Lana del rey,52.2806,577.9065,140.2872,43.3619,74.1762,234.4293,657.9085,160.253,0
U083,You know i'm no good - Amy Winehouse,27.2403,149.9629,42.0773,48.9311,60.7176,53.6614,186.6813,7.0562,1
U014,The girl is mine - Michael Jackson,84.5936,25.4776,45.9245,59.8003,32.3308,35.4104,121.4944,67.7412,1
U020,Aca entre nos - Vicente Fernandez,81.4806,315.8696,35.095,23.6804,62.288,145.8343,384.9939,83.5464,0
U050,Tears dry on their own - Amy Winehouse,43.1315,249.6649,4.8687,28.2403,5.3153,57.0236,292.574,62.3389,1
U119,Retirada - Milo J,81.1035,74.1616,11.9637,52.6926,33.7317,54.6546,2.6969,88.3863,1
U015,Bad - Michael Jackson,84.5936,283.5368,3.3085,16.121,86.4156,23.8631,350.3836,62.5526,1
U071,Sabes - Alex Ubago,23.9542,170.6472,17.7145,34.0663,14.173,152.9954,185.7113,138.8224,1
U118,Sigo aqui - Alex Ubago,52.0939,133.1463,72.2992,50.4302,36.8885,53.7737,278.5043,16.8851,0
U013,El chofer - Vicente Fernandez,44.7661,37.9121,52.1133,39.7557,17.1741,96.8102,21.923,79.6362,1
U109,Yo vivire (I will survive) - Celia Cruz,57.4782,615.0347,155.3235,131.377,91.8183,137.7023,724.8807,45.8839,0
U089,A veces a besos - Greeicy,66.4223,8.0288,1.2795,50.1035,19.3092,92.7137,45.4934,73.4046,1
U020,Bored - Laufey,81.4806,146.6859,6.8321,14.1154,30.2613,63.2254,77.5616,32.9641,1
U015,Back to black - Amy Winehouse,79.8992,137.0142,79.2636,89.0449,75.4624,212.1278,199.1666,136.6654,0
U115,Diamonds - Rihanna,50.4293,590.3006,127.1192,146.0775,71.053,137.9376,701.3792,66.8845,0
U084,A gritos de esperanza - Alex Ubago,58.8312,384.2884,132.1017,145.1312,43.5948,596.3491,539.024,552.7543,0
U107,Pobre pistolita - Paquita la del barrio,72.1148,175.5812,17.3001,27.57,31.1804,21.0973,258.8839,52.2778,1
U050,Aca entre nos - Vicente Fernandez,84.5936,385.1341,31.0536,21.6029,16.8365,15.5673,469.5053,32.4037,1
U061,Chicago - Michael Jackson,57.6365,386.0135,111.585,74.8816,41.6672,154.7303,476.5606,113.0631,0
U095,Brooklyn baby - Lana del rey,21.6798,453.2665,102.0569,103.2371,6.1068,90.8558,473.9063,84.7491,0
U010,Como hacer para olvidarte - Manuel Medrano,39.1119,284.8878,25.9724,8.8662,31.4141,52.0376,339.1308,83.4518,1
U106,Nobody - Mitski,54.3983,19.1201,122.2678,110.0661,108.1732,137.5599,95.7898,29.3867,0
U053,Mercy - Shawn Mendes,74.3209,133.3354,30.757,21.7968,3.9371,23.0249,182.1952,26.962,1
U078,Rolling in the deep - Adele,84.5936,257.867,12.497,4.7279,59.1973,263.1109,257.9152,322.3082,0
U052,Pobre pistolita - Paquita la del barrio,66.8761,252.8598,43.9463,57.9408,42.8324,114.4318,396.3811,157.2643,0
U044,"Volver, volver - Vicente Fernandez",84.5936,556.2859,14.7255,25.0501,34.2136,20.7058,657.9263,13.5078,1
U108,Loba - Shakira,65.788,270.1375,42.0188,12.2641,42.226,111.0493,302.18,153.2753,0
U107,Just friends - Amy Winehouse,68.2255,486.3567,64.098,57.0539,102.7869,21.0973,565.7701,81.6896,0
U070,Bored - Laufey,56.7316,117.6604,132.7479,127.292,77.4131,123.8143,224.1248,46.4012,0
U015,Pierdeme el respeto - Paquita la del barrio,84.5936,135.3677,148.0835,145.9253,213.9012,222.0124,68.5209,8.1112,0
U090,Someone like you - Adele,37.7528,77.3179,57.0688,67.2912,10.0106,45.9514,5.9374,35.9409,1
U119,Tres veces te engañe - Paquita la del barrio,84.5936,358.6418,52.1014,3.731,21.4235,230.5312,438.9904,209.1077,0
U100,Estos celos - Vicente Fernandez,60.9263,102.183,7.2468,22.6202,39.0595,90.5276,24.3154,129.5871,1
U109,Aunque no te pueda ver - Alex Ubago,61.575,524.0715,67.5712,45.6668,18.283,15.6433,638.0143,2.6396,0
U016,Mujeres divinas - Vicente Fernandez,62.3968,70.4063,10.2852,12.987,33.2867,40.2704,160.8824,6.9837,1
U073,Lo hecho esta hecho - Shakira,36.9974,647.5338,255.6954,227.5845,162.7963,280.0967,771.3623,117.3004,0
U001,West coast - Lana del rey,43.2365,299.1415,37.2147,16.064,27.2971,182.8251,354.5327,210.1222,0
U080,La distancia - Manuel Medrano,11.5538,164.8956,11.2818,5.1154,65.6589,190.6976,147.8362,125.0387,1
U088,From the start - Laufey,40.2695,26.6306,103.9112,101.9586,94.0023,100.6461,10.2902,6.6438,0
U094,Chachacha - Josean log,60.8547,35.4156,34.7736,33.4292,50.8461,106.0288,137.0195,55.1828,1
U024,First love late spring - Mitski,74.3637,321.0014,187.5515,153.3037,163.6102,279.2805,457.5538,115.6703,0
U070,Rincon - Milo J,56.7316,43.7223,10.0155,9.9327,9.5885,76.274,62.7421,66.6855,1
U077,Rincon - Milo J,32.3816,175.3679,26.2161,16.3799,16.1817,192.6178,142.9863,208.7995,0
U003,Niño - Milo J,75.555,364.4353,135.7663,118.8436,74.6274,291.2696,297.5325,216.6422,0
U069,Que pides tu - Alex Ubago,84.5936,278.3102,118.6715,150.9725,122.9582,250.807,197.3574,127.8488,0
U108,Still with you - Jung Kook,65.788,319.6309,7.2119,35.3358,8.5768,186.7833,351.6734,195.3602,0
U036,Es que yo te quiero a ti - Kevin Kaarl,61.8251,199.0549,145.1749,135.5705,184.1624,184.561,194.8733,0.3987,0
U117,Stitches - Shawn Mendes,51.2882,121.6739,33.6161,21.8113,44.5296,1.5331,148.8463,42.9964,1
U120,Rata de dos patas - Paquita la del barrio,57.3892,196.7416,62.9787,98.4207,54.7668,417.8032,55.055,472.5699,0
U036,Me enamore - Shakira,0.5935,74.5777,30.5424,12.6386,34.179,70.4025,7.9775,36.2235,1
U073,Caminando por la vida - Melendi,70.7286,446.9202,78.3577,62.9891,72.7449,19.3013,604.4799,53.4436,0
U019,Desde que estamos juntos - Melendi,65.9542,31.1689,25.2377,27.3239,25.8686,9.9745,206.7047,35.8431,1
U068,My you - Jung Kook,18.2232,298.898,9.2381,10.3233,51.9568,17.2982,305.3296,34.6585,1
U074,Vamonos a marte - Kevin Kaarl,68.4276,95.5251,9.3162,52.4561,6.7636,14.8247,0.6239,21.5882,1
U063,Ya para que - Greeicy,22.0031,267.8606,50.0014,51.5316,35.8782,66.0426,123.1101,30.1644,1
U014,Yes or no - Jung Kook,81.1035,87.6389,13.8821,32.2701,48.9647,10.1999,180.1656,38.7649,1
U113,Tu jardin con enanitos - Melendi,59.4279,451.1752,14.4053,57.0735,36.1912,74.4699,510.1327,110.6611,0
U037,Hate you - Jung Kook,46.6704,128.7985,88.0771,81.1646,42.1863,64.2595,200.1868,22.0733,0
U116,La vida es un carnaval - Celia Cruz,59.2987,477.4982,57.475,61.8635,133.0282,48.7568,536.9788,181.785,0
U091,Desde que estamos juntos - Melendi,50.3965,34.2064,29.5153,14.3633,16.051,24.3993,129.8759,40.4502,1
U036,Bitch better have my money - Rihanna,36.322,205.3674,24.4328,72.0544,50.8181,44.2387,175.6826,95.0568,1
U048,Quedate - Manuel Medrano,84.5936,216.2153,158.0247,119.8328,133.7293,261.273,135.9307,127.5438,0
U009,Rincon - Milo J,84.5936,315.4943,215.8099,243.5458,204.2414,409.5297,244.1584,205.2883,0
U059,Rata de dos patas - Paquita la del barrio,63.4427,405.3399,56.3192,37.6247,25.4498,77.5657,466.6149,52.116,0
U061,Me arrepiento - Alex Ubago,57.6365,58.4924,11.2235,4.0082,47.7352,8.4414,149.0395,56.1766,1
U082,Never be alone - Shawn Mendes,80.5192,599.4751,3.9895,36.2964,9.0419,19.2361,746.2145,28.278,1
U062,Say yes to heaven - Lana del rey,7.3146,424.139,126.9728,69.7531,78.31,288.2418,420.9058,209.9318,0
U107,In a lake portuguese -  Mitski,14.4892,410.6518,25.3651,24.6505,67.5814,31.0539,407.3504,98.6353,1
U090,Quimbara - Celia Cruz,49.6528,162.459,32.1742,13.429,15.2156,87.8234,91.1036,103.0391,1
U099,Te quiero tanto - Kevin Kaarl,80.1763,180.4303,93.4719,137.3229,13.185,110.4354,247.6699,97.2504,0
U120,Te quiero tanto - Kevin Kaarl,57.3892,48.2575,176.4869,247.2914,22.5179,499.1788,93.4291,476.6609,0
U086,Hate you - Jung Kook,68.5396,35.7638,28.376,44.4728,54.481,43.9627,105.5328,10.5182,1
U071,Beat it - Michael Jackson,23.9542,450.3029,194.3766,211.8548,51.5726,258.872,465.367,310.4445,0
U038,Rincon - Milo J,60.5,170.9963,51.284,45.3403,73.7383,117.4902,109.4101,43.7519,0
U103,Never be alone - Shawn Mendes,75.6635,628.1006,9.3678,31.7909,11.1357,64.3894,809.3535,53.2537,0
U091,Sangre para derramar - Milo J,49.6365,309.8421,11.5388,24.8732,25.5572,9.0623,404.7516,16.4948,1
U095,Soltera - Shakira,55.411,322.4768,84.8901,87.5574,23.4959,54.4327,376.8478,30.9367,0
U077,Un violinista en tu tejado - Melendi,32.3816,123.6198,27.8548,7.0623,30.2549,212.5295,91.2382,242.7844,0
U029,Colapso - Kevin Kaarl,82.3671,286.8791,126.7934,109.8003,57.4673,121.6874,206.777,64.2201,0
U023,Bored - Laufey,84.5936,23.0092,9.8765,10.103,21.6654,18.8577,62.0505,40.5231,1
U047,Diamonds - Rihanna,84.5936,398.9336,32.8961,26.678,7.8339,28.9025,482.4993,21.0687,1
U007,Borracho te recuerdo - Vicente Fernandez,68.0895,167.0138,61.0736,80.0586,14.9872,87.7678,334.0422,72.7806,0
U099,Smooth criminal - Michael Jackson,80.1763,353.8028,35.9176,38.8189,37.7633,159.0852,421.0424,196.8485,0
U003,Si pudiera - Manuel Medrano,81.888,264.1354,136.2242,118.8436,81.0478,277.8044,337.3712,196.7566,0
U099,Para siempre - Vicente Fernandez,80.1763,269.7166,80.6603,78.5711,56.4341,130.8455,202.477,74.4114,0
U043,Que me perdone tu perro - Paquita la del barrio,68.1244,625.969,83.8074,84.6689,48.4685,56.4143,771.2504,104.8828,0
U098,Nobody - Mitski,84.5936,50.5884,32.0771,35.4133,93.2238,118.1611,37.3764,24.9373,1
U103,Los besos - Greeicy,49.104,464.4324,92.2029,80.411,140.7854,121.4545,619.1259,19.3308,0
U089,Still with you - Jung Kook,78.3497,347.9781,4.0353,45.2584,44.7388,92.7137,413.4276,47.9751,1
U059,Too little too late - Laufey,51.5153,267.5028,29.7021,14.7241,52.3847,5.9048,316.8505,46.4798,1
U091,Somedoy - Jung Kook,34.3425,216.2852,151.5564,139.4214,53.3419,166.5601,295.9007,113.2181,0
U053,Lover girl - Laufey,32.8812,302.7481,16.9496,34.9059,70.8627,61.2607,244.4058,132.1235,1
U023,Billie Jean - Michael Jackson,84.5936,489.0397,7.7474,13.4566,4.1678,40.7642,574.0994,44.9321,1
U035,La mujer que bota fuego - Manuel Medrano,71.2139,71.3058,35.1896,43.4892,12.0572,41.5709,38.6405,53.628,1
U091,Colapso - Kevin Kaarl,50.3965,79.8826,11.4907,27.3957,18.667,7.6318,15.787,11.0351,1
U023,Love in the dark - Adele,84.5936,352.6908,18.3411,9.0506,12.2882,60.0103,437.7505,72.2985,1
U025,San lucas - Kevin Kaarl,67.5389,55.6799,9.9357,5.5024,33.2653,32.9867,107.4572,0.2786,1
U053,Estos celos - Vicente Fernandez,74.3209,383.4041,96.3418,105.6321,77.9924,77.959,334.5443,0.0335,0
U089,La negra tiene tumbao - Celia Cruz,25.1781,245.4711,15.0421,38.6663,9.6918,133.7248,257.7489,124.0332,1
U098,Aca entre nos - Vicente Fernandez,84.5936,454.2104,14.6625,7.4861,51.3763,27.8611,542.1751,23.5153,1
U096,Brooklyn baby - Lana del rey,22.0548,224.9299,21.5411,11.6329,52.5347,425.1943,124.7738,372.6594,0
U098,La distancia - Manuel Medrano,84.5936,257.7321,55.8707,45.4432,14.2493,50.7417,345.6968,36.4924,1
U058,A gritos de esperanza - Alex Ubago,50.9753,5.1631,53.7824,39.2572,34.6136,94.137,95.9527,59.5234,1
U120,Ultraviolence - Lana del rey,57.3892,46.9842,74.074,67.7693,8.1018,438.7205,188.6708,430.6187,0
U089,No me culpes por sentir - Kevin Kaarl,78.3497,408.7312,116.3458,139.0552,159.8925,273.5863,343.2817,113.6939,0
U011,My you - Jung Kook,66.6356,396.7701,51.8044,43.9278,50.3119,132.2913,467.1991,182.6032,0
U113,Stitches - Shawn Mendes,59.4279,68.0641,15.6598,2.2922,39.6232,34.1131,127.0216,73.7364,1
U002,Cinnamon girl - Lana del rey,45.906,150.7104,86.2478,49.9991,120.2945,148.5379,181.8346,268.8324,0
U046,Sabes - Alex Ubago,73.1014,289.2895,17.4649,51.4656,27.5632,29.9079,391.2854,2.3447,1
U104,The girl is mine - Michael Jackson,33.0441,78.0827,35.5054,42.0288,24.4027,50.1545,50.3134,25.7519,1
U044,La ley del monte - Vicente Fernandez,84.5936,361.9848,29.3738,0.1074,104.0774,7.2757,463.6252,96.8017,1
U054,Por si acaso no regreso - Celia Cruz,43.1315,258.0362,1.0744,56.7325,15.5918,106.8542,281.2618,122.446,1
U004,Rara vez - Milo J,67.138,290.8962,1.7436,6.0708,34.9299,33.8761,429.7101,68.8059,1
U015,Send my love - Adele,81.8948,8.4516,14.3801,49.9357,44.7412,111.6535,55.6964,66.9123,1
U014,Los besos - Greeicy,58.0341,390.4822,0.219,1.7234,86.8318,28.943,459.9396,57.8887,1
U014,Just friends - Amy Winehouse,80.7043,504.657,7.1652,27.3969,62.5868,8.1768,596.7845,54.41,1
U107,Standing next to you - Jung Kook,72.1148,492.419,133.9759,118.6094,118.6686,198.1514,575.7217,79.4828,0
U060,San lucas - Kevin Kaarl,38.48,421.6378,80.5762,89.7643,110.6382,364.7617,492.8249,254.1235,0
U037,Washin machine - Mitski,33.8516,576.8647,107.0344,77.8304,79.6237,89.9746,567.731,10.3509,0
U004,Si pudiera - Manuel Medrano,67.138,529.8442,27.2349,15.0619,11.0632,15.2388,668.6581,4.1756,1
U084,Chicago - Michael Jackson,59.2101,29.2291,70.1167,107.7851,11.0861,463.4757,125.1276,452.3896,0
U106,Sigo aqui - Alex Ubago,54.3983,64.7461,40.918,32.9891,29.2914,19.4964,141.4157,9.7951,1
U046,El chofer - Vicente Fernandez,65.0916,38.8399,40.8982,20.2636,20.7097,2.8313,55.1462,17.8784,1
U003,Tears dry on their own - Amy Winehouse,40.4259,170.136,4.5511,21.3127,4.4091,118.8687,201.9097,123.2778,1
U056,Rehab - Amy Winehouse,15.9088,155.3212,83.7235,83.0543,103.9167,91.3846,132.8856,12.5322,0
U016,Un violinista en tu tejado - Melendi,62.3968,49.4355,24.3534,21.8142,16.4579,94.2693,41.0406,77.8114,1
U065,Cola - Lana del rey,13.5698,433.5901,136.4384,114.6992,84.2015,1.8348,414.9878,86.0363,0
U116,Mujeres divinas - Vicente Fernandez,78.2254,24.3435,47.373,28.7386,3.2543,162.2509,54.0638,158.9966,1
U005,Say yes to heaven - Lana del rey,12.0885,433.0784,126.5068,49.4005,59.6328,277.4933,436.7534,217.8605,0
U030,Soltera - Shakira,84.5936,230.2843,30.9531,23.1544,74.135,4.0286,307.1416,70.1063,1
U086,Hombres malvados - Paquita la del barrio,84.5936,31.5822,10.1773,30.7437,110.3416,35.0095,54.2408,75.332,1
U027,Summertime sadness - Lana del rey,48.5851,234.2829,13.3949,45.4156,12.7013,325.8135,173.9859,313.1121,0
U015,Rincon - Milo J,84.5936,383.5823,187.0124,203.0506,171.0322,319.4329,316.7355,148.4007,0
U084,In my blood - Shawn Mendes,59.2101,184.6062,91.0326,107.7851,60.238,458.4799,30.2495,398.242,0
U077,Si pudiera - Manuel Medrano,32.3816,407.1005,41.1616,27.1295,2.7791,192.6178,439.4821,189.8387,0
U007,Alguien como tu - Josean Log,68.0895,53.4664,12.2815,7.2967,16.23,4.2028,220.4948,12.0272,1
U050,My you - Jung Kook,66.6356,315.0529,44.7551,28.8388,9.0464,58.1623,381.4661,67.2087,1
U003,Que le den candela - Celia Cruz,23.1083,311.6675,3.8945,7.5836,7.6803,121.1659,326.1236,128.8462,1
U008,"Volver, volver - Vicente Fernandez",23.3973,388.8302,57.4728,37.0223,41.41,73.5437,392.8562,114.9537,0
U099,Where have you been - Rihanna,80.1763,360.1153,78.6493,46.2337,106.5025,49.0662,427.3549,57.4363,0
U066,Quimbara - Celia Cruz,74.4642,306.0005,25.1413,6.639,45.0954,334.4962,339.431,379.5916,0
U108,Pobre pistolita - Paquita la del barrio,65.788,40.638,44.7622,63.1859,111.7684,252.8598,8.5955,141.0913,0
U054,You da one - Rihanna,84.5936,161.2824,6.3268,44.1879,2.5099,4.2216,225.9703,1.7117,1
U094,Quedate - Manuel Medrano,60.8547,5.8776,7.9167,9.2879,39.2682,38.4185,107.4815,77.6867,1
U085,From the start - Laufey,22.3265,51.0707,98.8293,81.7807,56.7199,98.7533,134.7833,42.0334,0
U059,I am - Milo J,60.7439,357.2555,88.6194,133.7948,74.0391,141.6005,415.8317,67.5615,0
U096,My you - Jung Kook,37.828,105.3553,79.941,88.6422,57.4826,610.397,20.9724,552.9143,0
U109,Pobre pistolita - Paquita la del barrio,65.0651,254.7658,93.5249,96.9348,34.6116,31.4139,372.1988,66.0256,0
U011,Love in the dark - Adele,84.5936,379.9958,32.0418,20.2575,47.0785,17.1054,468.3828,64.1839,1
U011,Too sad to dance - Jung Kook,83.4503,516.3447,1.8698,29.2439,70.0778,64.7015,603.5884,134.7794,0
U012,Limonar - Greeicy,11.8339,60.0135,0.1726,39.9003,1.0998,24.2034,207.6569,23.1036,1
U109,Para siempre - Vicente Fernandez,65.0651,14.7972,59.9146,69.2037,33.5972,6.6873,102.6358,26.9099,1
U005,Chachacha - Josean log,28.6144,136.635,10.0983,3.324,5.7137,63.5188,116.4341,57.8052,1
U069,MAI - Milo J,84.2147,153.9053,123.2355,172.3561,133.9761,213.0711,234.4792,79.0949,0
U013,Milagrosa - Milo J,41.294,569.873,17.7861,28.8858,9.0484,13.4525,626.2359,4.404,1
U083,Si supieras - Kevin Kaarl,84.5936,26.2356,56.7798,53.277,40.9624,10.2621,67.8361,30.7003,1
U078,Niño - Milo J,78.2606,461.6669,229.408,221.6995,92.8111,559.9155,467.9517,467.1044,0
U069,When we were young - Adele,84.5936,313.8096,24.7581,3.7415,69.92,47.7843,394.7624,22.1357,1
U115,Estos celos - Vicente Fernandez,50.4293,102.0199,13.9629,24.8049,67.3371,72.2243,9.0587,139.5614,1
U001,La distancia - Manuel Medrano,48.7455,318.5561,18.8978,11.0101,8.0034,21.6134,379.4563,13.61,1
U106,Como hacer para olvidarte - Manuel Medrano,51.6995,275.1114,3.6505,31.4474,22.2707,101.2759,349.0822,123.5466,1
U071,La mujer que bota fuego - Manuel Medrano,23.9542,203.1439,33.9577,35.0837,1.6189,230.5189,188.0798,232.1377,0
U083,Es que yo te quiero a ti - Kevin Kaarl,84.5936,524.864,42.5833,45.2363,98.4489,30.2747,618.9357,128.7235,0
U036,Mentira - Greeicy,29.2326,102.0958,24.4346,8.8525,20.4473,116.1363,138.8699,136.5836,1
U006,Promise - Laufey,76.6242,366.4812,28.8345,19.9798,26.0989,206.8847,431.8427,180.7858,0
U047,Send my love - Adele,81.8948,125.6653,68.9366,26.678,17.8334,40.146,206.5322,22.3125,1
U083,La luna - Josean Log,84.5936,196.853,32.2324,9.616,73.5874,0.2008,290.9247,73.3865,1
U047,I bet on losing dogs - Mitski,83.4503,392.7653,20.953,22.2627,104.2028,72.1558,475.1877,32.047,0
U026,Easy on me - Adele,60.9706,559.3105,144.2015,134.3225,37.2432,196.4236,635.0514,159.1804,0
U061,Somedoy - Jung Kook,41.5825,191.3497,135.4837,127.3881,32.9683,147.344,265.8428,114.3757,0
U066,Tierra - Josean Log,79.5647,485.9744,132.5924,123.8563,110.2968,478.6897,447.4433,368.3929,0
U114,Standing next to you - Jung Kook,78.989,175.8393,11.7635,14.5267,52.7208,250.9504,96.4588,303.6712,0
U065,Sangre para derramar - Milo J,29.6302,121.5853,56.3003,71.926,75.4314,315.6998,146.1831,240.2684,0
U107,Lover girl - Laufey,35.0873,504.6492,51.0588,50.575,113.2519,1.4967,480.7498,111.7553,0
U092,Una y otra vez - Manuel Medrano,60.5392,157.9051,19.8631,67.8749,1.6843,152.273,105.095,150.5887,1
U102,Beso - Josean Log,84.5936,402.1806,123.595,132.0981,37.0863,366.1623,345.7698,329.076,0
U109,Rincon - Milo J,65.0651,58.3969,24.4559,17.3713,1.268,77.9026,59.0361,76.6346,1
U070,Bajo el agua - Manuel Medrano,56.7316,60.4673,6.822,18.1909,7.4795,104.9037,45.9971,97.4241,1
U046,Los consejos - Greeicy,73.1014,80.9912,54.0821,49.074,36.8772,0.9218,182.9871,35.9555,1
U088,Too little too late - Laufey,51.0628,415.0047,81.3955,86.2884,95.3604,56.6367,489.9968,38.7236,0
U035,Cola - Lana del rey,27.2539,582.141,158.1059,114.3428,144.3899,297.9614,648.1272,153.5715,0
U085,Mentira - Greeicy,48.3407,301.0196,120.0359,102.0733,99.4704,107.7583,455.3995,8.2879,0
U060,Hate you - Jung Kook,22.426,172.5557,0.37,2.2523,52.1024,237.4318,259.7968,185.3293,0
U118,Donde nadie pueda ir - Manuel Medrano,52.0939,325.2922,22.0164,11.2021,29.11,55.8539,470.6502,84.9639,1
U035,Dead women - Mitski,60.6151,563.3124,17.5337,8.6435,74.5933,5.7143,662.6599,80.3076,1
U022,Milagrosa - Milo J,30.3535,598.3104,31.2073,28.9206,22.3627,3.9722,649.6818,26.3348,1
U067,In my bed - Amy Winehouse,43.848,556.3787,103.4548,70.7884,123.7622,19.4833,675.6922,104.2789,0
U042,Que me perdone tu perro - Paquita la del barrio,84.0393,207.6329,149.9625,175.1947,105.8925,308.7781,72.722,202.8856,0
U023,Rara vez - Milo J,84.5936,159.1285,122.0631,117.0792,38.3039,237.5833,244.1882,199.2793,0
U099,Billie Jean - Michael Jackson,80.1763,360.1153,24.2373,16.3978,37.0635,57.6494,427.3549,20.586,1
U029,Por si acaso no regreso - Celia Cruz,40.905,353.3369,63.5251,49.9106,50.6099,207.18,391.9767,156.5701,0
U043,Somedoy - Jung Kook,52.0704,220.4073,155.6969,147.4237,48.1561,135.7497,349.6347,87.5936,0
U017,Why why why - Shawn Mendes,39.6554,437.3301,71.3756,43.278,47.5494,27.7855,478.0952,75.3348,0
U044,Rie y llora - Celia Cruz,54.791,556.2859,33.5853,26.6374,85.5475,16.1693,628.1237,101.7168,0
U089,Me enamore - Shakira,15.9311,217.1884,30.1449,1.4446,29.8348,68.0184,220.2193,38.1837,1
U026,Que le den candela - Celia Cruz,2.1909,515.8794,88.3261,73.3629,6.3868,99.0905,532.8406,92.7037,0
U098,Mas fuerte - Greeicy,26.5292,503.7038,44.579,66.0653,122.6924,42.6078,533.604,80.0846,0
U029,Para siempre - Vicente Fernandez,82.3671,214.9815,65.3087,27.6637,81.0686,58.9326,134.8795,22.136,1
U020,La promesa - Melendi,81.4806,5.0941,85.3691,81.8603,145.415,158.0084,74.2184,12.5934,0
U080,Hate you - Jung Kook,4.5002,37.1989,74.6958,79.1866,5.6366,77.4905,70.3123,83.127,0
U002,Summertime sadness - Lana del rey,55.3071,371.7745,22.9878,6.2759,74.9086,265.9594,412.2998,340.868,0
U067,Me arrepiento - Alex Ubago,67.7894,67.4531,9.2598,33.1424,12.7831,58.3989,210.708,45.6158,1
U031,Promise - Laufey,76.1597,603.3711,101.9121,62.7311,102.7248,118.0185,785.2247,15.2937,0
U081,La mujer que bota fuego - Manuel Medrano,70.8128,424.3936,157.5579,167.4541,92.8249,613.5614,450.7685,520.7364,0
U103,MAI - Milo J,75.2846,377.2331,16.0684,54.3099,26.0788,52.3371,558.1071,26.2584,0
U084,"Volver, volver - Vicente Fernandez",59.2101,233.8145,75.253,90.8194,35.0506,499.1599,79.4578,464.1093,0
U083,Brooklyn baby - Lana del rey,50.8624,531.1765,93.4824,99.0709,35.4346,173.2974,591.517,137.8629,0
U091,Dame tu aire - Alex Ubago,50.3965,61.2361,26.1495,12.2261,0.5304,21.1786,34.4334,21.709,1
U050,In my bed - Amy Winehouse,60.6522,385.1341,13.6166,7.881,47.3114,19.7199,445.5639,27.5915,1
U059,My love mine all mine - Mitski,21.3615,220.5451,6.1092,39.029,3.6748,9.5055,239.7389,5.8307,1
U041,First love late spring - Mitski,84.5936,170.563,101.8415,79.1829,66.7024,327.3204,103.3572,260.618,0
U090,Promise - Laufey,54.7533,156.1465,65.317,68.9924,12.5085,99.3763,89.8917,86.8679,0
U038,Un violinista en tu tejado - Melendi,60.5,119.2482,52.9227,36.0227,59.6651,137.4019,57.662,77.7368,0
U103,Un violinista en tu tejado - Melendi,75.6635,6.4171,32.2489,44.9923,29.9899,28.5399,187.67,58.5298,1
U072,Tres veces te engañe - Paquita la del barrio,65.2113,243.9685,21.2189,3.0884,39.7193,152.8322,71.4499,192.5515,1
U018,Nobody - Mitski,80.3973,311.9243,80.8228,72.3305,5.9266,267.7834,279.9854,273.71,0
U049,Fragile - Laufey,53.6095,499.6931,178.0805,176.6842,111.5337,169.185,585.2763,57.6513,0
U036,Las de la intruicion - Shakira,61.8251,97.1383,14.8461,3.0908,59.6022,12.8486,92.9567,72.4508,1
U023,Brooklyn baby - Lana del rey,50.8624,489.0397,35.977,45.1404,20.4695,10.0065,540.3682,10.4629,1
U077,La promesa - Melendi,32.3816,137.7948,4.3151,5.0037,11.9704,87.3125,170.1764,75.3421,1
U063,I bet on losing dogs - Mitski,40.7575,236.6597,25.2596,0.6923,100.8419,4.8817,154.6698,105.7237,1
U068,Mercy - Shawn Mendes,36.1812,217.859,31.1546,33.0267,15.2621,101.5001,242.2486,86.2381,1
U054,La luna - Josean Log,84.5936,14.7738,122.4958,122.2234,138.1574,175.0194,49.914,36.8621,0
U105,Ya para que - Greeicy,18.7104,294.1036,3.0398,22.4821,114.8871,68.8534,285.4045,183.7405,1
U091,Cheque al portamor - Melendi,50.3965,34.2064,33.4559,25.4275,4.233,11.7368,129.8759,15.9697,1
U049,Sangre para derramar - Milo J,53.2284,295.9174,25.4088,8.7745,16.5156,1.3004,381.1195,17.816,1
U085,Doma - Josean log,80.9332,362.5111,8.4152,6.8778,108.4165,6.1046,549.4835,102.312,1
U006,Hate you - Jung Kook,60.5702,75.2725,4.2548,23.3529,59.7786,209.1555,25.965,149.3768,1
U003,Bajo el agua - Manuel Medrano,81.888,335.078,124.4722,99.8358,59.978,306.4341,261.8422,246.456,0
U069,Quedate - Manuel Medrano,84.5936,194.4786,126.9487,149.8371,190.0894,253.8294,113.5258,63.74,0
U018,Dead women - Mitski,69.7985,223.5393,159.1977,141.6492,16.6776,458.3435,244.8793,441.6659,0
U084,In a lake portuguese -  Mitski,27.3939,114.9287,106.1051,115.1475,17.6478,596.3491,126.0321,578.7013,0
U035,La luna - Josean Log,71.2139,247.8175,11.2348,19.4151,22.8412,32.5207,357.7638,55.3618,1
U075,West coast - Lana del rey,62.1882,53.1292,159.8658,197.2309,146.0265,44.2453,174.0559,101.7812,0
U120,There's nothing holding me back - Shawn Mendes,57.3892,409.8979,123.0052,151.845,8.9426,464.9712,551.5844,456.0286,0
U101,Es que yo te quiero a ti - Kevin Kaarl,58.0326,524.7273,8.1808,0.1325,39.4525,31.5784,587.4571,7.874,1
U049,Tierra - Josean Log,53.9884,184.0527,39.9148,80.675,34.2411,15.9843,98.0906,50.2254,1
U094,Amor viejo - Kevin Kaarl,60.8547,110.191,37.8861,50.8457,10.2184,3.4421,211.7949,6.7763,1
U100,Yo vivire (I will survive) - Celia Cruz,53.3394,615.1701,114.6789,104.7836,91.7932,233.1149,734.0815,141.3215,0
U115,Mentira - Greeicy,17.8368,307.87,143.7879,147.9761,126.9612,153.5612,386.3561,26.5999,0
U091,Si hay algo - Josean Log,50.3965,162.6497,47.8223,37.1497,28.6098,5.6216,258.3192,22.9884,1
U011,Gitana - Shakira,71.7677,160.3378,4.5184,7.9284,94.3228,43.815,235.8989,138.1378,1
U073,Alguien como tu - Josean Log,70.7286,74.7892,29.7273,26.0777,21.8083,21.414,232.3489,0.3943,1
U041,Que me perdone tu perro - Paquita la del barrio,84.5936,354.8233,64.1118,53.367,48.691,309.9332,422.0291,261.2422,0
U069,Mujeres divinas - Vicente Fernandez,84.5936,97.0689,104.7774,128.2373,146.8938,239.9492,16.1161,93.0554,0
U095,Pobre pistolita - Paquita la del barrio,55.411,92.9976,2.54,10.1979,113.0425,28.7802,147.3686,84.2624,1
U112,Niño - Milo J,57.5841,95.6383,2.993,7.8133,14.7843,66.0907,52.4244,80.875,1
U005,In my bed - Amy Winehouse,4.673,383.585,82.0549,59.0631,80.6734,97.3335,379.8445,16.6601,0
U108,Stronger than me - Amy Winehouse,16.6556,319.6309,45.1124,18.0258,32.6639,164.6222,302.5409,197.2861,0
U044,Mas fuerte - Greeicy,26.5292,562.5984,46.7862,27.0927,112.4892,1.4226,606.1743,113.9118,0
U081,Diamonds - Rihanna,70.8128,204.0206,17.4128,15.3507,3.8833,456.1932,177.6457,452.3099,0
U103,Just friends - Amy Winehouse,71.7742,578.6072,85.2567,54.7375,116.5404,100.6883,755.9708,15.8521,0
U077,Mercy - Shawn Mendes,32.3816,297.4501,62.8042,99.2977,60.3448,64.6661,329.8317,125.0109,0
U019,Un violinista en tu tejado - Melendi,65.9542,2.8741,8.619,25.1867,5.6835,50.4288,172.6617,44.7453,1
U031,Rara vez - Milo J,76.1597,279.7724,23.6425,45.9365,35.4326,54.9733,461.626,90.4058,0
U003,Si supieras - Kevin Kaarl,81.888,202.3135,102.955,87.8392,52.6783,232.4114,129.0777,179.7331,0
U098,Rehab - Amy Winehouse,53.6847,210.0239,9.4426,7.6281,91.9712,0.0976,267.0797,91.8737,1
U047,"Volver, volver - Vicente Fernandez",84.5936,417.6537,4.2904,25.4648,60.4422,13.2789,501.2194,47.1632,1
U008,Waka waka - Shakira,7.5116,363.9418,138.1601,58.5131,116.8492,214.6938,337.0589,97.8446,0
U083,Mentira - Greeicy,52.0011,223.7133,78.157,81.4817,106.1608,98.6994,285.1925,7.4614,0
U040,Rehab - Amy Winehouse,13.8695,303.8446,115.7966,115.7781,94.1746,103.6343,339.3198,9.4597,0
U109,Sangre para derramar - Milo J,64.3051,303.0299,21.4594,10.4104,16.8861,70.8726,419.7029,53.9865,1
U091,Te busco audio - Celia Cruz,48.09,603.0183,116.8409,73.8138,40.6292,187.5704,696.3813,146.9411,0
U053,Too little too late - Laufey,62.3935,164.911,10.2391,18.4237,74.9135,49.6365,201.8435,124.5499,1
U041,Mercy - Shawn Mendes,84.5936,154.2097,40.2231,11.4475,28.8157,285.2985,221.4155,314.1142,0
U120,Cinnamon girl - Lana del rey,47.2281,6.8784,21.2927,81.5285,65.9115,336.8326,144.9693,402.7441,0
U001,Donde nadie pueda ir - Manuel Medrano,48.7455,248.0075,24.787,24.4385,28.8162,37.1749,308.9077,65.9911,1
U061,Aca entre nos - Vicente Fernandez,57.6365,547.418,79.2679,70.4387,24.6622,82.171,637.9651,57.5087,0
U037,Tres veces te engañe - Paquita la del barrio,62.7244,539.531,147.8544,91.4018,54.6373,339.1794,626.9733,284.5421,0
U111,Ya para que - Greeicy,2.8672,219.8941,14.149,4.5297,113.9344,85.9486,3.0026,199.883,1
U091,El chofer - Vicente Fernandez,42.3867,14.0618,85.5883,76.6666,34.224,75.5331,101.7215,41.309,0
U055,Chicago - Michael Jackson,59.0821,382.2673,104.8579,65.597,59.3555,171.7063,480.3066,112.3507,0
U058,Vamonos a marte - Kevin Kaarl,50.9753,54.1793,22.969,3.8363,12.2848,119.1589,46.9365,106.8741,1
U068,Quedate - Manuel Medrano,36.1812,180.7788,47.0371,60.1319,74.8522,6.2446,156.3892,68.6077,1
U089,Una y otra vez - Manuel Medrano,78.3497,230.7765,54.9743,118.4308,90.4087,106.8605,165.327,16.4519,0
U042,Man down - Rihanna,30.8677,144.0872,88.608,131.5935,39.8823,239.0941,332.1698,278.9764,0
U009,Pobre pistolita - Paquita la del barrio,84.5936,2.3316,146.7409,163.9823,237.585,300.2132,69.0043,62.6281,0
U107,Borracho te recuerdo - Vicente Fernandez,72.1148,76.6529,26.6607,48.9786,7.2094,15.0978,159.9556,22.3072,1
U101,Hate you - Jung Kook,41.9786,82.9736,62.3101,87.2496,69.2701,34.5755,129.6494,34.6945,0
U016,MAI - Milo J,62.0179,321.3805,8.1729,31.1318,20.369,13.3923,411.4777,6.9768,1
U097,Nobody - Mitski,43.9037,10.9475,123.6371,121.5471,102.3949,6.063,66.8626,96.3319,0
U111,Sigo aqui - Alex Ubago,61.0367,288.7721,125.9576,114.1573,9.0999,152.8712,447.7649,143.7714,0
U036,Por si acaso no regreso - Celia Cruz,20.363,143.8539,13.4026,34.4593,36.7353,66.8371,98.2101,103.5724,1
U077,Sin remitente - Melendi,32.3816,189.762,24.1188,20.3681,18.2907,164.7887,157.3804,183.0794,1
U058,Love is a losing game - Amy Winehouse,30.9224,115.1997,111.3647,104.9403,131.6227,132.4493,95.9815,0.8267,0
U089,Washin machine - Mitski,18.2263,347.9781,4.9606,40.3286,33.6582,90.3079,316.8516,56.6498,1
U042,Aca entre nos - Vicente Fernandez,84.0393,158.1395,134.2888,169.3893,17.574,294.6157,23.2286,277.0418,0
U028,El chofer - Vicente Fernandez,46.5711,1.3882,95.273,81.569,54.1955,121.7905,102.9807,67.595,0
U069,The girl is mine - Michael Jackson,84.5936,123.9,60.6697,95.7121,138.4321,137.4863,42.9472,0.9458,0
U019,Bajo el agua - Manuel Medrano,65.9542,71.3672,7.0642,24.1273,17.6477,59.1468,104.1686,41.499,1
U020,Promise - Laufey,81.4806,359.0505,20.2001,15.8068,22.9384,108.9592,428.1748,86.0208,1
U010,I'll change for you - Mitski,14.1326,583.1887,177.2383,181.0317,107.4958,154.4118,584.1872,46.9158,0
U095,Someone like you - Adele,38.4105,368.1254,77.8196,51.3863,17.1235,69.6827,405.4959,52.5592,0
U070,Send my love - Adele,54.0328,331.4084,182.6478,163.0476,116.7025,131.5054,435.174,14.8029,0
U054,Brooklyn baby - Lana del rey,50.8624,319.5497,3.219,13.5365,29.1354,1.5212,350.5063,27.6143,1
U001,Somedoy - Jung Kook,32.6915,158.9661,116.3218,105.9166,81.9351,165.3892,203.8123,83.4541,0
U100,Hombres malvados - Paquita la del barrio,60.9263,99.7579,105.0211,120.1846,115.2123,160.6405,226.2563,45.4282,0
U020,My you - Jung Kook,63.5226,245.7884,48.7965,30.9163,36.4051,219.5639,296.9547,183.1588,0
U069,Que me perdone tu perro - Paquita la del barrio,84.5936,404.7728,72.6457,98.598,177.4818,170.7194,485.7256,6.7624,0
U036,In my blood - Shawn Mendes,61.8251,149.8466,85.4886,79.8596,113.2566,75.4563,145.665,37.8002,0
U011,Una y otra vez - Manuel Medrano,84.5936,62.4099,56.8747,82.0142,10.7858,14.7949,25.9771,25.5807,1
U093,Rincon - Milo J,79.6162,440.1876,204.6581,203.1487,43.3232,195.507,413.1881,152.1838,0
U051,Summertime sadness - Lana del rey,68.4107,243.1445,49.7546,77.1729,70.4668,430.9273,252.787,360.4605,0
U110,Sin remitente - Melendi,77.6194,134.758,51.4155,57.018,45.6226,99.1665,38.2441,53.5439,1
U050,Mentira - Greeicy,52.0011,127.1643,41.4016,53.8471,84.7205,52.4424,178.943,32.2781,1
U059,Azul celeste - Paquita la del barrio,63.4427,27.0025,26.7107,23.3291,84.2105,43.2956,88.2775,127.5062,1
U001,Bored - Laufey,48.7455,52.4789,102.0331,86.763,105.6557,182.8251,113.3791,77.1694,0
U014,Tears dry on their own - Amy Winehouse,43.1315,369.1878,6.3045,7.0376,28.4592,57.796,423.7425,29.3368,1
U031,Taco placero - Paquita la del barrio,76.1597,132.3579,30.2548,24.7163,8.4242,68.9693,314.2116,77.3935,1
U063,Promise - Laufey,41.9008,261.5481,28.0981,15.5688,10.7722,63.7586,180.7015,74.5308,1
U085,Remember the time  Michael Jackson,80.9332,577.2819,65.4214,12.3574,9.4346,174.3015,764.2543,164.8669,0
U031,Pierdeme el respeto - Paquita la del barrio,76.1597,184.4666,4.7406,0.8057,34.4687,61.0845,366.3202,95.5532,1
U098,Rata de dos patas - Paquita la del barrio,84.5936,472.5029,40.6875,54.9017,84.606,83.3827,560.4676,1.2232,0
U057,Billie Jean - Michael Jackson,56.6341,210.7763,16.0043,21.1831,35.9471,116.5699,208.1617,80.6227,1
U091,Donde nadie pueda ir - Manuel Medrano,50.3965,305.3266,10.4476,9.0663,0.223,36.004,400.9961,36.2271,1
U056,Estos celos - Vicente Fernandez,15.0001,268.352,2.2486,20.2189,29.4195,74.6863,259.8787,104.1059,1
U117,Soltera - Shakira,51.2882,136.96,33.4359,34.1396,29.0515,77.6219,109.7876,48.5703,1
U083,Rehab - Amy Winehouse,53.6847,237.4966,29.8069,21.1459,45.1987,34.0608,300.6594,11.138,1
U004,La mujer que bota fuego - Manuel Medrano,67.138,32.6394,15.8427,3.3008,19.5797,33.8761,106.1745,53.4557,1
U120,A veces a besos - Greeicy,45.4618,128.0644,80.8467,137.8035,78.9934,415.4112,281.6783,494.4046,0
U096,Como hacer para olvidarte - Manuel Medrano,53.0872,73.371,145.4182,180.0204,127.4205,685.2032,142.4947,557.7826,0
U021,Let you break my heart again - Laufey,40.4454,92.7855,2.2029,23.2182,43.0019,176.8927,93.722,219.8946,1
U064,Hombres malvados - Paquita la del barrio,56.9236,110.1347,143.4786,139.5217,112.5782,74.0211,261.3849,38.557,0
U112,Where have you been - Rihanna,63.9171,623.8956,212.2489,195.2001,157.9321,198.5015,778.2913,40.5694,0
U038,Cheque al portamor - Melendi,60.5,85.2052,32.3634,22.8213,68.0322,89.6611,23.619,21.6289,1
U069,Set fire to the rain - Adele,62.6929,404.7728,33.1576,1.7532,18.8726,76.4823,463.8249,95.3549,1
U032,Say yes to heaven - Lana del rey,58.8475,461.3445,86.9096,24.0482,81.0461,2.9724,520.192,78.0737,0
U076,La promesa - Melendi,52.1989,249.8579,31.376,1.6981,18.8235,58.3467,359.7254,77.1702,1
U101,Brooklyn baby - Lana del rey,24.3014,531.0398,127.8849,144.1747,94.431,111.4443,560.0384,17.0134,0
U001,Retirada - Milo J,45.2554,94.3907,78.024,38.8949,36.5947,233.8638,151.8008,197.2691,0
U076,Beso - Josean Log,52.1989,70.5642,37.1196,26.9748,17.7487,20.6831,39.3033,38.4318,1
U059,Pierdeme el respeto - Paquita la del barrio,63.4427,11.3238,40.9072,47.2013,105.6238,1.9852,72.5988,107.609,1
U067,Si hay algo - Josean Log,67.7894,146.6749,11.2663,4.0178,43.1883,80.4348,289.9298,123.6232,1
U059,Bajo el agua - Manuel Medrano,63.4427,253.6358,83.0296,96.0684,60.6458,124.065,192.3608,63.4191,0
U017,Hate you - Jung Kook,23.6014,74.405,80.5011,103.165,63.0764,27.7855,99.1161,90.8617,0
U116,Caminando por la vida - Melendi,78.2254,276.8846,26.668,22.3292,53.4647,144.2764,355.2919,197.7411,0
U106,Cheque al portamor - Melendi,54.3983,14.2282,13.6435,10.1222,17.0569,42.3904,62.4414,59.4473,1
U104,Too little too late - Laufey,21.1167,281.5521,67.936,84.4355,85.0307,85.3645,297.3941,170.3952,0
U025,Dead women - Mitski,56.9401,622.6398,37.0408,34.9856,105.3745,25.4522,775.1781,79.9223,0
U108,Sangre para derramar - Milo J,65.028,7.6261,116.8277,170.5311,94.0429,355.1463,38.9086,261.1034,0
U081,Brooklyn baby - Lana del rey,37.0816,229.0532,14.5813,4.1371,18.7013,365.9716,168.9471,347.2702,0
U098,Top of the world - Shawn Mendes,84.5936,47.4503,36.1587,28.5818,2.1075,40.4644,40.5144,38.3569,1
U025,I'll change for you - Mitski,11.5956,641.4684,140.7633,134.9563,118.1579,183.6259,748.6622,65.4679,0
U045,Cola - Lana del rey,24.572,184.5869,6.6406,44.9106,55.9671,12.633,148.3782,43.3341,1
U031,Washin machine - Mitski,20.4163,609.6836,87.7801,56.0238,106.4825,141.4628,694.9612,34.9803,0
U108,Sin miedo a nada - Alex Ubago,65.788,85.9308,63.7713,115.6226,68.2627,238.4499,53.8883,170.1871,0
U104,Milagrosa - Milo J,21.5622,450.5901,40.4486,29.4986,12.1682,205.3419,466.8774,193.1738,0
U021,You da one - Rihanna,53.3478,54.0928,34.0736,23.2182,56.0838,148.1947,38.6214,204.2785,0
U073,No me culpes por sentir - Kevin Kaarl,70.7286,109.1755,25.3148,26.0777,9.3706,38.24,48.3842,28.8694,1
U072,Ya para que - Greeicy,1.3074,281.3022,16.4342,32.1871,107.5984,423.1973,44.8797,530.7957,0
U119,Dont stop the music - Rihanna,84.2147,395.9755,59.8409,68.9468,103.2632,13.82,475.9452,117.0832,0
U061,Mas fuerte - Greeicy,0.4279,596.9114,138.5094,143.9901,95.9783,96.9177,629.394,0.9394,0
U034,Where have you been - Rihanna,54.3008,594.9991,180.3664,172.5228,131.6201,92.3441,680.0976,39.2759,0
U055,Desde que estamos juntos - Melendi,59.0821,5.5247,6.7155,6.9546,18.7363,22.1592,103.564,40.8954,1
U105,Love is a losing game - Amy Winehouse,0.3377,440.3484,46.2442,65.1522,110.3925,130.0143,467.4201,240.4067,0
U038,Still with you - Jung Kook,60.5,502.4353,69.7591,62.0733,13.2633,57.9028,564.0215,44.6394,0
U009,Retirada - Milo J,81.1035,112.1998,117.0866,174.0546,186.3008,158.4027,44.354,27.8981,0
U011,Rata de dos patas - Paquita la del barrio,84.5936,485.1438,17.2471,25.6959,57.6587,3.0401,573.5308,60.6987,1
U063,Los consejos - Greeicy,41.9008,220.0934,23.7654,0.9134,44.7661,0.88,300.94,43.886,1
U006,Ya para que - Greeicy,12.7203,372.7937,50.7378,15.983,20.5515,204.6007,374.2513,225.1522,0
U108,Let you break my heart again - Laufey,28.0052,200.0563,25.9918,0.7981,20.9245,164.6222,138.3056,185.5467,1
U119,Pobre pistolita - Paquita la del barrio,84.5936,35.7066,41.618,42.6203,85.0159,87.1559,116.0552,2.1399,1
U006,Billie Jean - Michael Jackson,76.6242,372.7937,33.0904,25.0248,59.255,101.529,438.1552,42.2739,0
U020,La distancia - Manuel Medrano,81.4806,119.3913,76.3032,61.6375,127.9136,224.4371,188.5156,96.5235,0
U048,Diamonds - Rihanna,84.5936,358.0035,32.2615,10.7631,12.8456,142.7491,438.2881,155.5948,0
U090,Loba - Shakira,54.7533,112.9656,45.5674,33.0296,13.8178,2.6038,46.7108,16.4217,1
U013,San lucas - Kevin Kaarl,52.7759,127.2753,3.1252,10.3414,24.88,29.9386,59.4304,54.8187,1
U073,La mujer que bota fuego - Manuel Medrano,70.7286,5.913,21.0995,13.4724,30.4636,51.3977,151.6467,81.8612,1
U014,El chofer - Vicente Fernandez,76.5838,53.6347,51.9791,62.6862,6.1262,9.5143,34.3723,15.6405,1
U097,Mercy - Shawn Mendes,43.9037,364.6261,85.1125,114.7618,49.7356,73.7647,420.5411,123.5003,0
U023,Yes or no - Jung Kook,81.1035,22.5282,23.4589,23.2881,21.6654,107.6064,104.0978,129.2719,1
U026,Taco placero - Paquita la del barrio,60.9706,81.9848,27.596,38.7212,80.205,47.7573,157.7258,127.9623,1
U054,Hello - Adele,79.0846,258.0362,32.0948,13.5365,23.0858,93.67,317.215,116.7558,1
U040,Una y otra vez - Manuel Medrano,44.7784,18.7699,72.9197,55.3416,39.9365,175.1646,85.154,135.2282,0
U095,Dont stop the music - Rihanna,55.0321,453.2665,103.9989,121.765,75.2366,44.5557,507.2586,30.6809,0
U054,Sabes - Alex Ubago,84.5936,39.894,152.677,184.1103,119.0509,171.5875,104.5818,52.5366,0
U057,Rata de dos patas - Paquita la del barrio,56.6341,179.5754,20.2053,6.7625,8.9109,203.2791,176.9608,194.3681,1
U029,Chicago - Michael Jackson,82.3671,203.9525,12.355,4.5103,23.2405,59.8908,284.0545,36.6503,1
U074,Love on the brain - Rihanna,68.8065,361.9108,147.1489,118.5912,83.2016,161.59,458.4387,78.3883,0
U034,La distancia - Manuel Medrano,54.3008,349.0274,25.1952,37.492,9.638,119.9063,434.1259,110.2682,0
U069,Si hay algo - Josean Log,84.5936,54.4244,104.4903,138.1149,105.5893,252.3225,26.5284,146.7333,0
U089,Man down - Rihanna,25.1781,3.742,9.4783,35.3127,19.3092,95.1057,8.5358,75.7966,1
U009,Los besos - Greeicy,58.0341,194.2691,92.9968,108.8249,79.3727,279.447,239.0456,200.0742,0
U107,Rehab - Amy Winehouse,41.2059,242.1702,53.1415,42.6842,97.733,1.4967,294.564,96.2364,0
U061,Cola - Lana del rey,13.6765,596.9114,188.2048,149.7187,113.7021,285.5866,643.4984,171.8845,0
U095,San lucas - Kevin Kaarl,55.411,243.8818,44.4641,45.7046,77.5899,113.3429,189.5108,35.753,0
U029,Yes or no - Jung Kook,78.877,51.6611,8.3826,24.6781,38.2622,18.8083,24.9508,57.0706,1
U046,Never be alone - Shawn Mendes,73.1014,568.9452,9.8232,30.9755,28.2344,15.7765,670.9411,12.4579,1
U099,Rolling in the deep - Adele,80.1763,360.1153,111.2984,75.8185,115.3631,81.2786,427.3549,34.0845,0
U096,Loba - Shakira,55.786,175.4365,8.8052,5.9563,17.6896,403.0198,109.0116,385.3301,0
U005,Borracho te recuerdo - Vicente Fernandez,28.6144,26.1188,35.009,50.9878,47.822,79.0185,5.9179,126.8405,1
U042,Easy on me - Adele,84.0393,207.6329,34.0455,72.3156,28.0748,158.1235,72.722,186.1983,0
U069,La distancia - Manuel Medrano,84.5936,158.8011,98.1802,130.7497,154.7889,235.1598,239.7539,80.3709,0
U099,Te busco audio - Celia Cruz,77.8698,341.2867,13.8134,59.4982,26.4634,1.6019,406.2198,24.8615,1
U021,Fecha de caducidad - Melendi,53.3478,212.3601,78.6488,83.282,52.812,263.1072,119.6458,210.2952,0
U111,In a lake portuguese -  Mitski,25.5673,94.6958,95.0187,82.8992,38.3777,185.4218,150.9011,223.7995,0
U053,Set fire to the rain - Adele,52.4202,333.949,51.1576,33.1285,122.7848,46.5775,360.9081,76.2073,0
U105,Donde nadie pueda ir - Manuel Medrano,82.6143,22.4167,159.0516,171.3378,15.9257,245.4036,32.7881,229.4779,0
U068,Remember the time  Michael Jackson,36.1812,387.2717,40.7803,17.3533,37.5951,194.4461,411.6613,156.8511,0
U063,Pobre pistolita - Paquita la del barrio,41.9008,92.4083,38.9333,23.9184,138.4403,18.7206,173.2549,157.161,1
U042,In a lake portuguese -  Mitski,2.5647,82.4346,137.9601,172.3088,7.1307,354.9298,139.0804,347.7991,0
U015,Desde que estamos juntos - Melendi,84.5936,297.7912,172.0324,191.5958,177.1441,278.9413,230.9444,101.7972,0
U115,Tears dry on their own - Amy Winehouse,8.9672,430.3706,107.255,122.3693,36.9254,158.1424,499.9871,121.2169,0
U113,Treat you better - Shawn Mendes,59.4279,304.6526,25.8979,3.8886,29.5605,25.8555,363.6102,55.4159,1
U046,Limonar - Greeicy,28.5078,270.6443,78.4236,49.074,72.1164,86.5989,328.0466,14.4825,0
U076,Quedate - Manuel Medrano,52.1989,10.8754,11.6734,2.8335,36.6226,26.7516,120.7429,9.871,1
U071,Me arrepiento - Alex Ubago,23.9542,88.1161,17.6435,30.9786,27.4857,168.1318,73.052,140.6461,1
U023,From the start - Laufey,18.6661,68.3724,0.555,7.2586,48.4452,73.5965,86.5725,122.0417,1
U003,Estos celos - Vicente Fernandez,81.888,362.2545,97.8432,76.2517,99.8534,204.7868,289.0187,104.9333,0
U070,Sigo aqui - Alex Ubago,56.7316,121.0431,56.2106,55.3186,8.3521,13.4419,227.5075,5.0897,1
U015,I am - Milo J,81.8948,210.564,195.7957,232.5188,182.3165,365.5981,274.712,183.2817,0
U057,La promesa - Melendi,56.6341,149.4926,125.8294,113.8052,125.2676,270.9748,152.1072,145.7072,0
U044,Bitch better have my money - Rihanna,59.0905,562.5984,108.8673,109.8982,173.1009,92.6034,638.7356,80.4975,0
U087,Me enamore - Shakira,16.8118,61.2572,70.7801,44.7717,31.9723,186.9561,52.3095,154.9838,0
U006,There's nothing holding me back - Shawn Mendes,76.6242,265.0467,31.1371,50.5035,95.9282,235.4062,199.6851,139.478,0
U038,Quiero + - Greeicy,60.5,459.0042,58.2396,72.019,1.6087,34.5935,520.5904,32.9848,0
U047,Que le den candela - Celia Cruz,25.8139,380.5351,21.4775,10.7593,38.6903,10.9949,405.3211,27.6953,1
U119,Let you break my heart again - Laufey,9.1996,276.4009,29.136,19.7675,47.677,1.0817,262.9563,46.5953,1
U008,Summertime sadness - Lana del rey,22.6373,395.1427,64.068,38.6187,47.358,91.3481,398.4087,138.7061,0
U008,In a lake portuguese -  Mitski,63.2067,269.9444,26.6207,12.6942,58.8128,170.7329,187.3663,229.5457,0
U068,Dame tu aire - Alex Ubago,36.1812,264.6104,46.2515,73.3333,19.4923,10.8193,240.2208,30.3118,1
U025,Milagrosa - Milo J,56.057,641.4684,10.9756,13.042,49.0969,10.4044,793.1235,59.5013,1
U003,Summertime sadness - Lana del rey,81.128,355.0986,6.6974,5.5255,8.1236,141.2543,427.5744,133.1307,1
U113,Amor viejo - Kevin Kaarl,59.4279,37.4503,87.8481,136.2945,13.5449,162.2569,21.5072,175.8018,0
U117,Me arrepiento - Alex Ubago,51.2882,270.6693,105.2223,117.6668,91.5658,71.1577,297.8417,20.4081,0
U035,Si hay algo - Josean Log,71.2139,122.9438,1.6507,10.2595,38.924,1.2197,232.8901,40.1438,1
U096,Beso - Josean Log,55.786,455.7611,110.77,114.3095,165.4177,586.5051,522.186,421.0873,0
U007,Sangre para derramar - Milo J,67.3295,314.2062,20.3525,48.6952,8.7417,8.5192,480.4746,17.2609,1
U068,Quiero + - Greeicy,36.1812,375.0415,51.6579,34.7084,46.446,125.6321,399.4311,79.1862,0
U010,Sangre para derramar - Milo J,41.0507,271.1839,21.3493,0.1351,4.8761,13.9512,327.3657,18.8274,1
U006,I bet on losing dogs - Mitski,75.4809,341.5928,24.5232,34.8563,116.1686,265.7616,405.811,149.5929,0
U111,Standing next to you - Jung Kook,61.0367,176.463,13.5921,11.0597,89.4649,43.7835,17.4702,45.6814,1
U115,Where have you been - Rihanna,50.4293,615.3332,185.2957,169.5998,101.0367,250.3337,726.4118,149.2969,0
U075,My you - Jung Kook,49.7392,92.6825,150.676,171.5636,19.2175,200.5838,40.6932,181.3663,0
U036,Quedate - Manuel Medrano,61.8251,393.884,166.8665,141.347,182.0358,250.2838,398.0656,68.248,0
U036,Washin machine - Mitski,34.7509,205.3674,55.7267,51.5226,38.0024,92.692,104.6098,54.6896,1
U059,Top of the world - Shawn Mendes,63.4427,114.6133,20.527,45.8588,57.0487,34.6474,53.3383,91.6961,1
U019,Sin remitente - Melendi,65.9542,69.0163,12.355,11.8809,17.6477,2.688,106.5195,14.9597,1
U096,Just friends - Amy Winehouse,51.8967,175.4365,31.1779,51.9224,37.7167,544.8303,105.1223,507.1135,0
U047,Rata de dos patas - Paquita la del barrio,84.5936,392.7653,32.4596,15.5144,20.253,5.3676,476.331,25.6206,1
U014,Love is a losing game - Amy Winehouse,2.317,180.3016,14.3124,24.1009,98.4434,5.6621,166.5613,104.1054,1
U018,Si pudiera - Manuel Medrano,80.3973,151.4047,223.3132,205.543,109.8566,475.5628,183.3435,365.7062,0
U004,Sin remitente - Melendi,67.138,67.0183,10.1921,8.3005,10.0066,12.5903,71.7956,2.5837,1
U066,Mentira - Greeicy,46.9722,1.4627,9.1586,12.9616,79.5787,346.0491,4.4759,425.6278,0
U071,Ya para que - Greeicy,39.9497,450.3029,127.5993,118.9183,130.9117,55.2431,401.4631,186.1548,0
U056,Cheque al portamor - Melendi,15.0001,138.6394,2.2663,10.8956,14.053,29.4978,130.1661,15.4448,1
U078,El chofer - Vicente Fernandez,76.5838,349.9181,143.8674,137.1918,36.1076,454.8249,357.8797,418.7173,0
U071,Te busco audio - Celia Cruz,21.6477,431.4743,71.9012,34.8101,40.5051,8.2189,444.2319,48.724,0
U065,Gitana - Shakira,17.5643,77.5832,70.1228,80.0395,65.0554,190.5037,90.1151,255.5591,0
U034,Un violinista en tu tejado - Melendi,54.3008,26.6844,16.0406,5.2032,15.0859,178.6946,58.4141,193.7804,1
U083,When we were young - Adele,84.5936,440.2133,87.4319,95.0828,23.8471,170.597,534.285,146.7499,0
U031,Sin remitente - Melendi,76.1597,78.1421,32.091,60.3078,10.5093,8.5069,103.7115,19.0162,1
U100,Los besos - Greeicy,34.3668,451.5019,106.6244,125.4988,123.5756,147.5927,551.4409,24.0171,0
U034,Sabes - Alex Ubago,54.3008,315.3434,1.712,2.0855,3.0971,99.8967,400.4419,96.7995,1
U040,Rara vez - Milo J,44.7784,267.6133,21.432,31.4835,25.6371,4.7189,333.9974,30.3558,1
U064,Mujeres divinas - Vicente Fernandez,56.9236,123.7052,55.2687,54.2338,6.6828,35.0222,274.9554,28.3394,1
U068,La distancia - Manuel Medrano,36.1812,172.5009,18.2686,41.0445,39.5517,12.425,196.8905,51.9768,1
U004,You know i'm no good - Amy Winehouse,9.7847,239.5938,104.8914,118.1506,118.9863,94.0777,321.0544,24.9086,0
U095,Easy on me - Adele,55.411,453.2665,114.5196,107.2716,20.9248,115.8749,507.6375,94.9501,0
U095,Chachacha - Josean log,55.411,116.4469,13.0101,22.7053,35.5358,50.2794,62.0759,14.7435,1
U106,Washin machine - Mitski,42.1777,573.4123,116.6913,99.9466,109.433,107.5793,553.5059,1.8537,0
U111,Set fire to the rain - Adele,39.136,219.8941,1.2178,11.0597,135.9703,45.033,39.0006,181.0033,1
U025,Quedate - Manuel Medrano,67.5389,42.217,1.3006,4.3604,14.7949,28.4399,205.3541,43.2348,1
U035,MAI - Milo J,70.835,331.2735,17.0945,44.5007,10.5372,38.0317,440.8409,27.4946,1
U087,Sin miedo a nada - Alex Ubago,45.6068,213.5148,167.8729,168.8723,123.7158,263.318,264.6629,139.6021,0
U030,"Volver, volver - Vicente Fernandez",84.5936,354.7615,74.3861,79.1053,129.3144,42.2035,431.6188,87.1109,0
U077,Dead women - Mitski,21.7828,479.2351,22.9539,36.7643,90.3999,175.3985,501.0179,265.7984,0
U058,Send my love - Adele,48.6554,320.9514,175.2773,145.7118,121.4334,244.7511,419.7473,123.3177,0
U093,Ultraviolence - Lana del rey,79.6162,41.6827,79.5981,30.546,17.9872,43.4233,14.6832,25.4361,1
U065,Que le den candela - Celia Cruz,28.3895,390.159,71.8694,71.5333,9.954,166.0913,356.7371,176.0453,0
U044,Top of the world - Shawn Mendes,84.5936,11.4443,33.9515,67.5544,8.0957,3.566,113.0847,4.5297,1
U029,Como hacer para olvidarte - Manuel Medrano,79.6683,116.5495,99.1408,98.5467,37.8195,161.2043,193.9527,123.3848,0
U108,Que pides tu - Alex Ubago,65.788,363.4521,94.7254,121.3658,57.2448,338.9469,331.4096,281.7021,0
U118,Me arrepiento - Alex Ubago,52.0939,103.3935,38.865,10.1609,1.5254,7.8076,248.7515,6.2822,1
U031,Combustion - Josean Log,76.1597,495.7654,20.4348,8.3774,14.2515,53.3799,677.619,67.6314,1
U025,Only girl - Rihanna,59.952,641.4684,217.9059,199.2227,181.3574,265.0655,797.0185,83.7082,0
U035,Para siempre - Vicente Fernandez,71.2139,47.6909,3.8224,7.3317,31.9541,48.2817,62.2554,80.2358,1
U007,Que pides tu - Alex Ubago,68.0895,56.872,1.7498,0.4701,45.5398,7.6802,110.1564,37.8596,1
U004,Bajo el agua - Manuel Medrano,67.138,69.3692,15.4829,3.9459,10.0066,43.8685,69.4447,53.875,1
U064,Donde nadie pueda ir - Manuel Medrano,56.9236,309.0266,18.1811,16.2728,6.2349,89.0211,460.2768,95.256,1
U026,Si supieras - Kevin Kaarl,60.9706,1.8984,18.5234,22.0599,53.9718,12.155,77.6393,41.8168,1
U019,Donde nadie pueda ir - Manuel Medrano,65.9542,302.2891,6.17,22.0269,9.5946,50.4288,477.8249,40.8342,1
U044,In my bed - Amy Winehouse,60.6522,513.105,32.2149,16.9748,105.321,12.0167,590.804,117.3377,0
U014,Cinnamon girl - Lana del rey,74.4325,333.0863,54.8092,22.3992,61.3124,152.8319,418.942,91.5195,0
U101,Still with you - Jung Kook,58.0326,531.0398,80.3421,78.9856,95.6269,57.8848,593.7696,37.7422,0
U038,First love late spring - Mitski,60.5,22.951,23.8821,2.6019,125.0933,31.5604,38.6352,93.5329,1
U032,My love mine all mine - Mitski,33.2922,245.3488,2.9275,10.039,42.0439,212.8896,278.641,254.9335,0
U092,Dead women - Mitski,49.9404,402.0209,32.7266,48.9719,31.2022,296.2999,444.2322,327.5021,0
U024,When we were young - Adele,74.3637,113.4217,52.418,32.6313,38.037,138.9582,23.1307,100.9212,1
U115,You know i'm no good - Amy Winehouse,6.924,234.1196,107.7082,115.4255,81.518,108.5232,287.8449,27.0051,0
U044,Pobre pistolita - Paquita la del barrio,84.5936,202.3295,24.1916,46.4587,47.1454,24.3322,303.9699,22.8133,1
U087,Loba - Shakira,45.6068,142.5535,62.0828,40.9856,13.2271,135.9174,91.4054,122.6903,0
U034,Cola - Lana del rey,10.3408,594.9991,175.3403,154.7291,145.0275,162.1121,636.1375,17.0847,0
U053,Cinnamon girl - Lana del rey,64.1598,112.8849,58.064,21.3691,59.1233,102.995,151.5836,43.8717,1
U087,Bajo el agua - Manuel Medrano,45.6068,498.1297,221.1263,187.7409,131.7689,415.6741,549.2778,283.9051,0
U048,Still with you - Jung Kook,84.5936,383.0361,47.8102,34.9382,0.7765,106.087,463.3207,105.3107,0
U110,Hello - Adele,72.1104,491.5542,143.9489,119.5729,44.1237,197.1481,582.5591,153.0244,0
U014,Let you break my heart again - Laufey,9.1996,434.5758,16.7909,5.507,61.3124,96.4144,436.7994,35.102,1
U029,Ya para que - Greeicy,18.4632,414.8504,57.2363,75.5174,92.2355,26.4906,431.0485,65.7449,0
U045,Bad - Michael Jackson,68.532,178.2744,7.2193,16.8245,3.4311,12.6922,186.0258,9.261,1
U004,Brooklyn baby - Lana del rey,33.4068,620.8074,156.2965,168.2904,93.7033,213.7137,725.8901,120.0105,0
U063,Where have you been - Rihanna,41.9008,267.8606,86.766,73.1553,25.5107,160.5311,187.014,135.0204,0
U064,No me culpes por sentir - Kevin Kaarl,56.9236,131.1624,22.9308,23.7318,32.0793,74.589,20.0878,42.5097,1
U064,Amor viejo - Kevin Kaarl,56.9236,130.6089,3.128,27.4996,0.3918,83.8788,281.8591,83.487,1
U016,Aunque no te pueda ver - Alex Ubago,58.9067,481.2848,20.4006,2.8363,10.9801,19.1883,568.2707,30.1685,1
U091,Love in the dark - Adele,50.3965,485.498,165.4853,139.4214,67.6853,142.8434,581.1675,75.158,0
U068,Para siempre - Vicente Fernandez,36.1812,211.3593,22.407,30.8185,61.2302,44.7637,186.9697,105.994,1
U114,I bet on losing dogs - Mitski,77.8457,188.0695,114.7656,80.9554,59.5298,441.8434,107.5457,382.3135,0
U073,There's nothing holding me back - Shawn Mendes,70.7286,9.6934,100.7816,100.9879,43.2767,93.0726,167.2532,49.7959,0
U079,Sangre para derramar - Milo J,45.1475,249.9084,26.693,18.1947,20.185,175.017,304.1238,195.202,0
U039,Someone like you - Adele,49.2086,168.017,50.4885,80.2093,31.3194,185.0722,140.1172,153.7529,0
U089,Bad - Michael Jackson,78.3497,341.6656,73.3131,34.2576,47.1238,27.4631,407.1151,74.5869,0
U107,Estos celos - Vicente Fernandez,72.1148,181.503,28.3334,20.1512,35.6032,15.2016,98.2003,20.4017,1
U082,Mujeres divinas - Vicente Fernandez,80.5192,97.6334,2.9886,14.6966,7.0165,19.6943,244.3728,12.6778,1
U093,Euphoria - Jung Kook,35.0226,85.8726,14.8253,44.3052,119.6876,55.62,68.2785,64.0675,1
U005,Sabes - Alex Ubago,28.6144,153.4227,30.7307,47.9554,42.5592,34.5877,173.6236,77.1469,1
U070,Hello - Adele,51.2226,568.1958,207.4772,182.5354,82.2668,247.8697,669.1512,165.6029,0
U007,Que le den candela - Celia Cruz,9.3098,582.7799,107.8172,94.7641,94.1271,141.0893,691.0286,46.9622,0
U035,Bajo el agua - Manuel Medrano,71.2139,108.0356,34.8298,36.2425,2.4841,51.5633,1.9107,54.0473,1
U035,Sigo aqui - Alex Ubago,71.2139,73.4748,14.5588,0.8852,18.3157,66.7823,183.4211,48.4665,1
U082,There's nothing holding me back - Shawn Mendes,80.5192,38.3653,40.1403,29.7116,20.2343,72.0515,108.3742,51.8172,1
U077,La vida es un carnaval - Celia Cruz,13.4549,498.0637,111.6318,118.341,149.7086,45.0365,511.5186,194.7451,0
U073,Valentine - Laufey,70.7286,522.3355,131.3748,109.4831,96.4059,128.4858,679.8952,32.0799,0
U068,Set fire to the rain - Adele,14.2805,418.4726,113.0692,87.952,134.1098,171.1025,420.9615,36.9928,0
U026,Nobody - Mitski,60.9706,5.0183,90.6978,80.1482,33.4419,150.2314,80.7593,116.7895,0
U085,Chicago - Michael Jackson,80.9332,397.5849,79.8978,31.0662,14.9184,143.4425,584.5573,128.5241,0
U013,Caminando por la vida - Melendi,52.7759,369.2594,34.7652,16.5258,26.9744,57.2465,437.1043,30.2722,1
U045,Too sad to dance - Jung Kook,67.3887,184.5869,62.3236,116.7426,12.576,196.9224,191.195,209.4985,0
U118,Tres veces te engañe - Paquita la del barrio,52.0939,604.4788,188.8925,130.9591,92.0437,391.0614,749.8368,299.0177,0
U005,Diamonds - Rihanna,28.6144,408.0458,93.1712,103.1306,62.1743,114.4324,428.2467,52.2581,0
U019,My love mine all mine - Mitski,23.873,402.8137,96.203,81.1667,39.3233,55.4127,536.2683,16.0894,0
U045,Man down - Rihanna,15.3604,167.1332,56.6155,86.3948,24.3835,135.261,212.5535,159.6445,0
U091,Tierra - Josean Log,50.3965,170.128,26.0448,47.0273,43.2827,5.6216,74.4585,48.9042,1
U091,Me arrepiento - Alex Ubago,50.3965,83.4279,27.2962,8.0251,27.3616,27.6575,179.0974,55.019,1
U013,La mujer que bota fuego - Manuel Medrano,52.7759,83.5738,22.493,32.9909,15.3069,13.4525,15.7289,1.8546,1
U111,Yo vivire (I will survive) - Celia Cruz,53.4498,219.8941,41.2851,45.5375,66.0458,26.9822,53.3143,93.0281,1
U034,First love late spring - Mitski,54.3008,69.6128,13.0,43.8278,50.3423,72.8531,154.7113,22.5107,1
U100,Desde que estamos juntos - Melendi,60.9263,27.5296,1.2087,2.2327,7.405,58.0016,154.028,65.4065,1
U055,Cinnamon girl - Lana del rey,48.921,372.1011,169.5768,140.4341,86.7249,235.6392,459.9793,148.9142,0
U022,First love late spring - Mitski,41.8354,72.9241,57.4556,71.7462,46.9329,100.5949,135.7775,147.5279,0
U089,Caminando por la vida - Melendi,78.3497,147.3645,63.3029,102.1438,77.777,216.045,212.814,138.2681,0
U020,You da one - Rihanna,81.4806,207.0957,55.7934,38.7074,4.8317,37.0616,276.2201,32.2299,1
U067,Sigo aqui - Alex Ubago,67.7894,97.2059,24.1744,7.1269,22.58,12.4328,240.4608,35.0129,1
U042,Es que yo te quiero a ti - Kevin Kaarl,84.0393,201.3204,182.5739,220.6573,120.6267,326.1653,66.4095,205.5387,0
U027,Bored - Laufey,49.3451,277.766,5.2438,30.6248,20.3369,262.2753,337.303,282.6121,0
U118,Si supieras - Kevin Kaarl,52.0939,84.4004,44.4278,25.2991,28.3566,9.4508,229.7584,18.9058,1
U004,Me arrepiento - Alex Ubago,67.138,82.3884,0.4715,0.8043,9.5249,28.511,221.2023,38.0359,1
U096,Too sad to dance - Jung Kook,54.6427,224.9299,26.2668,73.9583,37.7167,542.8072,157.3617,505.0905,0
U113,Billie Jean - Michael Jackson,59.4279,457.4877,71.649,15.3258,71.1779,112.2227,516.4452,41.0449,0
U084,Beso - Josean Log,59.2101,440.564,146.9643,145.1312,110.1433,585.8727,594.9207,475.7294,0
U044,Love is a losing game - Amy Winehouse,2.317,171.8536,15.4591,13.6788,122.6785,38.1711,152.4897,160.8495,1
U088,San lucas - Kevin Kaarl,62.9902,113.1056,6.0778,9.1013,17.6701,19.9496,26.1862,2.2795,1
U009,Ya para que - Greeicy,20.6897,357.9373,57.8062,88.5323,63.2665,252.8912,365.3693,189.6247,0
U113,Hello - Adele,53.9189,395.9742,128.7544,73.9228,101.8648,176.6562,449.4227,74.7914,0
U025,A gritos de esperanza - Alex Ubago,67.16,17.053,39.0082,28.5017,70.6275,65.3982,179.8112,5.2293,1
U007,Pierdeme el respeto - Paquita la del barrio,68.0895,200.994,21.5729,36.2118,18.5092,81.8713,368.0224,100.3805,1
U101,Loba - Shakira,58.0326,481.5464,115.149,126.5855,129.2761,133.6188,544.2762,4.3427,0
U093,Aunque no te pueda ver - Alex Ubago,76.1261,142.2808,161.5428,174.8532,23.7722,101.9611,165.7901,78.1888,0
U082,Sin miedo a nada - Alex Ubago,80.5192,193.9134,14.0714,31.6886,5.9012,69.9449,340.6528,64.0438,1
U047,Cheque al portamor - Melendi,84.5936,163.6743,84.7751,103.9179,102.7515,139.8043,80.1086,37.0529,0
U117,Summertime sadness - Lana del rey,50.5282,267.7497,3.4019,20.2149,20.1799,21.6426,239.8173,41.8225,1
U008,Niño - Milo J,17.0643,324.3912,65.0009,74.6994,19.1458,241.3634,326.6982,222.2176,0
U094,Por si acaso no regreso - Celia Cruz,19.3926,543.6155,145.5472,116.1756,106.0323,355.5394,603.7572,249.5071,0
U105,Why why why - Shawn Mendes,82.6143,208.9625,61.0783,121.705,19.03,73.4082,264.1673,92.4382,0
U092,Limonar - Greeicy,15.9456,122.5486,26.6818,0.4524,52.5538,138.1262,130.7651,190.68,1
U044,Somedoy - Jung Kook,68.5396,157.0367,43.7605,10.4907,49.4792,49.0037,242.6231,0.4755,1
U022,La mujer que bota fuego - Manuel Medrano,41.8354,55.1364,26.5004,24.8155,16.1042,3.9722,7.717,20.0762,1
U083,Hombres malvados - Paquita la del barrio,84.5936,15.7643,46.1063,55.8749,66.1343,87.4754,109.836,21.3412,1
U086,Tears dry on their own - Amy Winehouse,43.1315,298.8674,14.6595,30.7437,60.3323,50.8147,343.2283,9.5176,1
U049,Retirada - Milo J,50.4983,137.7851,127.1286,106.0474,17.0431,245.3974,220.2571,228.3543,0
U012,Beso - Josean Log,32.7597,442.4036,72.131,95.8085,123.7469,131.9547,545.4534,8.2078,0
U015,Only girl - Rihanna,77.0067,289.8493,43.0227,14.3307,20.8311,62.6003,349.1091,41.7691,1
U012,Sabes - Alex Ubago,32.7597,41.3683,95.7159,140.4399,100.7794,140.7102,144.4181,39.9308,0
U016,Que me perdone tu perro - Paquita la del barrio,62.3968,572.248,42.4169,42.6263,63.8747,28.9594,662.7241,92.8341,0
U036,El chofer - Vicente Fernandez,53.8153,402.4177,106.6421,90.1079,91.9215,178.8654,414.6091,86.9439,0
U062,Top of the world - Shawn Mendes,23.8405,127.0151,16.3545,28.8361,14.0661,116.5327,113.7224,130.5988,1
U053,Chicago - Michael Jackson,74.3209,123.0511,6.6549,53.468,31.7539,39.0621,171.9109,7.3082,1
U041,Tears dry on their own - Amy Winehouse,43.1315,169.8607,12.5158,2.2816,51.1487,254.3145,195.6044,305.4632,0
U092,Man down - Rihanna,7.3676,69.1294,44.5895,15.2432,69.4152,140.5182,68.7678,209.9334,0
U110,Donde nadie pueda ir - Manuel Medrano,77.6194,236.5474,57.6005,46.872,37.5695,146.9073,333.0613,109.3378,0
U043,Amor viejo - Kevin Kaarl,68.1244,131.031,0.465,26.7038,11.5895,61.6721,276.3124,50.0826,1
U089,La ley del monte - Vicente Fernandez,78.3497,147.3645,5.6266,26.7572,13.8612,127.1823,212.814,113.3212,1
U068,Taco placero - Paquita la del barrio,36.1812,58.8531,6.5774,1.615,45.7255,78.8537,34.4634,124.5793,1
U042,Quiero + - Greeicy,84.0393,164.2018,105.5705,131.5935,2.7981,260.0114,29.2909,262.8095,0
U113,Aunque no te pueda ver - Alex Ubago,55.9378,366.5245,25.592,70.3844,29.5605,53.9416,421.9918,83.502,0
U052,La promesa - Melendi,66.8761,252.8598,5.4085,0.2391,37.6409,110.4206,396.3811,148.0615,1
U021,Rincon - Milo J,53.3478,461.0715,137.6201,118.7331,56.3474,374.4468,553.7858,318.0994,0
U070,Why why why - Shawn Mendes,56.7316,544.5682,103.9011,65.7233,35.5293,75.8097,651.0326,40.2804,0
U053,Los consejos - Greeicy,74.3209,154.005,35.5404,34.9059,20.1046,61.2607,105.1452,81.3654,1
U016,Estos celos - Vicente Fernandez,62.3968,145.1051,0.7208,0.7105,68.2975,1.34,54.629,66.9576,1
U026,Hello - Adele,55.4616,497.797,160.6146,130.288,28.4748,266.5957,568.0289,238.1209,0
U045,Cheque al portamor - Melendi,68.532,403.0536,164.181,181.2351,82.3416,280.4329,395.3022,198.0913,0
U047,In my blood - Shawn Mendes,84.5936,368.4454,11.4892,42.4305,85.6296,27.4011,452.0111,113.0305,1
U048,Donde nadie pueda ir - Manuel Medrano,84.5936,66.5158,172.941,136.194,77.616,301.3917,146.8004,223.7758,0
U060,Promise - Laufey,38.48,269.198,33.4593,5.6254,18.4227,235.161,198.0109,216.7383,0
U073,Como hacer para olvidarte - Manuel Medrano,68.0298,349.2329,26.2794,6.5897,29.7014,63.8168,504.0938,93.5182,1
U064,Colapso - Kevin Kaarl,56.9236,76.1826,3.7572,20.1892,12.6551,60.6489,75.0677,47.9938,1
U025,La ley del monte - Vicente Fernandez,67.5389,440.8548,110.5052,107.7562,149.0355,149.1573,603.9919,0.1218,0
U047,Mercy - Shawn Mendes,84.5936,223.3526,14.6754,10.7593,64.2945,39.6817,306.9183,24.6127,1
U085,Hombres malvados - Paquita la del barrio,80.9332,93.0706,87.9852,76.4665,59.4439,96.5343,280.043,37.0905,0
U010,Promise - Laufey,41.8107,576.8762,160.4462,146.9675,114.8187,133.3733,633.818,18.5545,0
U016,My you - Jung Kook,44.4388,452.6734,44.3891,41.1958,50.3267,30.6078,525.1915,80.9345,0
U044,Say yes to heaven - Lana del rey,68.0677,562.5984,76.6668,26.6374,84.2804,168.1431,647.7129,83.8627,0
U046,Hate you - Jung Kook,57.0474,120.879,72.8563,62.1831,37.1914,63.2896,206.8209,26.0983,0
U080,The girl is mine - Michael Jackson,11.5538,117.8055,48.7923,40.153,49.3021,93.0241,134.8649,43.722,1
U060,Remember the time  Michael Jackson,38.48,244.3096,3.9951,48.1277,46.2511,168.6178,173.1225,122.3667,0
U050,Still with you - Jung Kook,84.5936,434.6275,9.1842,6.2472,15.1902,73.4809,518.9987,58.2906,1
U005,Lover girl - Laufey,78.5877,401.8775,59.4071,52.5842,72.6393,65.4174,314.8763,7.222,0
U067,A gritos de esperanza - Alex Ubago,67.4105,18.5433,29.1167,8.4013,44.1106,44.9834,124.3327,89.094,1
U055,Que pides tu - Alex Ubago,59.0821,89.9178,10.8413,2.9742,8.5556,4.897,8.1215,3.6587,1
U117,Quimbara - Celia Cruz,46.1877,267.7497,51.26,51.8307,47.9053,50.9999,235.4767,3.0946,1
U025,Azul celeste - Paquita la del barrio,67.5389,231.9301,94.4176,109.4971,9.7006,146.9638,395.0672,137.2633,0
U104,Bajo el agua - Manuel Medrano,33.0441,239.5865,44.7957,26.357,27.9998,215.3343,211.8172,187.3345,0
U107,Los consejos - Greeicy,72.1148,47.8961,32.468,50.575,62.4938,1.4967,131.1988,60.9972,1
U079,Me arrepiento - Alex Ubago,45.9075,23.4942,42.4504,14.7036,18.3806,138.2972,78.4696,156.6778,1
U115,San lucas - Kevin Kaarl,50.4293,81.8151,12.5923,16.6236,27.4617,23.9605,29.2635,51.4221,1
U078,Say yes to heaven - Lana del rey,68.0677,257.867,44.993,111.5651,17.8115,244.6585,241.3893,262.47,0
U088,Doma - Josean log,62.9902,338.071,13.4971,27.0557,71.1341,4.2118,424.9904,66.9224,1
U101,When we were young - Adele,58.0326,440.0766,121.8344,140.1866,82.8435,108.7439,502.8064,25.9004,0
U094,Una y otra vez - Manuel Medrano,60.8547,26.3744,43.2882,21.0101,48.0147,179.4577,127.9783,131.443,0
U088,Hombres malvados - Paquita la del barrio,62.9902,68.6305,93.0671,96.6444,96.7263,98.4271,155.5499,1.7009,0
U014,Las de la intruicion - Shakira,84.5936,445.9213,39.8169,24.3309,38.4455,182.1997,541.9381,143.7542,0
U090,La negra tiene tumbao - Celia Cruz,1.5817,59.952,69.3675,74.0374,15.2156,119.3489,59.4745,134.5647,0
U060,A gritos de esperanza - Alex Ubago,38.1011,348.9049,51.5037,66.765,73.276,332.3502,420.4709,259.0742,0
U085,My you - Jung Kook,62.9752,488.9082,33.8792,19.3874,23.7963,2.8464,657.9226,26.6427,1
U030,El chofer - Vicente Fernandez,76.5838,246.7111,111.3192,106.3193,133.1667,104.9326,177.8636,28.2341,0
U099,Let you break my heart again - Laufey,13.6169,240.5407,23.704,11.5478,75.2444,4.5067,213.9871,79.7511,1
U026,Aunque no te pueda ver - Alex Ubago,57.4805,468.3473,6.2682,14.0192,43.8295,35.9979,540.598,79.8275,1
U113,I'll change for you - Mitski,3.4846,457.4877,84.1852,54.435,97.0111,27.9055,460.5019,69.1057,0
U012,"Volver, volver - Vicente Fernandez",32.7597,231.9749,0.4197,41.4967,48.6542,45.2419,128.9251,3.4123,1
U002,Que me perdone tu perro - Paquita la del barrio,56.0671,371.7745,26.4619,35.0863,12.3984,299.1925,413.0598,286.7941,0
U030,Let you break my heart again - Laufey,9.1996,241.4994,42.5492,38.1261,77.9805,0.9961,224.5635,78.9766,1
U084,Como hacer para olvidarte - Manuel Medrano,56.5113,58.1739,181.6125,210.8421,72.1461,684.5708,215.2294,612.4247,0
U044,Back to black - Amy Winehouse,79.8992,409.7633,14.4882,12.0165,81.768,26.3436,506.7093,108.1116,1
U077,Si supieras - Kevin Kaarl,32.3816,59.3484,7.8924,3.8749,25.5904,147.2248,26.9668,172.8152,1
U003,Still with you - Jung Kook,81.888,355.0986,0.2356,0.6804,24.9146,102.4114,428.3344,127.3261,1
U028,Love on the brain - Rihanna,54.5809,390.4012,201.0091,182.425,117.14,259.1176,502.7799,141.9776,0
U031,Beso - Josean Log,76.1597,71.0074,2.0865,9.6593,18.677,31.3057,110.8462,49.9827,1
U117,Mentira - Greeicy,18.6957,39.7135,35.2773,32.2301,82.3886,39.447,99.4784,42.9416,1
U088,Que pides tu - Alex Ubago,62.9902,99.0403,9.0369,11.3787,1.4009,21.474,12.1209,22.8749,1
U001,Waka waka - Shakira,17.8366,533.3269,167.9741,91.8666,142.1087,425.3288,563.3182,283.2201,0
U043,Say yes to heaven - Lana del rey,51.5985,625.969,188.6032,110.2956,82.9573,254.8891,754.7245,171.9318,0
U094,Dame tu aire - Alex Ubago,60.8547,77.954,7.1311,3.9135,16.0917,55.4824,23.6499,39.3908,1
U092,Hate you - Jung Kook,44.4852,27.2167,21.1145,13.5615,17.6288,161.4355,9.5394,179.0642,1
U010,Set fire to the rain - Adele,19.91,583.1887,195.2807,198.5197,183.505,176.5729,618.2298,6.9322,0
U063,La luna - Josean Log,41.9008,66.4629,65.1312,39.5661,128.313,35.1416,147.3095,93.1713,0
U031,San lucas - Kevin Kaarl,76.1597,87.4647,12.1234,32.6586,10.5093,11.5822,94.3889,22.0915,1
U074,La distancia - Manuel Medrano,68.8065,331.9348,9.9569,14.4165,34.5567,28.4859,428.4627,6.0707,1
U087,Estos celos - Vicente Fernandez,45.6068,525.3062,194.4973,164.1568,171.6443,314.0268,576.4543,142.3824,0
U024,Rata de dos patas - Paquita la del barrio,74.3637,173.184,78.7981,59.2946,24.0506,192.2093,36.6316,168.1586,0
U085,La ley del monte - Vicente Fernandez,80.9332,407.8692,89.4098,72.9746,60.8177,94.3282,594.8416,33.5105,0
U120,Quiero + - Greeicy,57.3892,184.5114,89.6104,123.0127,41.9092,438.7205,42.8248,480.6297,0
U057,Caminando por la vida - Melendi,56.6341,10.1627,102.6557,84.6606,43.1521,324.2184,7.5481,281.0663,0
U079,Beat it - Michael Jackson,45.9075,561.9132,254.4705,257.537,5.7063,288.7066,616.8886,294.4128,0
U015,Pobre pistolita - Paquita la del barrio,84.5936,70.4196,117.9434,123.4871,204.3758,210.1164,3.5728,5.7405,0
U096,Man down - Rihanna,2.6144,126.7902,20.5587,43.6105,25.9092,481.1458,246.3868,455.2365,0
U045,Sin miedo a nada - Alex Ubago,68.532,220.9748,133.0417,176.6273,77.8856,184.5356,213.2234,106.6499,0
U035,Borracho te recuerdo - Vicente Fernandez,71.2139,122.9438,46.7933,56.4714,8.9975,80.3834,232.8901,89.3809,0
U112,When we were young - Adele,63.9171,532.9324,180.016,187.1775,101.5429,173.6266,687.3281,72.0837,0
U088,Hello - Adele,57.4812,522.5292,169.319,139.8404,72.0762,279.4403,603.9396,207.3641,0
U101,First love late spring - Mitski,58.0326,5.6535,13.2991,19.5142,42.7297,31.5784,68.3833,11.1513,1
U006,Only girl - Rihanna,69.0373,372.7937,122.7692,78.3508,29.7777,104.4066,430.5682,134.1842,0
U054,Let you break my heart again - Laufey,9.1996,199.9751,25.5439,44.1879,15.5918,32.9196,170.8697,17.3278,1
U079,Doma - Josean log,45.9075,315.9415,71.3293,69.405,15.5519,141.5554,370.9169,126.0034,0
U063,Love is a losing game - Amy Winehouse,40.3758,466.5914,0.7174,8.8615,31.3836,4.8817,629.7145,26.5018,1
U035,Taco placero - Paquita la del barrio,71.2139,104.8153,32.8068,36.5352,16.4494,82.3717,214.7617,98.8211,1
U015,Tears dry on their own - Amy Winehouse,43.1315,104.8867,70.2848,73.6439,104.5361,160.4972,130.2714,55.9611,0
U107,Alguien como tu - Josean Log,72.1148,36.8945,46.6944,38.3767,38.4266,76.8728,46.4082,38.4462,1
U098,Los besos - Greeicy,58.0341,340.0356,27.3453,47.6713,121.2701,40.4644,401.4409,80.8056,0
U067,Rincon - Milo J,67.7894,67.5595,22.0207,38.259,4.6394,102.1487,75.6954,106.7881,1
U021,Las de la intruicion - Shakira,53.3478,104.131,25.2289,42.0421,20.135,91.1074,11.4167,111.2424,1
U056,No me culpes por sentir - Kevin Kaarl,15.0001,307.7082,20.5249,1.9934,19.8052,3.8109,299.2349,15.9943,1
U107,Quimbara - Celia Cruz,67.0143,535.8501,117.4743,122.6206,124.2118,77.6882,614.0522,46.5236,0
U037,Cinnamon girl - Lana del rey,52.5633,355.8006,162.9073,124.3305,80.8908,166.1474,433.0818,85.2566,0
U113,Me enamore - Shakira,2.9907,326.698,78.4454,52.5475,111.9151,52.6008,323.2369,59.3143,0
U048,Hello - Adele,79.0846,321.5226,28.6084,30.2509,4.0772,42.6637,396.2982,38.5864,1
U111,Tears dry on their own - Amy Winehouse,19.5746,34.9315,55.4251,30.1365,39.4556,83.6514,165.5234,123.107,1
U030,Love in the dark - Adele,84.5936,224.7251,31.4222,43.5645,99.7054,37.6223,301.5824,62.0831,0
U086,Taco placero - Paquita la del barrio,84.5936,6.5043,66.944,79.1145,22.9883,2.8157,92.3274,20.1726,1
U102,Only girl - Rihanna,77.0067,278.5104,70.1653,38.6229,140.1921,176.9714,327.3342,317.1634,0
U063,Quimbara - Celia Cruz,36.8003,267.8606,61.2409,71.1322,16.9519,75.3115,181.9134,58.3596,0
U074,Colapso - Kevin Kaarl,68.8065,123.823,55.6662,86.3271,32.6339,58.902,27.295,26.2682,1
U090,A gritos de esperanza - Alex Ubago,54.3744,461.9564,150.28,141.3828,67.3618,196.5655,528.5901,129.2038,0
U044,Retirada - Milo J,81.1035,92.4613,5.4627,56.531,4.1388,117.4783,190.6116,113.3395,1
U010,Amor viejo - Kevin Kaarl,41.8107,88.2507,5.205,9.6978,24.0296,35.7506,145.1925,59.7803,1
U106,Aunque no te pueda ver - Alex Ubago,50.9082,482.4491,37.8382,15.8987,30.9018,23.3264,555.6285,7.5753,1
U011,Promise - Laufey,84.5936,510.0322,17.1922,2.7953,63.7786,21.6866,598.4192,85.4652,1
U117,West coast - Lana del rey,45.7792,2.3634,60.0692,76.1231,120.0945,85.1808,30.318,205.2753,0
U085,Washin machine - Mitski,15.6428,608.4828,88.7438,59.4032,41.0207,131.2026,698.8792,90.1819,0
U049,Tres veces te engañe - Paquita la del barrio,53.9884,570.5885,191.1937,162.471,72.1983,421.274,656.5506,349.0757,0
U066,Tres veces te engañe - Paquita la del barrio,79.5647,268.6668,18.6865,42.0603,3.8574,73.4,307.1979,69.5426,1
U044,Aunque no te pueda ver - Alex Ubago,81.1035,471.6352,50.1453,97.7267,5.7492,40.1028,569.7854,45.8519,0
U070,I'll change for you - Mitski,0.7883,629.7093,162.908,163.0476,77.4131,99.119,680.2304,21.7058,0
U045,Si pudiera - Manuel Medrano,68.532,93.6237,198.0471,214.5037,107.0085,308.262,101.3751,201.2535,0
U104,La distancia - Manuel Medrano,33.0441,204.6184,2.0051,6.9912,40.7595,147.828,232.3877,107.0686,1
U049,Pierdeme el respeto - Paquita la del barrio,53.9884,182.7052,67.3342,93.6815,43.7665,91.6909,268.6673,135.4574,0
U091,Yo vivire (I will survive) - Celia Cruz,42.8096,621.8469,145.4029,116.9142,83.1472,199.5126,709.9294,116.3652,0
U062,Never be alone - Shawn Mendes,23.8405,424.139,2.9766,7.1127,24.5532,59.4676,437.4317,84.0208,1
U107,La distancia - Manuel Medrano,72.1148,289.8784,12.1718,10.3871,8.4875,49.3426,373.1811,40.8551,1
U062,Amor viejo - Kevin Kaarl,23.8405,70.799,62.0954,67.2463,16.2368,28.3194,57.5063,12.0826,1
U092,Smooth criminal - Michael Jackson,60.5392,414.537,70.14,10.5315,56.6744,47.6268,467.3471,104.3012,0
U030,Where have you been - Rihanna,84.5936,361.074,12.3961,3.4402,46.7224,54.569,437.9313,101.2914,1
U007,Me arrepiento - Alex Ubago,68.0895,87.792,4.5951,15.7969,6.9373,28.2006,254.8204,21.2633,1
U048,Treat you better - Shawn Mendes,84.5936,230.201,74.2481,39.7833,68.2271,159.848,310.4857,91.6209,0
U082,Gitana - Shakira,67.6933,243.4682,87.4381,65.3684,120.6078,78.4446,377.3817,42.1632,0
U118,Soltera - Shakira,52.0939,511.0228,177.5232,161.9673,122.1427,156.5872,656.3808,34.4444,0
U055,Sin miedo a nada - Alex Ubago,59.0821,187.6035,41.7954,8.7174,2.4623,105.394,285.6428,107.8563,1
U071,Si hay algo - Josean Log,23.9542,8.8943,2.8826,1.854,28.4857,190.1677,6.1698,218.6535,1
U014,Es que yo te quiero a ti - Kevin Kaarl,84.5936,547.8379,90.5119,108.1488,86.1147,15.2099,643.8547,70.9047,0
U110,First love late spring - Mitski,77.6194,27.6814,26.1109,5.0876,99.0866,41.0658,124.1953,58.0208,1
U063,Ultraviolence - Lana del rey,41.9008,7.0661,17.0577,69.1208,79.7607,61.4878,87.9127,141.2485,1
U101,Me arrepiento - Alex Ubago,58.0326,7.3792,27.9401,23.3114,8.7972,73.7584,55.3506,64.9612,1
U081,Sigo aqui - Alex Ubago,70.8128,279.613,107.8095,123.0797,86.5664,505.2082,305.9879,418.6419,0
U111,Too sad to dance - Jung Kook,59.8934,219.8941,51.3747,72.5317,73.5832,131.2475,59.758,204.8308,0
U088,In my bed - Amy Winehouse,39.0488,534.5493,97.3328,76.2851,99.3437,76.9286,597.5273,22.4151,0
U114,Te busco audio - Celia Cruz,76.6825,200.4418,95.2027,114.2243,13.2163,333.6583,118.7548,320.442,0
U019,Aunque no te pueda ver - Alex Ubago,62.4641,527.8462,53.373,44.1646,0.2057,63.0288,699.8918,63.2346,0
U084,Fragile - Laufey,58.8312,131.8979,33.5639,51.6635,29.3652,478.5998,22.8377,507.965,0
U103,Combustion - Josean Log,75.6635,514.1824,24.0129,6.3677,6.7351,81.0877,695.4353,87.8228,0
U009,Desde que estamos juntos - Melendi,84.5936,229.7032,200.8299,232.091,210.3533,369.0381,158.3673,158.6848,0
U093,Where have you been - Rihanna,79.6162,233.244,9.8898,26.5115,87.2842,55.62,260.2435,31.6642,1
U032,Hate you - Jung Kook,59.3194,13.2783,19.9933,40.341,43.6087,146.7357,72.5977,190.3443,1
U023,Amor viejo - Kevin Kaarl,84.5936,5.8983,151.7497,165.0769,61.8008,233.7154,79.1614,171.9146,0
U069,Gitana - Shakira,71.7677,48.7659,14.3507,48.1723,19.2695,141.8103,116.8928,122.5408,1
U005,Caminando por la vida - Melendi,28.6144,232.4648,10.2843,0.5439,15.514,27.7632,252.6657,12.2492,1
U066,A gritos de esperanza - Alex Ubago,79.1858,318.4149,92.9645,121.3148,37.482,443.2383,280.2627,405.7563,0
U070,Beat it - Michael Jackson,56.7316,629.7093,234.7965,257.8827,51.0979,394.4796,736.1737,445.5774,0
U095,Dead women - Mitski,44.8122,434.4379,17.359,16.2214,5.4807,120.8774,478.2101,115.3967,1
U112,Sigo aqui - Alex Ubago,63.9171,115.2294,63.6757,63.9488,45.2653,37.0904,269.6251,8.175,0
U068,Sigo aqui - Alex Ubago,36.1812,90.1936,11.6706,37.265,10.9604,63.2643,65.804,74.2247,1
U117,Dame tu aire - Alex Ubago,51.2882,415.3333,106.369,113.4658,64.7346,77.6366,442.5057,12.9019,0
U012,Sin miedo a nada - Alex Ubago,32.7597,167.2743,58.3459,115.342,86.5075,75.87,270.3241,10.6376,0
U008,La distancia - Manuel Medrano,23.3973,149.171,10.9162,22.3434,17.2561,189.0216,153.197,171.7655,1
U062,Mas fuerte - Greeicy,34.2239,424.139,97.0922,123.4832,106.5188,118.6761,379.3672,12.1573,0
U096,Quiero + - Greeicy,55.786,181.4988,37.5212,43.6105,62.9934,502.0631,115.0739,439.0696,0
U016,Rara vez - Milo J,62.3968,242.3368,12.1689,20.7487,3.4988,92.9949,332.8129,89.496,1
U058,Cheque al portamor - Melendi,51.3542,31.6118,21.5656,15.1159,0.8485,64.8008,133.1065,63.9523,1
U079,Un violinista en tu tejado - Melendi,45.9075,59.7703,28.0508,18.9046,49.8763,201.9587,4.7949,251.835,0
U085,Amor viejo - Kevin Kaarl,80.9332,113.5448,52.3654,90.5548,53.5261,61.3656,300.5172,7.8395,0
U076,First love late spring - Mitski,52.1989,84.7405,28.2467,28.2567,42.0264,38.9712,194.608,80.9976,1
U075,Soltera - Shakira,67.6972,81.4674,66.3607,86.9682,3.1195,51.8042,33.9503,54.9238,1
U064,Niño - Milo J,50.5906,93.987,7.7812,0.6346,16.4676,82.5746,50.9302,66.107,1
U059,A veces a besos - Greeicy,51.5153,80.5339,38.4512,1.7581,49.6764,79.9577,129.8816,30.2813,1
U053,Azul celeste - Paquita la del barrio,74.3209,75.5893,13.2305,9.8187,61.6817,12.2457,26.7295,49.4361,1
U083,Azul celeste - Paquita la del barrio,84.5936,121.6382,31.4433,54.1239,71.8268,83.0758,215.7099,154.9027,0
U112,Retirada - Milo J,60.427,153.7585,116.2039,88.0541,45.2653,198.5015,304.6641,153.2362,0
U046,MAI - Milo J,72.7225,318.0777,15.613,53.4945,13.2913,27.8288,419.6947,14.5374,1
U119,Gitana - Shakira,71.7677,39.9686,12.7396,2.0,73.1964,64.2463,107.4913,137.4427,1
U103,Too little too late - Laufey,63.7361,459.0626,78.928,64.7408,131.0562,92.7119,628.3882,38.3442,0
U097,Que me perdone tu perro - Paquita la del barrio,43.9037,565.2397,61.2238,72.8423,27.7711,98.3994,621.1547,70.6283,0
U104,Que le den candela - Celia Cruz,25.7356,407.159,83.571,81.0624,39.6585,30.0661,376.1486,69.7247,0
U046,My you - Jung Kook,55.1434,449.3706,36.949,18.8331,57.4044,45.0443,533.4085,102.4487,0
U120,Pobre pistolita - Paquita la del barrio,57.3892,132.3264,130.065,160.8085,66.7814,481.4877,274.013,414.7062,0
U056,Sigo aqui - Alex Ubago,15.0001,59.6651,25.0082,33.7625,26.2875,91.3846,51.1918,65.097,1
U051,Fecha de caducidad - Melendi,69.1707,243.1445,105.3646,144.2903,120.8948,456.1378,253.547,335.243,0
U098,Colapso - Kevin Kaarl,84.5936,198.0257,121.4938,117.3538,12.3265,81.1578,110.0609,68.8313,0
U024,A veces a besos - Greeicy,62.4363,151.622,96.6661,98.6774,0.176,189.8173,300.1017,189.9933,0
U030,Too sad to dance - Jung Kook,83.4503,361.074,61.5942,93.0659,76.7061,85.2184,436.788,8.5124,0
U061,Donde nadie pueda ir - Manuel Medrano,57.6365,280.3911,5.6251,2.967,20.1506,55.2201,370.9382,35.0695,1
U012,Send my love - Adele,30.0609,60.0135,64.2265,10.6461,29.6214,8.183,165.7621,21.4384,1
U004,There's nothing holding me back - Shawn Mendes,67.138,17.033,63.8394,84.2147,32.3928,110.5942,121.781,78.2014,0
U112,Just friends - Amy Winehouse,60.0278,574.4022,133.3475,127.6103,127.9484,56.691,724.9086,71.2574,0
U018,Lover girl - Laufey,26.8048,211.167,105.54,92.2249,20.1929,385.8469,135.9037,406.0399,0
U090,Brooklyn baby - Lana del rey,21.0221,162.459,32.8315,15.4404,21.0273,24.7783,62.473,3.751,1
U104,San lucas - Kevin Kaarl,33.0441,246.5582,19.5373,10.9542,27.9998,161.9508,218.7889,133.9511,1
U034,Let you break my heart again - Laufey,39.4924,475.4245,125.4211,137.8369,100.362,38.7712,466.7298,61.5907,0
U046,Young and beautiful - Lana del rey ,42.1925,63.5716,80.3178,67.2574,77.1703,6.6835,7.5154,70.4868,0
U022,Lover girl - Laufey,65.3667,567.1095,132.8814,126.3725,115.5108,104.381,522.7608,11.1298,0
U087,Que le den candela - Celia Cruz,13.1729,148.6158,92.7596,80.3215,64.1106,230.4059,38.688,166.2953,0
U047,Ya para que - Greeicy,20.6897,423.9662,54.308,28.5766,32.5173,10.9949,443.628,43.5123,1
U077,Cinnamon girl - Lana del rey,22.2205,276.9996,151.6252,142.4636,115.531,61.3538,299.2201,54.1772,0
U033,Cinnamon girl - Lana del rey,57.7061,34.6033,37.698,22.4452,19.8976,314.0194,10.4852,294.1218,0
U069,From the start - Laufey,18.6661,152.6393,5.7234,37.6352,30.3568,128.6869,174.9463,98.3301,1
U013,Cola - Lana del rey,8.8159,569.873,170.8025,124.8411,117.0258,326.0798,593.7578,209.0541,0
U075,Addicted to you - Shakira,52.9653,22.0474,5.3499,24.2391,101.3729,9.638,214.0328,91.7349,1
U107,Que pides tu - Alex Ubago,72.1148,147.2329,32.6631,30.6099,23.3432,64.9898,63.9302,88.333,1
U023,Somedoy - Jung Kook,68.5396,83.478,4.4122,9.0506,2.0552,36.2936,152.4837,34.2384,1
U089,In my bed - Amy Winehouse,54.4083,298.4847,8.4677,43.6246,12.6176,146.4747,339.9928,133.8572,0
U029,Send my love - Adele,79.6683,116.5495,71.8649,73.6188,77.5516,77.6315,193.9527,0.0799,0
U013,Tierra - Josean Log,52.7759,222.1019,7.4302,10.1164,60.3326,26.8987,154.257,87.2314,1
U115,Standing next to you - Jung Kook,50.4293,571.9021,176.2722,163.5655,86.9347,285.5773,682.9807,198.6425,0
U075,Rehab - Amy Winehouse,36.7883,81.4228,112.8694,149.2135,4.5055,154.6177,227.7494,150.1123,0
U035,Mujeres divinas - Vicente Fernandez,71.2139,80.2993,1.3636,0.3819,2.3805,11.1536,190.2456,13.5341,1
U113,Never be alone - Shawn Mendes,59.4279,457.4877,28.7293,76.1609,5.2285,74.4699,516.4452,79.6984,0
U103,Niño - Milo J,69.3305,91.4333,45.0978,65.0595,3.3763,22.0934,83.4866,25.4697,1
U097,Estos celos - Vicente Fernandez,43.9037,152.1134,19.5277,30.9265,32.1939,128.6988,96.1984,96.5048,1
U033,Rehab - Amy Winehouse,36.9583,38.0125,35.2329,41.7206,23.6771,478.2751,82.8784,454.5981,0
U098,Tu jardin con enanitos - Melendi,84.5936,497.3913,41.1658,45.4432,22.5831,16.6007,585.356,39.1838,0
U065,Rata de dos patas - Paquita la del barrio,30.3902,402.3892,82.8515,97.807,28.3913,149.7288,427.747,178.12,0
U051,Combustion - Josean Log,69.1707,129.2263,109.7128,131.7992,147.082,477.7615,139.6288,330.6795,0
U023,In a lake portuguese -  Mitski,2.0104,363.8414,55.4749,50.8183,0.082,161.7807,362.297,161.8627,0
U093,Dead women - Mitski,69.0174,214.4154,155.4881,150.0045,30.895,178.2877,230.8161,209.1827,0
U053,Love in the dark - Adele,74.3209,197.6001,31.1727,0.9615,37.3984,7.9591,246.4599,29.4393,1
U051,West coast - Lana del rey,63.6617,22.2418,106.4219,133.0811,170.3814,367.3891,17.3483,197.0077,0
U100,From the start - Laufey,42.3334,57.758,115.8652,125.4988,112.4883,162.8595,80.9966,50.3711,0
U075,I bet on losing dogs - Mitski,66.5539,181.0562,135.0371,139.717,95.8205,148.856,64.4952,53.0354,0
U075,Cola - Lana del rey,23.7372,212.2571,28.0376,85.0477,43.9395,76.5614,52.8793,32.6219,1
U056,Retirada - Milo J,11.51,21.136,77.5364,57.8678,26.2875,252.7957,16.1528,226.5082,0
U016,Dame tu aire - Alex Ubago,62.3968,110.835,11.1005,21.8142,21.1224,37.0867,20.3589,15.9642,1
U118,Mujeres divinas - Vicente Fernandez,52.0939,139.9708,59.104,49.1631,16.1923,1.855,285.3288,18.0473,1
U088,Como hacer para olvidarte - Manuel Medrano,60.2914,285.7418,26.5161,51.8129,8.8592,75.7598,369.9624,66.9006,1
U006,Nobody - Mitski,76.6242,181.4985,20.279,16.5676,23.601,153.4598,116.1369,129.8588,1
U040,Dame tu aire - Alex Ubago,44.7784,85.5585,22.5004,30.418,8.0135,51.1893,19.1744,43.176,1
U012,Las de la intruicion - Shakira,32.7597,130.0583,54.4432,18.3064,20.1872,83.743,27.0085,103.9302,1
U047,Someone like you - Adele,67.5931,338.8251,40.6529,5.685,11.6352,40.146,405.3903,51.7811,1
U080,Si supieras - Kevin Kaarl,11.5538,146.5448,9.9916,16.2362,45.5995,184.1812,163.6042,138.5817,1
U103,A gritos de esperanza - Alex Ubago,75.2846,3.6852,20.5272,7.6496,55.3879,48.5371,184.5592,6.8508,1
U100,Que pides tu - Alex Ubago,60.9263,67.9129,2.9171,12.1615,19.8869,40.7394,58.5855,20.8524,1
U083,Too little too late - Laufey,72.6662,362.1385,34.4347,45.5189,64.7684,45.685,444.2829,19.0833,0
U105,Where have you been - Rihanna,82.6143,294.1036,39.8044,0.8584,104.5196,25.6351,349.3084,78.8845,1
U010,Fragile - Laufey,41.4318,474.9596,174.021,168.0448,132.9254,153.9334,531.5225,21.0079,0
U035,Quimbara - Celia Cruz,66.1134,582.141,137.6069,130.1134,122.4237,142.9738,686.9867,20.5501,0
U118,Sangre para derramar - Milo J,51.3339,329.8077,23.1076,22.7374,3.3298,28.9122,474.4057,32.242,1
U111,Brooklyn baby - Lana del rey,27.3055,219.8941,3.5668,13.0595,58.7652,13.6346,27.1701,72.3997,1
U022,Soltera - Shakira,41.8354,467.5207,181.4728,180.727,107.6169,207.1945,530.3741,99.5776,0
U096,Caminando por la vida - Melendi,55.786,24.3163,93.3399,110.4416,84.377,602.0851,42.1086,517.708,0
U001,Doma - Josean log,48.7455,318.5561,20.9405,29.2217,32.7009,23.2284,379.4563,55.9294,1
U036,La vida es un carnaval - Celia Cruz,42.8984,205.3674,39.8472,29.1451,2.5577,122.9095,182.2591,120.3518,1
U119,Lover girl - Laufey,22.6085,364.7746,7.8593,19.6153,59.4164,106.7565,337.9211,166.173,1
U030,Vamonos a marte - Kevin Kaarl,84.2147,312.3576,162.0482,176.5106,160.1874,114.3708,235.8792,45.8166,0
U114,Stitches - Shawn Mendes,78.989,170.1532,113.1412,84.1575,34.1709,423.9466,249.5337,389.7758,0
U108,Nobody - Mitski,65.788,234.6613,13.7137,20.2865,18.3976,154.3969,202.6187,172.7945,1
U079,Que le den candela - Celia Cruz,12.8722,518.4821,154.8627,125.2646,105.5704,25.4085,514.6778,130.9789,0
U106,Say yes to heaven - Lana del rey,37.8724,573.4123,164.6503,86.988,109.433,231.5723,633.556,122.1393,0
U040,Un violinista en tu tejado - Melendi,44.7784,24.159,9.2475,30.418,12.678,5.9933,42.2251,18.6712,1
U103,Remember the time  Michael Jackson,75.6635,596.8997,68.0358,10.9877,82.4128,212.2695,778.1526,129.8567,0
U025,Tierra - Josean Log,67.5389,150.5065,0.6197,25.9602,2.1873,29.9468,12.6306,32.1341,1
U026,Una y otra vez - Manuel Medrano,60.9706,19.4441,25.1864,8.0735,22.0488,103.6982,56.2968,125.747,1
U075,La mujer que bota fuego - Manuel Medrano,67.6972,441.1897,221.3331,242.8797,88.3932,262.9709,556.6074,174.5776,0
U078,A veces a besos - Greeicy,72.6662,98.1399,96.6331,108.3814,32.1605,371.0573,110.019,403.2178,0
U098,Doma - Josean log,84.5936,257.7321,53.828,27.2316,54.9536,49.1267,345.6968,5.827,1
U095,In a lake portuguese -  Mitski,31.193,328.0682,10.605,7.2784,14.2807,80.9314,295.8351,66.6507,1
U067,Send my love - Adele,65.0906,307.5712,150.6116,114.8559,130.9304,105.6307,448.1273,25.2997,0
U020,Si hay algo - Josean Log,81.4806,93.8342,82.6133,69.0027,78.714,241.5998,24.7099,162.8859,0
U112,Desde que estamos juntos - Melendi,63.9171,36.2551,32.4606,30.0177,21.2128,12.1339,190.6508,33.3467,1
U112,Treat you better - Shawn Mendes,63.9171,471.0605,112.0858,121.1314,46.8757,69.0065,625.4563,22.1309,0
U052,Niño - Milo J,60.5431,106.4052,39.6103,32.3723,22.0292,8.3499,30.7831,13.6793,1
U057,Washin machine - Mitski,39.9419,210.7763,34.3922,22.8454,0.9667,198.4813,111.5857,199.448,0
U040,Beso - Josean Log,44.7784,83.1665,47.161,67.7607,28.4725,81.5601,16.7824,110.0327,1
U029,Hello - Adele,76.8581,353.3369,96.6943,93.1066,43.1159,193.9958,427.9299,150.8799,0
U040,Si supieras - Kevin Kaarl,44.7784,40.1124,29.2099,41.3552,8.0135,59.3114,106.4965,51.298,1
U031,Say yes to heaven - Lana del rey,59.6338,609.6836,135.7391,43.0652,106.4825,265.4558,775.0113,158.9733,0
U077,Quimbara - Celia Cruz,27.2811,498.0637,143.0271,158.2342,138.2303,26.7104,525.3447,164.9407,0
U052,A veces a besos - Greeicy,54.9487,257.1218,93.1646,80.9458,102.9424,180.5083,388.7158,77.5659,0
U060,Borracho te recuerdo - Vicente Fernandez,38.48,183.6867,24.2115,12.4532,122.1198,286.1985,254.8738,164.0787,0
U048,Si supieras - Kevin Kaarl,84.5936,174.376,150.5296,122.097,78.3694,236.087,94.0914,157.7177,0
U097,La ley del monte - Vicente Fernandez,43.9037,364.6261,118.7266,124.999,123.4517,60.792,420.5411,184.2437,0
U078,There's nothing holding me back - Shawn Mendes,84.5936,379.9734,138.7916,122.4229,55.7755,420.6173,379.9251,364.8418,0
U065,Back to black - Amy Winehouse,25.6958,280.755,54.445,69.8614,35.7565,215.4247,301.4184,251.1812,0
U099,My love mine all mine - Mitski,38.0951,144.1196,30.1737,65.1059,34.9751,116.131,169.278,151.1061,0
U022,MAI - Milo J,41.4565,347.4429,44.5955,23.804,14.5842,75.6304,409.9174,61.0464,1
U031,La distancia - Manuel Medrano,76.1597,363.7119,5.4088,14.7132,2.2504,2.5406,545.5655,4.791,1
U010,Aca entre nos - Vicente Fernandez,41.8107,533.6953,105.1511,107.4803,75.4691,96.4982,590.6371,21.0289,0
U094,Rie y llora - Celia Cruz,31.0521,598.8165,108.1006,86.1537,106.0323,135.6909,670.6178,29.6586,0
U116,When we were young - Adele,78.2254,386.535,82.1625,95.7572,73.7195,29.914,464.9423,43.8055,0
U105,Valentine - Laufey,82.6143,168.9053,48.2419,80.4734,51.5366,64.2457,224.1101,115.7823,0
U030,Me arrepiento - Alex Ubago,84.5936,177.345,169.6113,174.9608,194.7523,152.8082,100.4877,41.9441,0
U094,Euphoria - Jung Kook,16.2611,457.7576,171.0875,145.6124,169.6938,269.3385,514.7679,99.6448,0
U077,Top of the world - Shawn Mendes,32.3816,53.0904,33.093,42.0879,21.8878,62.5351,20.7088,84.4229,1
U074,Quedate - Manuel Medrano,68.8065,21.3449,18.8116,33.5039,69.8572,47.1555,75.183,22.7016,1
U090,My you - Jung Kook,36.7953,42.8844,134.3136,115.7155,25.9752,209.981,41.3284,184.0059,0
U077,Estos celos - Vicente Fernandez,32.3816,219.2894,2.7806,15.4624,21.5847,119.6002,186.9078,98.0154,1
U009,In a lake portuguese -  Mitski,2.0104,232.739,138.6759,166.9018,138.8232,352.3644,217.4708,213.5412,0
U105,Lover girl - Laufey,24.5878,262.9027,52.1362,74.9271,85.0009,135.776,210.9054,220.777,0
U106,Que pides tu - Alex Ubago,54.3983,109.6707,13.8287,8.9868,32.5308,46.9901,33.0011,79.5209,1
U085,Pierdeme el respeto - Paquita la del barrio,80.9332,183.2658,5.7043,4.1851,99.9305,50.8243,370.2382,150.7548,1
U033,Mercy - Shawn Mendes,67.8672,55.0538,51.123,20.7207,75.0838,440.0393,41.0968,364.9555,0
U081,Tres veces te engañe - Paquita la del barrio,70.8128,191.7195,8.7838,42.5508,31.4112,167.9205,165.3446,136.5093,1
U115,Rincon - Milo J,50.4293,58.0984,9.4726,7.0374,29.5707,0.7933,52.9802,28.7773,1
U031,Mercy - Shawn Mendes,76.1597,409.07,54.832,59.358,52.5634,91.6157,590.9236,39.0523,0
U026,Si hay algo - Josean Log,60.9706,100.1133,3.5601,8.0735,24.8316,35.8341,175.8542,11.0026,1
U094,Sin remitente - Melendi,60.8547,82.6967,16.648,17.2193,8.792,46.0406,18.9072,37.2486,1
U061,Que pides tu - Alex Ubago,57.6365,86.1716,17.5684,12.2588,9.1327,12.079,4.3755,2.9463,1
U102,Es que yo te quiero a ti - Kevin Kaarl,84.5936,272.1979,127.3496,150.4629,58.0868,347.8742,328.6087,289.7875,0
U057,La ley del monte - Vicente Fernandez,56.6341,10.1627,33.7262,9.274,20.7637,235.3557,7.5481,256.1194,0
U071,San lucas - Kevin Kaarl,23.9542,246.8454,8.3395,12.4342,7.9542,187.1278,231.7813,179.1736,1
U111,Rolling in the deep - Adele,61.0367,219.8941,55.2647,46.6788,112.4275,40.7523,60.9013,71.6752,0
U029,Stronger than me - Amy Winehouse,33.2347,414.8504,58.1762,81.2791,62.3493,67.4062,445.8199,5.0569,0
U033,Milagrosa - Milo J,56.3853,255.6674,138.9897,131.2817,101.3063,586.6283,230.2284,485.322,0
U074,Lo hecho esta hecho - Shakira,35.0753,577.9065,201.4024,159.1007,120.1088,245.4946,640.7032,125.3857,0
U021,Para siempre - Vicente Fernandez,53.3478,417.4718,102.1614,66.9007,88.6766,303.2315,510.1861,214.5549,0
U060,La luna - Josean Log,38.48,58.813,59.77,49.5095,135.9635,334.0612,130.0001,198.0978,0
U028,Thriller - Michael Jackson,54.5809,606.3969,156.714,142.5318,17.9472,251.0628,718.7756,233.1156,0
U080,A gritos de esperanza - Alex Ubago,11.1749,213.5481,22.8221,10.1693,15.537,172.4089,230.9864,156.8719,1
U077,Bajo el agua - Manuel Medrano,32.3816,192.1129,29.4096,8.1217,18.2907,221.2475,159.7313,239.5381,0
U119,Yo vivire (I will survive) - Celia Cruz,77.0067,395.9755,20.1806,8.1781,41.414,19.1325,468.7371,22.2816,1
U101,Standing next to you - Jung Kook,58.0326,487.6087,145.0438,142.1749,125.1307,168.8624,550.3385,43.7317,0
U013,When we were young - Adele,52.7759,478.9098,143.5957,134.6122,47.2292,231.4369,546.7547,184.2078,0
U055,Una y otra vez - Manuel Medrano,59.0821,14.4106,53.769,15.8318,28.7073,142.9138,112.4499,114.2064,1
U060,Que me perdone tu perro - Paquita la del barrio,38.48,275.5105,37.5095,39.6672,146.0908,286.1985,204.3234,140.1077,0
U041,Tres veces te engañe - Paquita la del barrio,84.5936,317.4896,33.545,1.2103,57.7484,13.7534,384.6954,43.995,1
U095,Colapso - Kevin Kaarl,55.411,248.463,92.555,99.6698,88.4268,129.6362,194.0919,41.2094,0
U061,Si pudiera - Manuel Medrano,57.6365,505.9482,16.4829,19.8744,49.2735,35.3084,596.4953,13.9651,1
U104,Sigo aqui - Alex Ubago,33.0441,58.0761,4.5929,10.7707,12.1682,96.9887,30.3068,84.8207,1
U094,Ultraviolence - Lana del rey,60.8547,330.2023,106.3147,159.3716,32.019,170.2952,431.8062,138.2762,0
U101,Combustion - Josean Log,58.0326,417.1216,13.9221,19.5142,14.0265,27.7923,479.8514,13.7658,1
U082,La vida es un carnaval - Celia Cruz,61.5925,599.4751,101.8594,75.9055,129.266,93.7998,727.2878,35.4662,0
U085,Mujeres divinas - Vicente Fernandez,80.9332,106.6411,0.2247,8.8214,59.8171,12.509,293.6135,47.3081,1
U104,Gitana - Shakira,20.2182,94.5832,81.8244,89.5686,94.7599,54.4785,109.5266,149.2385,0
U110,Las de la intruicion - Shakira,77.6194,444.8386,109.3362,107.7454,28.7508,156.3438,541.3525,127.593,0
U031,Que pides tu - Alex Ubago,76.1597,73.3994,15.0825,34.936,29.5803,13.1066,108.4542,42.6869,1
U043,Hombres malvados - Paquita la del barrio,68.1244,110.5568,139.8856,140.3175,101.3805,96.2278,255.8382,5.1526,0
U104,Si hay algo - Josean Log,33.0441,8.6071,8.3152,0.374,8.4401,164.9907,19.1622,173.431,1
U009,Mujeres divinas - Vicente Fernandez,84.5936,143.9044,182.81,199.427,206.997,375.4425,72.5685,168.4455,0
U083,I bet on losing dogs - Mitski,83.4503,499.9756,7.6392,30.6424,46.1163,39.8225,592.904,85.9389,1
U116,A gritos de esperanza - Alex Ubago,77.8465,146.9172,29.2355,26.1971,38.9725,139.1728,68.8888,178.1453,1
U059,Dead women - Mitski,52.8439,417.7122,30.6661,51.1824,11.4634,78.216,468.3884,89.6794,0
U017,Chachacha - Josean log,39.6554,47.2422,31.0089,34.1477,46.5947,92.0519,6.4771,138.6464,1
U005,No me culpes por sentir - Kevin Kaarl,28.6144,323.6309,42.7586,36.3675,66.6015,29.7781,303.43,36.8234,1
U013,No me culpes por sentir - Kevin Kaarl,52.7759,186.8363,18.2777,20.3856,55.1411,0.2948,118.9914,54.8464,1
U009,Back to black - Amy Winehouse,79.8992,205.1022,108.0611,129.5401,108.6716,302.2246,271.7437,193.553,0
U088,Mujeres divinas - Vicente Fernandez,62.9902,82.201,4.8572,11.3565,22.5347,10.6162,169.1204,11.9185,1
U011,Sin miedo a nada - Alex Ubago,84.5936,110.783,68.8483,89.1286,20.3838,52.3147,199.17,31.9308,0
U052,Aca entre nos - Vicente Fernandez,66.8761,563.6353,55.6826,57.9408,45.4861,122.5947,707.1566,77.1085,0
U025,La promesa - Melendi,67.5389,281.1995,18.402,3.225,3.0042,113.5382,444.3366,110.534,1
U020,Someone like you - Adele,64.4801,280.2219,28.4483,17.508,20.4405,55.5343,332.3457,35.0938,1
U047,Las de la intruicion - Shakira,84.5936,315.7371,59.1533,34.3383,31.9752,115.706,399.3028,147.6811,0
U098,Beso - Josean Log,84.5936,176.9872,59.193,40.3893,30.6759,21.9766,89.0225,8.6993,1
U035,Lover girl - Laufey,35.9882,550.9401,71.1914,58.0678,111.4638,66.7823,553.6843,44.6816,0
U037,Billie Jean - Michael Jackson,62.7244,576.8647,125.4223,79.4927,42.7099,171.886,664.307,129.1762,0
U111,Why why why - Shawn Mendes,61.0367,134.753,78.2671,103.7526,18.0773,90.5034,24.2398,108.5807,0
U065,Limonar - Greeicy,14.2034,135.2892,55.2746,58.4242,35.7565,147.3368,116.0534,183.0933,0
U051,I'll change for you - Mitski,13.2274,243.1445,11.4434,26.6265,37.4286,392.0844,197.6037,354.6559,0
U110,West coast - Lana del rey,72.1104,287.6814,4.4012,6.3695,93.6828,73.0927,378.6863,166.7755,1
U063,Rolling in the deep - Adele,41.9008,267.8606,119.4151,102.7401,34.3713,192.7435,187.014,158.3722,0
U006,Por si acaso no regreso - Celia Cruz,35.1621,311.2802,57.0266,9.6238,21.0741,23.9113,335.1795,2.8372,1
U070,Que le den candela - Celia Cruz,2.0481,586.2782,135.1887,125.6103,60.1788,80.3645,633.9629,20.1857,0
U076,Como hacer para olvidarte - Manuel Medrano,49.5001,311.8259,2.4714,38.7361,20.2485,78.015,418.9946,98.2635,1
U095,Mentira - Greeicy,22.8185,145.8033,86.7315,85.6479,76.833,16.2578,167.5818,60.5752,0
U013,Send my love - Adele,50.0771,271.5721,153.6926,119.1125,99.302,212.9642,336.7182,113.6623,0
U058,Estos celos - Vicente Fernandez,51.3542,98.1008,26.0805,24.4392,42.624,109.9893,3.3939,152.6134,1
U059,Limonar - Greeicy,18.8491,138.2399,28.7423,1.7581,32.815,79.9577,154.9213,47.1427,1
U017,Young and beautiful - Lana del rey ,8.7465,110.0456,87.9626,108.2393,103.0553,84.3916,100.1894,187.4468,0
U026,Somedoy - Jung Kook,44.9166,153.7488,100.174,94.1982,0.0995,125.1044,213.4357,125.2039,0
U021,Thriller - Michael Jackson,53.3478,212.3601,5.1261,15.9878,48.4326,153.5491,119.6458,105.1165,1
U098,Milagrosa - Milo J,73.1117,503.7038,94.3142,81.933,14.342,108.2556,580.1865,122.5976,0
U097,Sangre para derramar - Milo J,43.1437,253.2349,6.9043,28.6975,10.0456,194.6864,308.3899,184.6408,0
U102,La vida es un carnaval - Celia Cruz,65.6669,278.5104,22.0219,44.0375,123.5179,286.2227,315.9945,409.7406,0
U081,In a lake portuguese -  Mitski,15.7912,103.8549,76.8706,91.8216,39.0888,537.7588,9.1241,498.67,0
U005,I bet on losing dogs - Mitski,27.4711,401.8775,39.3221,54.1899,34.1946,71.1791,420.9351,105.3738,0
U116,Treat you better - Shawn Mendes,78.2254,324.6631,14.2323,29.7111,19.0523,74.7061,403.0705,93.7583,1
U085,Rincon - Milo J,80.9332,64.9488,33.2246,52.9402,57.0615,46.5962,122.0236,10.4653,1
U004,Sabes - Alex Ubago,67.138,341.1517,0.4005,2.2834,3.7878,43.6474,479.9656,39.8596,1
U076,Love is a losing game - Amy Winehouse,30.0777,124.3252,109.5645,92.6579,145.8089,48.519,96.7342,97.2898,0
U075,Rie y llora - Celia Cruz,37.8946,205.9446,90.9339,144.5064,0.726,126.8542,60.7243,126.1282,0
U057,Yo vivire (I will survive) - Celia Cruz,49.0472,210.7763,25.493,21.1831,4.0292,160.6752,200.5747,156.6461,1
U095,Remember the time  Michael Jackson,55.411,422.0656,32.117,4.068,13.2028,82.801,476.4366,96.0038,1
U030,Send my love - Adele,81.8948,62.7731,9.7399,26.9625,51.0388,11.2214,136.9316,62.2602,1
U077,Too little too late - Laufey,20.4542,329.0257,83.3221,102.6708,131.3212,91.2777,349.48,222.5988,0
U051,Too little too late - Laufey,57.2433,74.1065,54.7977,60.6907,9.2907,466.1373,72.5817,456.8465,0
U113,The girl is mine - Michael Jackson,59.4279,71.1851,8.4003,22.0359,15.7156,10.9374,12.2276,26.653,1
U049,Rata de dos patas - Paquita la del barrio,53.9884,576.7213,164.5606,178.5075,87.3071,167.2714,662.6834,79.9644,0
U102,Rie y llora - Celia Cruz,54.791,272.1979,33.0239,79.3736,89.3403,316.3246,298.8061,405.6649,0
U019,Rolling in the deep - Adele,65.9542,618.8094,237.6751,222.0911,119.7113,252.8223,794.3452,133.111,0
U013,La vida es un carnaval - Celia Cruz,33.8492,569.873,118.9082,100.7185,106.5379,152.7661,618.7912,46.2283,0
U055,La promesa - Melendi,59.0821,232.8963,22.2667,2.9742,40.7765,86.9729,330.9356,127.7493,1
U118,Rincon - Milo J,52.0939,31.6191,26.1041,5.0443,18.9479,35.9422,113.7389,54.8901,1
U059,Combustion - Josean Log,63.4427,322.6226,25.213,56.3844,85.4066,5.7194,383.8976,79.6872,1
U095,The girl is mine - Michael Jackson,55.411,75.4063,10.5786,7.2784,73.9928,1.5466,21.0353,72.4462,1
U094,Un violinista en tu tejado - Melendi,60.8547,16.5545,20.384,3.9135,20.7562,1.7002,85.0494,22.4564,1
U063,No me culpes por sentir - Kevin Kaarl,41.9008,488.8487,107.3403,89.8651,133.2488,96.0755,569.6953,37.1733,0
U089,I'll change for you - Mitski,22.4064,347.9781,35.8847,0.4429,44.7388,92.7137,357.4843,47.9751,1
U090,Treat you better - Shawn Mendes,54.7533,9.6239,106.8122,85.4746,87.282,132.0988,56.6308,44.8168,0
U110,Tu jardin con enanitos - Melendi,77.6194,546.7552,0.7892,11.4234,21.5499,53.978,643.2691,32.4281,1
U085,In my bed - Amy Winehouse,56.9918,558.9894,92.2509,56.1072,62.0613,75.0358,722.0204,12.9745,0
U001,Desde que estamos juntos - Melendi,48.7455,23.1127,5.7193,19.1415,12.5422,23.2284,37.7875,10.6862,1
U063,Someone like you - Adele,24.9003,182.7195,36.3463,17.27,8.2743,117.1835,84.8724,125.4578,1
U081,Love on the brain - Rihanna,70.8128,13.0575,22.7845,6.1485,2.6006,365.9716,13.3174,368.5722,0
U059,Stitches - Shawn Mendes,63.4427,47.1172,4.531,3.3545,33.1411,17.9391,108.3922,51.0801,1
U054,There's nothing holding me back - Shawn Mendes,84.5936,318.2907,89.2381,97.6122,90.4459,104.6407,253.6028,14.1948,0
U102,Hombres malvados - Paquita la del barrio,84.5936,236.9018,38.66,49.3517,106.4964,290.6735,180.491,397.1698,0
U112,Mas fuerte - Greeicy,5.8527,623.8956,157.5274,171.6778,153.6157,79.6006,720.2268,74.0151,0
U078,Mas fuerte - Greeicy,26.5292,257.867,74.8736,57.835,46.0203,414.2242,199.8507,460.2445,0
U075,Where have you been - Rihanna,67.6972,212.2571,23.0115,67.254,30.5321,6.7934,96.8394,23.7387,1
U012,Let you break my heart again - Laufey,61.0335,118.7128,31.4172,0.5175,2.6797,2.0423,78.1302,4.722,1
U061,Te quiero tanto - Kevin Kaarl,57.6365,417.2264,21.1097,16.0442,19.3928,56.317,507.7735,75.7098,1
U048,Combustion - Josean Log,84.5936,269.1179,114.2302,94.4096,110.4299,191.7641,349.4025,81.3343,0
U033,Combustion - Josean Log,67.8672,141.7492,85.5202,88.4561,141.8987,478.2751,127.7922,336.3764,0
U107,La negra tiene tumbao - Celia Cruz,18.9432,433.3431,80.281,62.0122,124.2118,46.1627,463.4741,78.0492,0
U063,In my bed - Amy Winehouse,17.9594,218.3672,17.4732,5.5655,14.0261,31.0361,113.5792,17.01,1
U094,Cinnamon girl - Lana del rey,50.6936,384.0649,159.096,145.6124,106.0323,272.1831,475.5077,166.1508,0
U099,Pobre pistolita - Paquita la del barrio,80.1763,0.1536,47.05,50.84,57.4485,92.7443,67.086,35.2957,1
U013,Lover girl - Laufey,54.4262,538.6721,83.888,68.5661,84.0997,94.9007,499.3149,10.801,0
U062,West coast - Lana del rey,18.3315,158.7527,14.9594,17.0286,65.7234,186.5383,166.5364,252.2617,0
U115,Sangre para derramar - Milo J,49.6693,303.3284,12.4691,34.8191,45.1888,6.2367,413.647,51.4254,1
U034,When we were young - Adele,54.3008,504.0359,148.1335,164.5002,75.2309,67.4692,589.1344,7.7616,0
U104,Never be alone - Shawn Mendes,33.0441,450.5901,1.6242,12.0962,34.8898,113.687,478.3594,78.7973,1
U080,Retirada - Milo J,8.0637,59.2698,70.408,33.0002,37.0676,21.5528,79.8193,58.6204,1
U020,Sigo aqui - Alex Ubago,81.4806,143.3032,69.7052,57.858,99.3223,173.5978,74.1789,74.2756,0
U001,Stronger than me - Amy Winehouse,0.3869,564.5278,138.2443,130.1789,129.7428,180.2909,576.2955,50.5481,0
U102,Desde que estamos juntos - Melendi,84.5936,309.1301,144.8898,167.3036,16.1209,393.3124,252.7193,377.1915,0
U004,My love mine all mine - Mitski,25.0568,404.8117,73.6559,60.9853,66.9776,70.691,501.5444,3.7134,0
U027,Valentine - Laufey,49.3451,109.0846,21.2542,50.9619,10.9597,301.1174,49.5476,312.077,0
U062,Niño - Milo J,17.5075,295.3949,57.4422,40.3813,32.3126,27.0152,288.4352,5.2974,1
U051,You da one - Rihanna,69.1707,84.8772,7.3578,37.7901,11.999,341.2253,95.2798,329.2263,0
U108,Send my love - Adele,63.0892,21.33,58.8011,10.3655,47.8662,154.3969,50.6737,202.2631,0
U028,San lucas - Kevin Kaarl,54.5809,90.7514,46.2849,31.4719,12.1414,54.9189,21.6273,42.7775,1
U003,Hombres malvados - Paquita la del barrio,81.888,160.3136,0.0689,21.3127,54.4184,134.6739,87.0778,189.0922,1
U078,Addicted to you - Shakira,36.0689,67.6573,8.2093,8.7022,121.1775,292.4787,52.957,413.6562,0
U098,Man down - Rihanna,31.422,151.9837,31.0183,30.3097,108.8326,83.3827,186.7767,25.4499,1
U010,Rehab - Amy Winehouse,10.9018,289.5088,129.2562,122.5945,116.064,68.7347,315.5417,47.3295,0
U120,Where have you been - Rihanna,57.3892,227.9425,4.3657,63.7348,97.1696,339.6772,86.2559,436.8468,0
U087,I am - Milo J,42.908,112.7616,226.7161,225.4673,145.1622,433.2096,58.9147,288.0475,0
U067,Que me perdone tu perro - Paquita la del barrio,67.7894,605.8721,43.1109,35.4991,28.7042,1.1683,749.127,29.8725,0
U110,Me arrepiento - Alex Ubago,77.6194,14.6487,40.7519,47.9132,65.1541,83.2458,111.1626,18.0917,1
U089,La vida es un carnaval - Celia Cruz,59.423,347.9781,20.8401,17.9511,1.7865,120.5254,394.5009,122.312,1
U093,There's nothing holding me back - Shawn Mendes,79.6162,404.5964,128.5293,114.6217,18.828,69.674,377.5968,50.846,0
U093,Stronger than me - Amy Winehouse,30.4838,233.244,45.7145,42.3735,67.7655,2.0471,211.111,65.7184,1
U103,Dead women - Mitski,65.0647,609.272,18.5598,1.1657,90.1349,8.5911,779.9261,81.5438,0
U042,Rie y llora - Celia Cruz,54.2367,201.3204,88.2482,149.568,26.8004,294.6157,36.6069,321.4161,0
U023,Me enamore - Shakira,22.175,358.25,14.5438,23.7651,36.5694,18.8577,380.8911,55.4271,1
U072,Una y otra vez - Manuel Medrano,65.2113,297.4524,79.536,88.5852,7.9552,418.5896,469.971,426.5448,0
U085,Tierra - Josean Log,80.9332,183.4921,21.7151,8.8214,90.4051,24.8823,3.4803,65.5228,1
U108,Que me perdone tu perro - Paquita la del barrio,65.788,319.6309,48.6996,68.9913,111.7684,258.8593,351.6734,147.0909,0
U107,Stitches - Shawn Mendes,72.1148,146.4265,32.5982,48.9786,31.7769,25.1552,229.7292,6.6218,1
U107,Mercy - Shawn Mendes,72.1148,335.2365,37.2514,63.6841,46.3263,39.7325,418.5392,6.5938,0
U023,Limonar - Greeicy,40.0,190.7388,24.0305,24.8938,30.2336,43.553,231.2049,73.7866,1
U020,Valentine - Laufey,81.4806,240.1647,9.1783,6.2217,39.6385,102.0675,309.289,62.429,1
U034,Sangre para derramar - Milo J,53.5408,282.9943,17.3984,31.8961,14.6054,151.7529,367.3328,137.1474,0
U050,Mas fuerte - Greeicy,26.5292,434.6275,28.1879,51.9485,54.4796,30.314,460.9342,24.1656,1
U043,Quedate - Manuel Medrano,68.1244,26.7176,29.5044,33.4298,61.0761,26.6957,171.999,34.3804,1
U115,Too little too late - Laufey,38.5019,446.2952,100.0656,112.0133,85.5688,100.5468,545.4465,14.978,0
U082,Estos celos - Vicente Fernandez,80.5192,117.878,12.553,26.9731,42.0273,19.2361,28.8614,61.2635,1
U089,Somedoy - Jung Kook,62.2957,57.5836,20.0133,16.1591,68.4594,85.4543,8.1881,16.995,1
U050,Rolling in the deep - Adele,84.5936,434.6275,115.5585,105.0556,67.6566,181.4273,518.9987,113.7707,0
U062,No me culpes por sentir - Kevin Kaarl,23.8405,332.5703,42.2926,16.0149,47.9243,19.0296,319.2776,28.8947,1
U096,Why why why - Shawn Mendes,55.786,139.7888,53.1592,105.1792,93.2226,502.0631,73.3639,408.8404,0
U101,Pobre pistolita - Paquita la del barrio,58.0326,170.7709,28.368,51.1355,24.7183,8.1917,233.5007,16.5267,1
U037,Desde que estamos juntos - Melendi,62.7244,10.7758,0.046,23.0582,24.5704,47.3326,76.6665,22.7622,1
U106,La luna - Josean Log,54.3983,239.0888,37.594,51.519,11.8655,14.7652,315.7584,2.8998,1
U036,Tears dry on their own - Amy Winehouse,20.363,20.4048,60.9675,34.4593,69.5885,111.5551,25.2389,41.9666,0
U069,Where have you been - Rihanna,84.5936,404.7728,56.991,4.2811,13.5308,22.9094,485.7256,9.3786,1
U069,Dont stop the music - Rihanna,84.2147,404.7728,32.7506,18.7745,10.7973,91.384,485.3467,102.1813,0
U089,Las de la intruicion - Shakira,78.3497,239.749,45.8412,8.1032,55.258,15.2327,305.1985,70.4906,1
U027,Dame tu aire - Alex Ubago,49.3451,448.8001,116.362,138.6665,57.256,425.0927,508.3371,367.8365,0
U010,In my bed - Amy Winehouse,17.8693,533.6953,149.8213,136.9642,139.617,100.6508,566.6957,38.9663,0
U120,Promise - Laufey,57.3892,221.63,63.0336,121.3213,60.8867,436.4497,79.9434,497.3364,0
U052,Love in the dark - Adele,66.8761,476.7798,125.8273,114.8902,68.1356,164.051,620.3011,95.9154,0
U055,Si supieras - Kevin Kaarl,59.0821,35.7531,10.0592,1.8454,3.2157,27.0606,133.7924,30.2762,1
U107,Te busco audio - Celia Cruz,69.8083,517.0215,50.5367,18.9118,52.7315,115.4435,598.0177,62.712,0
U094,Thriller - Michael Jackson,60.8547,605.129,113.7487,121.4898,14.5978,239.1092,706.7329,224.5114,0
U051,Milagrosa - Milo J,57.6888,243.1445,163.1823,174.6248,106.4896,586.1147,242.065,479.6251,0
U083,Treat you better - Shawn Mendes,84.5936,378.3414,19.5017,29.0367,30.8201,65.9769,472.4132,96.7971,1
U014,My love mine all mine - Mitski,42.5124,338.1547,37.0868,71.1467,21.0431,15.2099,392.0903,36.253,1
U005,Quimbara - Celia Cruz,23.5139,433.0784,125.8226,124.6298,83.5992,141.6089,448.1787,58.0097,0
U007,La luna - Josean Log,68.0895,291.8875,25.5151,43.0023,1.1435,39.9051,458.9159,38.7615,1
U075,Fecha de caducidad - Melendi,67.6972,212.2571,158.8085,208.4401,96.5399,132.994,96.8394,36.4541,0
U076,When we were young - Adele,52.1989,519.1636,163.3802,148.9291,83.5468,179.2935,629.0311,95.7467,0
U106,Ultraviolence - Lana del rey,54.3983,298.4856,119.7829,160.2059,36.6868,81.8642,375.1552,45.1774,0
U069,Bored - Laufey,84.5936,107.2761,15.0449,54.9968,57.1366,73.9481,26.3233,16.8115,1
U059,Tears dry on their own - Amy Winehouse,21.9806,251.5782,36.8915,25.0801,3.7413,63.5004,271.3911,59.7591,1
U028,Valentine - Laufey,54.5809,481.1986,130.942,104.8331,87.6568,191.4113,593.5773,103.7545,0
U085,Sigo aqui - Alex Ubago,80.9332,99.8166,12.9705,7.5543,39.1209,43.1197,286.789,82.2405,1
U005,Where have you been - Rihanna,28.6144,433.0784,151.3477,126.6529,92.158,226.8285,453.2793,134.6705,0
U030,Si supieras - Kevin Kaarl,84.5936,196.3381,164.0485,159.8226,167.9211,151.165,119.4808,16.7561,0
U033,Somedoy - Jung Kook,51.8132,149.8943,3.1222,0.1146,55.9659,385.3386,179.9053,329.3727,0
U012,Cinnamon girl - Lana del rey,22.5986,17.2233,69.4355,16.3747,2.6797,54.3752,95.9876,51.6955,1
U051,Diamonds - Rihanna,69.1707,218.1119,27.7441,26.6265,23.8065,428.7465,228.5144,404.94,0
U083,Yes or no - Jung Kook,81.1035,64.665,34.0465,30.6424,36.6305,55.6845,155.2466,19.0539,1
U119,There's nothing holding me back - Shawn Mendes,84.5936,241.8649,34.5582,33.6568,27.1771,70.6394,161.5162,43.4623,1
U060,West coast - Lana del rey,32.971,10.1242,44.7271,66.765,158.6984,189.4272,66.5719,30.7288,0
U090,Bad - Michael Jackson,54.7533,156.1465,11.0965,1.1135,22.2164,41.839,89.8917,64.0554,1
U028,Sabes - Alex Ubago,54.5809,326.7412,36.9099,9.8398,5.9226,89.0513,439.1199,83.1287,1
U047,Los consejos - Greeicy,84.5936,63.9878,19.4588,23.8684,48.127,77.9175,19.5779,29.7907,1
U032,Ya para que - Greeicy,11.4695,461.3445,74.9859,79.6769,123.9388,142.1809,472.814,266.1197,0
U080,La ley del monte - Vicente Fernandez,11.5538,210.2537,94.3191,89.4238,62.871,88.6498,193.1943,151.5208,0
U063,Why why why - Shawn Mendes,41.9008,182.7195,14.1167,47.6913,59.9789,61.4878,101.8729,121.4667,1
U077,Yes or no - Jung Kook,28.8915,31.5522,82.9339,87.7943,103.1833,81.2782,60.4437,184.4616,0
U005,Let you break my heart again - Laufey,65.1788,313.5038,96.4024,91.967,60.8999,173.2556,239.9115,112.3557,0
U094,Que le den candela - Celia Cruz,2.075,561.6979,106.4279,102.4465,76.4503,174.85,604.5221,98.3997,0
U112,La promesa - Melendi,63.9171,263.6267,48.0118,39.9465,0.8274,52.6798,418.0224,53.5072,1
U060,Por si acaso no regreso - Celia Cruz,2.9821,213.997,61.6514,15.9814,13.3979,52.1876,101.3477,38.7897,1
U099,Somedoy - Jung Kook,64.1223,45.4464,20.9021,6.1094,39.1761,19.4084,5.7392,58.5845,1
U095,Te busco audio - Celia Cruz,53.1045,434.4379,35.7766,1.5397,29.1306,65.566,486.5024,94.6966,1
U009,Promise - Laufey,84.5936,351.6248,79.7095,124.4951,109.9169,255.1752,422.9607,145.2583,0
U084,Bored - Laufey,59.2101,271.9219,60.5067,74.4322,3.9356,453.4261,426.2786,457.3617,0
U028,Desde que estamos juntos - Melendi,54.5809,18.7564,39.2,19.2657,3.9205,70.6567,131.1351,66.7362,1
U086,Sin miedo a nada - Alex Ubago,84.5936,78.2683,81.3272,133.0236,3.9983,15.6054,164.0913,11.6072,0
U115,Como hacer para olvidarte - Manuel Medrano,47.7305,317.0323,7.846,26.088,18.6508,31.8497,425.4121,13.199,1
U117,My you - Jung Kook,33.3302,148.1751,50.8794,50.4558,6.7145,71.1577,103.0447,77.8722,1
U060,Los besos - Greeicy,11.9205,111.8423,20.172,21.2956,12.1215,259.4328,14.0958,271.5542,0
U106,Man down - Rihanna,1.2267,221.6922,121.209,104.9625,123.782,102.7815,245.1901,21.0005,0
U017,Stitches - Shawn Mendes,39.6554,133.0476,61.8571,88.4595,32.0453,66.4948,173.8127,98.5401,0
U107,Que me perdone tu perro - Paquita la del barrio,72.1148,535.8501,13.3627,21.7646,31.1804,15.0978,619.1528,46.2782,1
U032,Remember the time  Michael Jackson,75.3734,430.1436,15.6282,10.039,49.46,77.9217,505.517,127.3817,1
U010,Stitches - Shawn Mendes,41.8107,193.7651,108.7129,128.8889,50.1079,92.3932,250.7069,42.2851,0
U028,Donde nadie pueda ir - Manuel Medrano,54.5809,289.8766,20.1323,13.9687,20.1945,10.2534,402.2553,9.9411,1
U012,Lover girl - Laufey,74.4424,207.0865,5.5781,39.9003,14.4191,109.8805,3.1654,124.2997,1
U039,Bad - Michael Jackson,66.2091,246.8456,4.5162,14.0316,43.5252,97.2818,235.9463,53.7566,1
U052,Sangre para derramar - Milo J,66.1161,301.1239,28.1192,49.4044,25.1069,12.1453,443.8852,37.2522,1
U063,Borracho te recuerdo - Vicente Fernandez,41.9008,191.3366,29.5727,2.5098,114.4693,12.7211,272.1832,127.1904,1
U031,Una y otra vez - Manuel Medrano,76.1597,30.929,27.8452,22.0784,49.732,124.9102,212.7826,75.1782,1
U092,Summertime sadness - Lana del rey,59.7792,420.8495,32.6847,0.4524,10.9474,176.9691,472.8996,187.9165,0
U059,Taco placero - Paquita la del barrio,63.4427,40.7849,15.393,23.2907,79.5793,9.87,20.4902,89.4493,1
U083,Smooth criminal - Michael Jackson,84.5936,524.864,76.9331,18.0528,64.0295,305.4909,618.9357,369.5204,0
U020,In my blood - Shawn Mendes,81.4806,309.8422,23.6938,19.2375,94.4349,68.2792,378.9665,26.1556,1
U007,Tres veces te engañe - Paquita la del barrio,68.0895,588.8773,145.4324,105.0013,97.4556,411.4544,755.9057,313.9988,0
U027,La mujer que bota fuego - Manuel Medrano,49.3451,419.1639,131.5295,146.9726,54.9826,481.0009,478.7009,426.0181,0
U051,Nobody - Mitski,69.1707,311.1477,36.791,57.2785,27.6078,359.698,300.7451,332.0902,0
U025,Como hacer para olvidarte - Manuel Medrano,64.8401,343.1675,10.5026,37.2092,42.0762,22.8235,503.6058,64.8997,1
U001,Rincon - Milo J,48.7455,108.9038,20.6993,30.5963,18.6541,17.2632,48.0036,35.9173,1
U072,Es que yo te quiero a ti - Kevin Kaarl,65.2113,274.9897,109.0493,94.5309,81.4543,493.906,102.4711,412.4518,0
U003,Valentine - Laufey,81.888,229.9003,14.5567,11.0718,15.5374,116.5582,303.1361,132.0956,1
U013,Tu jardin con enanitos - Melendi,52.7759,563.5605,35.3623,7.604,0.8073,78.2024,631.4054,79.0098,0
U098,Quiero + - Greeicy,84.5936,460.2727,14.0558,30.3097,71.7484,62.4654,548.2374,9.283,0
U095,Las de la intruicion - Shakira,55.411,345.0374,96.32,91.4096,3.2165,145.2427,399.4084,148.4592,0
U106,Te quiero tanto - Kevin Kaarl,54.3983,393.7273,17.37,19.3162,22.2707,21.4059,470.3969,0.8648,1
U050,Chicago - Michael Jackson,84.5936,223.7296,1.2635,17.16,0.1685,88.1266,308.1008,87.9581,1
U068,I'll change for you - Mitski,19.7621,418.4726,95.0268,70.464,58.1006,148.9414,386.9189,90.8408,0
U035,Tu jardin con enanitos - Melendi,71.2139,575.8285,22.6657,2.8943,26.5568,50.084,685.7748,23.5272,1
U018,La mujer que bota fuego - Manuel Medrano,80.3973,411.0789,211.921,193.7819,79.2137,494.2001,379.1401,414.9863,0
U064,Soltera - Shakira,56.9236,494.7572,173.6879,167.038,99.2676,123.42,646.0074,24.1523,0
U044,Send my love - Adele,81.8948,264.2975,79.3717,27.0927,112.4892,74.1307,363.2391,38.3585,0
U039,A veces a besos - Greeicy,54.2817,102.8488,76.5498,98.3927,15.7106,217.4586,125.6754,201.7481,0
U059,Retirada - Milo J,59.9526,33.5963,18.8872,34.8354,44.8142,155.6917,24.1886,200.5059,1
U007,In my blood - Shawn Mendes,68.0895,570.6902,74.8505,63.0929,47.1878,179.4853,737.7186,132.2974,0
U030,Mentira - Greeicy,52.0011,53.6108,29.1117,25.0639,20.7979,42.2035,97.8756,21.4056,1
U037,Too sad to dance - Jung Kook,61.5811,576.8647,105.844,52.4985,82.1652,23.5154,663.1637,58.6499,0
U112,Top of the world - Shawn Mendes,63.9171,72.7415,76.7897,77.0307,33.0308,77.4572,227.1372,44.4264,0
U118,Doma - Josean log,52.0939,395.8408,67.7439,64.8623,32.4071,4.5494,541.1988,36.9566,0
U100,Niño - Milo J,54.5933,104.3638,30.6763,19.9717,13.8335,4.0448,15.8016,17.8782,1
U016,Fecha de caducidad - Melendi,62.3968,572.248,36.2566,4.3193,26.9957,36.982,662.7241,63.9777,1
U011,Top of the world - Shawn Mendes,84.5936,34.8094,59.5991,57.7876,24.8398,45.9584,53.5776,21.1186,1
U025,In a lake portuguese -  Mitski,19.0651,516.2701,65.0048,58.4854,96.5745,65.3982,592.8031,31.1763,0
U082,La negra tiene tumbao - Celia Cruz,27.3476,496.9681,96.0614,55.1903,117.7877,80.6004,590.5358,37.1874,0
U024,Just friends - Amy Winehouse,70.4744,154.8915,99.0865,92.1985,11.6315,255.8938,14.4498,244.2623,0
U019,Si hay algo - Josean Log,65.9542,159.6122,43.5447,50.1103,18.7922,8.8032,335.148,27.5955,1
U088,Por si acaso no regreso - Celia Cruz,21.5281,522.5292,136.1498,96.6444,79.5702,292.6245,567.9864,213.0543,0
U046,Stitches - Shawn Mendes,73.1014,179.5216,54.2123,47.4776,6.1603,24.5803,281.5175,18.4199,1
U111,Loba - Shakira,61.0367,170.4007,16.3027,4.5297,93.6103,8.5399,11.4079,85.0704,1
U096,I'll change for you - Mitski,0.1573,224.9299,5.8477,7.8549,51.3388,478.7538,102.5617,427.415,0
U080,Remember the time  Michael Jackson,11.5538,379.6664,70.3307,28.8066,11.4879,8.6765,362.607,20.1644,1
U038,Doma - Josean log,60.5,256.4636,9.6442,14.4777,125.0933,76.9986,318.0498,48.0948,1
U009,Never be alone - Shawn Mendes,84.5936,357.9373,175.8319,221.0268,209.0224,336.5121,429.2732,127.4897,0
U026,From the start - Laufey,42.2891,1.8984,95.2068,92.4062,50.4009,87.8015,25.6205,37.4006,0
U083,Amor viejo - Kevin Kaarl,84.5936,36.2385,94.2443,111.1464,46.8357,70.4245,130.3102,23.5888,0
U109,Just friends - Amy Winehouse,61.1758,565.5413,140.3228,126.4187,99.3557,31.4139,679.085,67.9418,0
U076,Send my love - Adele,49.5001,311.8259,173.4771,133.4294,135.6196,160.8208,418.9946,25.2012,0
U008,Rehab - Amy Winehouse,7.5116,101.4628,54.3971,30.7279,88.9644,138.1823,74.5799,227.1468,0
U053,Lo hecho esta hecho - Shakira,40.5897,333.949,111.2653,77.6492,103.7888,161.8805,349.0776,58.0917,0
U062,My you - Jung Kook,5.8825,304.5644,24.1492,42.6959,61.0856,30.1998,299.8991,30.8858,1
U078,Cheque al portamor - Melendi,84.5936,329.7735,195.9998,188.4309,74.5646,518.6212,329.7253,444.0566,0
U058,Los besos - Greeicy,24.7947,455.5841,125.4581,127.3178,120.0111,167.0544,530.5194,47.0434,0
U029,My you - Jung Kook,64.4091,295.2758,33.6636,7.1685,32.1184,86.3981,357.4198,118.5165,1
U045,Euphoria - Jung Kook,23.9384,37.2155,6.7312,44.9106,74.9631,57.135,0.3733,132.098,1
U076,Que pides tu - Alex Ubago,52.1989,72.9562,19.9506,1.6981,30.5086,23.7292,36.9113,54.2378,1
U082,Dont stop the music - Rihanna,80.1403,599.4751,134.5394,132.3152,150.6746,128.8709,745.8356,21.8037,0
U091,Valentine - Laufey,50.3965,496.6486,121.2573,99.9307,67.6853,145.1539,592.3181,77.4685,0
U119,Too little too late - Laufey,72.6662,226.9375,1.1488,3.1331,63.4672,95.1323,295.3588,158.5994,1
U025,Vamonos a marte - Kevin Kaarl,67.16,31.9632,8.1948,14.5918,48.2987,90.4201,130.795,42.1214,1
U012,Euphoria - Jung Kook,11.8339,90.916,81.427,16.3747,66.3412,51.5306,56.7274,14.8105,1
U039,Que pides tu - Alex Ubago,66.2091,429.9249,175.7313,179.5776,106.9618,369.6222,440.8242,262.6605,0
U014,La promesa - Melendi,84.5936,193.8815,92.5009,115.0607,66.189,4.1656,289.8983,70.3546,0
U115,MAI - Milo J,50.0504,364.4657,5.0692,7.0374,19.4086,60.172,475.1654,79.5806,1
U092,A veces a besos - Greeicy,48.6118,64.8426,36.3907,0.4524,69.4152,138.1262,105.7254,207.5414,1
U028,Quedate - Manuel Medrano,54.5809,7.1455,35.0486,30.3299,35.9188,50.3721,119.5242,86.2909,1
U061,Ya para que - Greeicy,6.2674,596.9114,156.4663,145.8887,110.6622,121.3301,623.5546,10.6679,0
U015,Como hacer para olvidarte - Manuel Medrano,81.8948,8.4516,185.3858,222.1012,160.1123,350.4893,55.6964,190.377,0
U095,Gitana - Shakira,42.5851,97.2596,56.8976,54.8182,45.1698,5.8706,138.8047,51.0404,1
U026,La promesa - Melendi,60.9706,199.0416,6.3159,20.9311,91.5326,47.7573,274.7825,139.2899,1
U082,Remember the time  Michael Jackson,80.5192,568.2742,62.6575,6.4822,62.2352,167.1162,715.0136,104.881,0
U057,La vida es un carnaval - Celia Cruz,37.7074,210.7763,18.5127,0.4679,36.4114,228.6988,189.235,265.1102,0
U015,Euphoria - Jung Kook,40.0,142.4779,2.8204,44.2071,8.0214,68.3059,164.7311,60.2844,1
U055,In my bed - Amy Winehouse,35.1407,543.6718,117.211,90.638,106.4984,103.2996,617.7697,3.1989,0
U025,Thriller - Michael Jackson,67.5389,641.4684,120.3648,116.5623,39.0711,229.1306,804.6055,190.0595,0
U025,Sigo aqui - Alex Ubago,67.5389,132.8022,34.0659,27.2273,49.0969,97.9488,295.9393,48.8518,1
U114,Back to black - Amy Winehouse,74.2946,66.4353,89.7595,71.1239,31.7852,430.0159,17.6396,461.8011,0
U078,Beat it - Michael Jackson,84.5936,257.867,9.8606,37.0001,121.7801,75.6967,257.9152,46.0833,1
U008,Top of the world - Shawn Mendes,23.3973,156.0114,8.7958,5.482,0.8993,97.8155,151.9854,96.9162,1
U073,Rie y llora - Celia Cruz,40.926,641.2213,151.4987,111.8457,118.1308,84.719,768.9784,33.4118,0
U035,Doma - Josean log,71.2139,336.1693,10.0035,15.3173,50.9799,17.558,446.1156,68.538,1
U058,Para siempre - Vicente Fernandez,51.3542,10.5796,38.1037,44.4293,37.1868,108.187,90.9151,145.3738,1
U119,La negra tiene tumbao - Celia Cruz,31.422,293.4685,21.3629,8.1781,70.3763,62.0905,320.6454,132.4669,1
U071,Sigo aqui - Alex Ubago,23.9542,58.3633,15.7907,9.2907,7.8774,122.1657,43.2992,130.0432,1
U112,Si pudiera - Manuel Medrano,63.9171,532.9324,2.5351,7.8133,8.3639,52.6255,687.3281,60.9894,1
U053,Quiero + - Greeicy,74.3209,290.5179,10.2537,20.1151,35.121,1.1071,339.3777,34.0139,1
U015,Mentira - Greeicy,52.0011,17.6139,33.7519,48.0371,14.5003,165.0784,16.6404,150.5781,1
U081,Es que yo te quiero a ti - Kevin Kaarl,70.8128,222.7407,121.4844,140.1701,152.5848,508.9943,196.3658,356.4096,0
U007,Euphoria - Jung Kook,23.4959,478.8396,172.4768,137.93,187.3706,235.5778,601.2744,48.2073,0
U037,Beso - Josean Log,62.7244,103.8263,21.3408,12.1473,45.5358,20.1825,16.384,25.3533,1
U046,Rara vez - Milo J,73.1014,239.034,19.609,43.1114,3.5789,107.4314,341.0299,111.0102,1
U112,Promise - Laufey,63.9171,617.5831,153.581,137.6136,121.6492,101.729,771.9788,19.9202,0
U071,Fragile - Laufey,23.5753,342.0738,119.2708,104.0328,102.368,36.967,356.759,139.335,0
U051,Love in the dark - Adele,69.1707,106.7956,13.3859,43.2285,46.8058,408.5417,117.1981,361.7359,0
U035,My love mine all mine - Mitski,29.1327,366.1453,54.309,20.7969,59.4551,62.9962,434.0104,3.5411,0
U029,In my blood - Shawn Mendes,82.3671,359.3296,8.5609,4.5103,25.9114,64.8866,439.4316,90.7979,1
U052,When we were young - Adele,66.8761,522.1655,137.4127,146.9919,64.7294,231.3674,665.6868,166.638,0
U019,Es que yo te quiero a ti - Kevin Kaarl,65.9542,612.4969,42.7779,44.1646,67.8345,55.4127,788.0327,123.2471,0
U020,West coast - Lana del rey,75.9716,99.9767,57.9863,56.5836,163.2141,63.2254,163.592,99.9887,0
U037,The girl is mine - Michael Jackson,62.7244,48.1919,62.1736,42.131,12.7524,48.7259,135.6342,61.4783,1
U059,Why why why - Shawn Mendes,63.4427,351.3997,14.0495,48.536,17.637,56.6484,412.6747,74.2854,1
U038,Cola - Lana del rey,16.54,502.4353,138.4582,113.5032,70.2765,203.4048,520.0614,133.1283,0
U101,Summertime sadness - Lana del rey,57.2726,531.0398,73.8803,74.1405,62.5887,19.0419,593.0096,43.5468,0
U088,La negra tiene tumbao - Celia Cruz,9.8186,481.5357,103.9072,81.2434,102.2695,89.6785,515.2834,12.5911,0
U090,I bet on losing dogs - Mitski,53.61,131.2581,118.6747,83.8689,102.5782,158.2532,63.86,55.675,0
U095,"Volver, volver - Vicente Fernandez",55.411,446.954,41.4571,31.6065,31.6835,16.2578,501.325,47.9413,1
U027,Dead women - Mitski,38.7463,215.4543,78.8062,94.8399,7.5535,445.1443,145.3185,452.6977,0
U005,Never be alone - Shawn Mendes,28.6144,433.0784,3.4426,27.4653,43.2304,48.7191,453.2793,91.9495,1
U002,A gritos de esperanza - Alex Ubago,55.6882,252.6409,40.4561,62.1841,60.4164,345.3442,211.7345,405.7606,0
U013,Cheque al portamor - Melendi,52.7759,17.7675,0.0191,11.4834,21.2829,33.0139,50.0774,54.2969,1
U059,Quiero + - Greeicy,63.4427,393.1097,29.6875,13.0327,12.5922,56.6484,454.3847,44.0562,1
U016,Rincon - Milo J,62.3968,101.1836,22.7147,31.1318,30.5311,74.3576,10.7075,43.8265,1
U044,Beso - Josean Log,84.5936,118.0926,56.9858,79.3619,40.8791,66.007,16.4522,25.1279,1
U063,MAI - Milo J,41.5219,16.9931,93.4605,103.4819,94.9346,29.6306,64.2324,65.3041,0
U095,Beso - Josean Log,55.411,227.4245,30.2542,22.7053,106.7762,70.455,173.0535,36.3212,1
U036,Estos celos - Vicente Fernandez,61.8251,511.9857,154.2596,132.0237,173.851,197.4732,516.1673,23.6221,0
U024,Sigo aqui - Alex Ubago,74.3637,304.2813,168.7583,155.86,94.3146,275.4944,440.8337,181.1799,0
U068,Chachacha - Josean log,36.1812,151.2408,4.3468,35.9906,15.2621,61.3657,126.8512,46.1038,1
U062,Combustion - Josean Log,23.8405,310.2208,11.6685,18.3105,42.424,76.1659,323.5135,118.5899,1
U047,Where have you been - Rihanna,84.5936,423.9662,91.0726,50.2003,22.1498,83.4936,507.5319,61.3437,0
U098,Bored - Laufey,84.5936,8.3451,27.2646,30.3097,83.403,110.47,79.6196,27.067,1
U101,Quedate - Manuel Medrano,58.0326,68.2116,29.8724,5.909,37.3259,97.3012,5.4818,59.9753,1
U053,Treat you better - Shawn Mendes,74.3209,181.1139,25.1721,34.9059,20.675,29.3446,229.9738,8.6695,1
U118,"Volver, volver - Vicente Fernandez",52.0939,635.5,134.0902,106.0164,66.9633,118.4123,780.858,51.449,0
U022,Love is a losing game - Amy Winehouse,40.4412,136.1416,138.7734,136.1474,140.9024,110.1427,155.5647,30.7595,0
U020,Los besos - Greeicy,54.9211,201.6948,6.9128,31.477,7.6058,133.231,244.2597,140.8367,1
U117,Bad - Michael Jackson,51.2882,261.4372,72.3377,64.1462,10.4733,180.6623,234.2648,170.1891,0
U029,There's nothing holding me back - Shawn Mendes,82.3671,222.99,24.6386,9.0309,24.2442,4.3149,142.8879,19.9293,1
U090,In my blood - Shawn Mendes,54.7533,106.9382,109.2109,104.0367,84.005,58.6963,40.6834,25.3085,0
U116,Sigo aqui - Alex Ubago,78.2254,31.168,34.1778,27.4715,17.4419,106.6222,47.2393,124.0642,1
U007,From the start - Laufey,35.1702,68.7989,114.6979,113.8074,138.1412,129.8003,132.5675,8.3409,0
U100,No me culpes por sentir - Kevin Kaarl,60.9263,141.5392,15.5267,4.3947,29.4452,12.0304,15.0408,41.4755,1
U095,A veces a besos - Greeicy,43.4836,97.2596,51.7583,33.2029,32.7323,37.2963,139.7033,4.564,1
U008,Pobre pistolita - Paquita la del barrio,23.3973,34.8738,18.5557,15.6137,39.949,118.5817,38.8998,78.6326,1
U100,Quimbara - Celia Cruz,55.8258,615.1701,153.0545,165.392,120.7555,183.4174,736.5679,62.6618,0
U079,Smooth criminal - Michael Jackson,45.9075,555.6007,181.7261,101.1716,22.1447,179.099,610.5761,156.9543,0
U069,La vida es un carnaval - Celia Cruz,65.6669,404.7728,0.0706,37.6352,10.6113,126.4551,466.7989,115.8438,1
U084,Aunque no te pueda ver - Alex Ubago,55.72,149.1638,140.1238,163.496,63.515,559.9685,8.6831,496.4534,0
U050,Standing next to you - Jung Kook,84.5936,391.1964,73.8859,69.4365,44.694,184.4585,475.5676,139.7645,0
U084,I'll change for you - Mitski,3.2668,240.127,30.3466,38.6766,3.9356,478.1214,29.827,482.0571,0
U021,Remember the time  Michael Jackson,53.3478,181.1592,38.9741,53.4355,10.1487,153.5491,88.4449,163.6978,0
U020,Colapso - Kevin Kaarl,81.4806,336.3665,141.9263,133.5481,125.9908,254.8532,267.2421,128.8624,0
U043,Vamonos a marte - Kevin Kaarl,67.7455,47.4626,38.9998,14.4776,2.0175,35.2845,97.4399,33.267,1
U042,Sin miedo a nada - Alex Ubago,84.0393,197.9288,165.0342,221.826,62.3868,288.3687,332.8397,225.9818,0
U077,Por si acaso no regreso - Celia Cruz,9.0805,436.5502,138.0764,113.0268,115.531,144.7101,427.4696,29.1791,0
U086,Too sad to dance - Jung Kook,83.4503,483.83,10.6091,73.1389,94.4599,3.2186,568.5097,91.2414,0
U098,There's nothing holding me back - Shawn Mendes,84.5936,134.1366,19.339,1.4774,20.8966,36.2147,46.1718,15.3181,1
U074,Alguien como tu - Josean Log,68.8065,5.1619,24.5657,42.4061,64.4958,56.0161,101.6898,8.4796,1
U063,Just friends - Amy Winehouse,38.0115,218.3672,7.8646,5.5655,4.473,18.7206,133.6313,23.1936,1
U059,Gitana - Shakira,50.6168,80.5339,43.5905,19.8572,62.1139,36.7908,128.983,25.3231,1
U074,Doma - Josean log,68.8065,331.9348,11.9996,3.7951,75.261,26.8709,428.4627,48.3901,1
U089,Aunque no te pueda ver - Alex Ubago,74.8596,257.0149,73.8925,124.3765,112.1894,174.5608,318.9742,62.3714,0
U031,Para siempre - Vicente Fernandez,76.1597,20.1483,1.2704,4.4872,23.9289,34.8793,161.7053,58.8082,1
U026,Lover girl - Laufey,46.2315,528.1096,65.9806,60.2538,47.7082,32.1679,496.6484,15.5404,0
U025,Summertime sadness - Lana del rey,66.7789,641.4684,102.4521,84.4099,85.1197,144.783,803.8455,59.6633,0
U021,Loba - Shakira,53.3478,162.8667,18.2299,36.2804,64.3034,123.3198,70.1524,187.6232,1
U079,I bet on losing dogs - Mitski,44.7642,530.7123,112.4322,113.7612,40.0579,86.5694,584.5444,126.6272,0
U014,Fecha de caducidad - Melendi,84.5936,554.1504,64.0608,100.9932,34.5015,10.1999,650.1672,44.7014,0
U001,El chofer - Vicente Fernandez,40.7357,43.2573,50.3537,43.1618,62.8172,74.3622,9.6331,11.545,1
U041,Rolling in the deep - Adele,84.5936,354.8233,98.174,79.0969,124.1206,129.9108,422.0291,254.0314,0
U117,Nobody - Mitski,51.2882,286.5425,9.5617,0.3205,22.6791,92.8719,313.7148,70.1928,1
U025,Combustion - Josean Log,67.5389,527.5502,42.4939,29.7836,8.5045,97.9488,690.6873,89.4443,0
U093,MAI - Milo J,79.2373,17.6235,190.1163,203.1487,33.1611,134.5417,8.9971,101.3805,0
U108,In a lake portuguese -  Mitski,20.816,194.4326,36.6972,66.1054,13.0066,305.011,139.871,292.0044,0
U082,Si hay algo - Josean Log,80.5192,140.2779,2.7015,24.5742,34.288,32.0676,287.0173,66.3557,1
U001,Never be alone - Shawn Mendes,48.7455,564.5278,19.2787,8.0773,13.8731,55.7544,625.428,41.8813,1
U052,Tears dry on their own - Amy Winehouse,25.414,428.1661,91.6049,107.784,57.0073,164.051,530.2253,107.0437,0
U048,My love mine all mine - Mitski,42.5124,167.0404,82.908,77.0542,28.6981,195.5502,205.2438,166.8522,0
U074,Beso - Josean Log,68.8065,102.7845,6.6346,9.3626,50.9833,0.2792,6.2566,51.2624,1
U070,Smooth criminal - Michael Jackson,56.7316,623.3968,162.0521,101.5173,23.2469,284.872,729.8612,308.1189,0
U079,Man down - Rihanna,7.2641,210.1931,156.1756,126.9463,148.2343,9.046,211.9968,157.2803,0
U081,Rincon - Milo J,70.8128,444.3784,154.0046,168.4656,104.507,594.9241,470.7533,490.4171,0
U026,Bad - Michael Jackson,60.9706,552.998,153.4738,144.6149,21.2361,238.0218,628.7389,216.7858,0
U082,Say yes to heaven - Lana del rey,63.9933,599.4751,133.9389,40.5694,93.8213,248.0103,729.6886,154.189,0
U106,Mercy - Shawn Mendes,54.3983,372.7987,83.7432,103.2808,55.5139,57.7322,449.4683,2.2183,0
U053,My love mine all mine - Mitski,32.2397,117.9533,33.832,72.1768,18.854,65.0468,124.7319,83.9008,1
U016,Lo hecho esta hecho - Shakira,28.6656,572.248,208.3279,183.9918,113.4837,238.4995,628.9929,125.0158,0
U053,You da one - Rihanna,74.3209,175.6817,51.9164,4.4769,72.2052,75.2755,224.5416,3.0703,1
U026,Young and beautiful - Lana del rey ,30.0617,73.2063,73.6255,78.4372,37.2432,37.9296,28.3743,0.6864,1
U059,Hate you - Jung Kook,47.3887,11.5254,23.175,11.351,2.11,56.6484,33.6956,58.7585,1
U032,Borracho te recuerdo - Vicente Fernandez,75.3734,2.1473,4.5882,25.6355,26.4087,195.5024,77.5207,169.0937,1
U012,Aca entre nos - Vicente Fernandez,32.7597,188.794,27.6005,62.9053,41.6947,82.117,85.7442,40.4224,1
U048,Ya para que - Greeicy,20.6897,383.0361,10.8496,12.6617,53.1968,124.8415,399.4168,178.0384,0
U114,I'll change for you - Mitski,23.0457,219.2704,44.6158,32.0147,23.217,361.928,83.9466,385.1451,0
U003,Desde que estamos juntos - Melendi,81.888,232.5419,106.2987,96.6392,68.1989,237.3128,159.3061,169.1139,0
U041,No me culpes por sentir - Kevin Kaarl,84.5936,401.886,128.5814,113.5083,43.4995,418.7298,334.6802,375.2303,0
U110,Si supieras - Kevin Kaarl,77.6194,4.3444,35.1891,32.775,38.3229,81.6026,92.1695,43.2797,1
U055,Ya para que - Greeicy,4.8218,593.1652,149.7392,136.6041,128.3505,138.3061,627.3006,9.9555,0
U012,MAI - Milo J,32.3808,12.5801,93.864,142.4688,86.5075,138.6311,116.0088,52.1235,0
U079,Tierra - Josean Log,45.9075,230.0617,41.199,53.7058,2.4595,160.3331,175.0863,162.7926,0
U005,Young and beautiful - Lana del rey ,2.2945,199.4384,67.052,70.7676,62.1743,71.1791,210.1464,9.0048,0
U073,Yes or no - Jung Kook,67.2385,181.0223,133.8028,116.6351,105.7831,78.5792,335.0919,27.204,0
U092,When we were young - Adele,60.5392,329.8863,80.6388,66.4985,31.2022,87.2671,382.6964,118.4693,0
U064,Como hacer para olvidarte - Manuel Medrano,54.2248,327.246,23.8954,8.9356,6.9927,100.1658,475.7974,107.1585,1
U036,Let you break my heart again - Laufey,31.9681,85.7928,37.8721,21.9147,36.7353,72.9367,12.182,36.2014,1
U114,Beat it - Michael Jackson,78.989,219.2704,27.2727,62.8204,105.294,66.5674,139.8899,38.7265,1
U064,Vamonos a marte - Kevin Kaarl,56.5447,47.8847,42.5928,13.6818,13.2152,13.0778,102.9866,0.1374,1
U102,Smooth criminal - Michael Jackson,84.5936,272.1979,7.8332,87.1738,23.6674,72.658,328.6087,48.9906,1
U104,Retirada - Milo J,29.554,19.547,57.1211,34.876,12.1682,64.4224,4.7322,76.5905,1
U023,Si hay algo - Josean Log,84.5936,29.8425,99.3219,93.2211,26.7873,197.2321,114.9022,170.4449,0
U068,My love mine all mine - Mitski,5.9,202.4769,28.0796,17.3533,30.179,59.4782,184.7853,29.2993,1
U052,Mercy - Shawn Mendes,66.8761,412.5151,63.8976,94.0549,34.6743,133.067,556.0364,98.3927,0
U039,Que le den candela - Celia Cruz,7.4294,209.727,69.6639,85.2836,58.3745,236.2131,140.048,177.8387,0
U078,Sigo aqui - Alex Ubago,84.5936,250.7992,168.7253,165.564,62.3301,456.7344,250.751,394.4044,0
U065,Ya para que - Greeicy,33.5137,433.5901,104.6999,110.8692,81.1616,166.0913,395.044,247.2529,0
U067,Treat you better - Shawn Mendes,67.7894,453.037,72.5845,64.3095,24.1904,19.4833,596.292,4.707,0
U035,La negra tiene tumbao - Celia Cruz,18.0423,479.634,100.4136,69.505,122.4237,111.4483,536.4086,10.9755,0
U053,Sin miedo a nada - Alex Ubago,74.3209,71.6127,69.7174,110.3476,30.0639,27.2502,22.7529,2.8138,0
U022,Promise - Laufey,41.8354,591.9979,166.1541,142.8547,98.7466,169.0196,654.8513,70.2731,0
U030,Colapso - Kevin Kaarl,84.5936,340.6555,208.3982,210.3816,186.0577,188.0975,263.7981,2.0398,0
U003,"Volver, volver - Vicente Fernandez",81.888,348.7861,13.2926,7.1219,14.0716,123.4499,422.0219,109.3783,1
U094,Alguien como tu - Josean Log,60.8547,32.3844,13.6708,0.3857,33.9068,29.5579,133.9883,63.4647,1
U105,I'll change for you - Mitski,26.671,294.1036,2.0714,24.3807,60.9138,50.0989,293.3651,111.0128,1
U116,Chicago - Michael Jackson,78.2254,266.6003,32.7495,11.149,71.4812,6.2994,345.0076,77.7806,1
U047,Gitana - Shakira,71.7677,67.9593,19.7309,2.2531,16.4111,35.4073,138.6991,51.8185,1
U067,No me culpes por sentir - Kevin Kaarl,67.7894,150.8372,21.3587,24.6422,23.5127,107.6283,7.5823,84.1156,1
U083,I am - Milo J,81.8948,451.8912,83.8868,103.0,61.6554,101.8203,543.2641,40.165,0
U066,You da one - Rihanna,79.5647,147.7332,27.5918,26.0238,35.478,274.1515,186.2644,309.6295,0
U103,Love on the brain - Rihanna,75.6635,412.1049,146.1789,120.3042,123.0243,220.3243,593.3578,97.3,0
U032,Only girl - Rihanna,67.7865,461.3445,147.0173,142.0447,133.165,41.9868,529.1309,175.1517,0
U014,Mentira - Greeicy,52.0011,246.6872,30.2284,18.5692,118.495,53.2148,310.1115,65.2802,1
U014,Te quiero tanto - Kevin Kaarl,84.5936,374.4654,100.385,143.3637,27.117,9.5143,470.4822,17.6027,0
U063,Bored - Laufey,41.9008,244.1883,14.7301,13.8774,18.0951,109.4924,325.0349,127.5875,1
U029,Fecha de caducidad - Melendi,82.3671,414.8504,41.7961,44.045,45.204,18.8083,494.9524,26.3957,0
U035,El chofer - Vicente Fernandez,63.2041,25.6441,39.4167,29.2574,44.5382,68.6918,76.2924,24.1536,1
U014,Man down - Rihanna,31.422,202.4303,3.454,19.085,74.3943,71.8613,245.2754,2.533,1
U003,Mercy - Shawn Mendes,81.888,154.485,32.2584,7.5836,17.9239,149.8527,227.7208,131.9288,1
U082,Caminando por la vida - Melendi,80.5192,398.8615,17.7164,8.2872,49.7025,1.7198,545.6009,51.4223,1
U032,Pobre pistolita - Paquita la del barrio,75.3734,101.0756,13.9488,4.2269,50.3797,189.5029,176.449,139.1231,1
U068,MAI - Milo J,35.8023,167.6051,43.3239,82.6509,18.7389,34.5137,191.6158,53.2528,1
U037,Stitches - Shawn Mendes,62.7244,187.4411,69.4331,66.4591,11.1552,25.5502,274.8834,14.3949,0
U117,Yes or no - Jung Kook,47.7981,198.7618,8.8332,18.6092,12.8583,3.5679,229.4243,16.4263,1
U002,Too little too late - Laufey,44.1397,202.7365,17.9447,10.2063,136.0847,301.1694,232.0945,437.254,0
U119,You da one - Rihanna,84.5936,237.7082,61.0067,19.7675,60.7589,29.7797,318.0569,30.9792,1
U012,Rara vez - Milo J,32.7597,91.6238,97.86,132.0857,69.6373,218.2337,194.6736,148.5963,0
U048,Cinnamon girl - Lana del rey,74.4325,161.972,8.988,16.4917,11.5712,27.5084,232.0955,39.0797,1
U075,Combustion - Josean Log,67.6972,98.3389,163.1567,195.949,122.7271,154.6177,17.0788,31.8906,0
U084,La promesa - Melendi,59.2101,120.1419,152.7079,170.4079,111.2181,548.2091,274.4986,436.991,0
U068,Por si acaso no regreso - Celia Cruz,5.2809,356.9591,106.4268,46.7558,70.4483,310.8763,339.8865,240.4281,0
U069,Me arrepiento - Alex Ubago,84.5936,133.6462,125.0164,167.2395,161.5607,230.2866,52.6934,68.7259,0
U112,Amor viejo - Kevin Kaarl,63.9171,128.9576,1.6602,19.0517,30.8601,67.3949,283.3533,98.255,1
U057,Que pides tu - Alex Ubago,56.6341,472.3067,137.2548,113.8052,75.9355,353.0507,474.9213,277.1152,0
U076,Hate you - Jung Kook,36.1449,162.0606,103.8559,95.9921,69.9734,105.1251,255.8741,35.1518,0
U006,Rincon - Milo J,76.6242,300.6379,107.2659,139.0305,120.4234,361.2392,235.2764,240.8158,0
U053,Tears dry on their own - Amy Winehouse,32.8588,148.9864,3.0497,8.0677,26.2701,7.9591,156.3841,18.311,1
U008,Rincon - Milo J,23.3973,278.2889,50.5133,63.9498,6.6054,227.8982,274.2629,221.2928,0
U074,Amor viejo - Kevin Kaarl,68.8065,82.9685,48.781,93.6375,20.3706,82.1319,179.4964,61.7614,0
U003,Quiero + - Greeicy,81.888,311.6675,11.7551,9.2653,13.26,125.7207,384.9033,138.9807,1
U027,Amor viejo - Kevin Kaarl,49.3451,260.6551,147.117,185.5987,63.1293,477.133,320.1921,414.0036,0
U067,Sin remitente - Melendi,67.7894,81.9536,19.9234,42.2472,6.7484,74.3196,61.3013,81.068,1
U071,Caminando por la vida - Melendi,23.9542,249.6893,23.3005,14.433,43.9002,159.8199,264.7534,203.7201,0
U107,Chachacha - Josean log,72.1148,33.8633,1.75,5.3332,46.3263,0.4019,49.4394,46.7281,1
U013,My love mine all mine - Mitski,10.6947,353.8773,67.0056,31.2952,32.091,91.1146,379.641,59.0237,0
U013,A gritos de esperanza - Alex Ubago,52.397,54.5424,32.1977,12.6579,12.4822,62.3501,12.9236,49.868,1
U042,Me enamore - Shakira,21.6207,76.8432,67.9414,97.7254,29.3567,212.0068,120.4863,241.3635,0
U083,West coast - Lana del rey,79.0846,265.7902,17.1895,26.8715,96.3223,144.4332,354.3529,240.7555,0
U095,You know i'm no good - Amy Winehouse,1.9423,72.0529,50.6518,53.0973,31.3898,28.7802,69.0706,60.17,1
U034,La negra tiene tumbao - Celia Cruz,1.1292,492.4921,117.648,109.8913,123.0613,24.401,524.4189,147.4623,0
U064,Just friends - Amy Winehouse,53.0343,576.0535,138.1357,119.1624,96.6965,40.2071,723.4144,56.4894,0
U040,La distancia - Manuel Medrano,44.7784,351.5528,50.4833,62.7068,12.0459,52.795,417.9369,64.841,0
U099,Treat you better - Shawn Mendes,80.1763,207.2802,21.5138,27.835,4.5539,80.4288,274.5199,75.8748,1
U091,Beso - Josean Log,50.3965,58.8441,50.8101,49.5688,37.0164,51.5494,36.8254,88.5657,1
U074,The girl is mine - Michael Jackson,68.8065,49.2337,47.4674,20.6211,18.1999,69.1876,145.7616,87.3874,1
U005,Valentine - Laufey,28.6144,307.8801,63.3014,47.0379,39.175,136.9477,328.081,97.7727,0
U045,Colapso - Kevin Kaarl,68.532,517.1426,209.1276,234.0583,96.7756,299.8015,509.3911,203.0259,0
U106,Sin remitente - Melendi,54.3983,114.4134,3.1798,16.385,13.4598,42.3904,37.7438,55.8502,1
U076,Niño - Milo J,45.8659,109.4071,13.6428,30.4351,3.2118,60.4238,5.8726,57.212,1
U105,Cola - Lana del rey,38.6543,294.1036,34.7783,18.6521,117.927,95.4031,305.3483,22.5239,0
U030,Washin machine - Mitski,11.9824,361.074,60.4038,67.734,79.2476,18.7592,341.3553,60.4884,0
U069,Billie Jean - Michael Jackson,84.5936,404.7728,2.579,58.3504,82.9698,14.3262,485.7256,68.6437,1
U027,La distancia - Manuel Medrano,49.3451,11.6888,88.3791,106.3777,77.3154,423.487,71.2258,346.1715,0
U046,Someone like you - Adele,56.1009,483.8041,114.1938,67.2574,73.369,118.9853,568.7995,45.6163,0
U035,Un violinista en tu tejado - Melendi,71.2139,39.5425,33.275,35.1831,14.4483,42.8453,70.4038,57.2936,1
U049,I am - Milo J,51.2896,528.6369,19.622,7.088,12.1818,51.8948,611.9002,39.7131,1
U025,Mujeres divinas - Vicente Fernandez,67.5389,139.6267,20.8707,25.9602,28.4007,42.3201,302.7638,13.9194,1
U031,Only girl - Rihanna,68.5728,609.6836,195.8468,161.0617,158.6014,220.4966,783.9502,61.8953,0
U091,I am - Milo J,47.6977,542.5616,5.752,26.5597,21.2234,62.2575,635.5323,41.0343,1
U041,Mentira - Greeicy,52.0011,47.3601,24.0171,27.8884,141.1845,258.8957,81.9734,400.0802,0
U034,Thriller - Michael Jackson,54.3008,594.9991,118.0921,130.6065,8.9275,62.1148,680.0976,53.1874,0
U114,Niño - Milo J,72.656,500.2635,211.9959,195.8792,76.325,550.7862,585.977,474.4612,0
U082,The girl is mine - Michael Jackson,80.5192,70.8023,41.1191,17.8286,1.4452,82.7686,217.5417,81.3234,1
U093,Sin remitente - Melendi,79.6162,454.5817,202.5608,207.1369,41.2142,167.6779,427.5822,126.4637,0
U078,From the start - Laufey,18.6661,299.5451,82.8665,76.229,33.5107,401.1008,402.7567,434.6115,0
U091,San lucas - Kevin Kaarl,50.3965,75.3014,36.6002,26.5695,7.8301,8.6615,20.3681,16.4915,1
U088,A gritos de esperanza - Alex Ubago,62.6113,40.3727,22.9947,13.898,19.6921,12.4619,46.1678,7.2302,1
U112,Donde nadie pueda ir - Manuel Medrano,63.9171,307.3753,13.3929,24.7207,37.4868,72.5372,461.771,110.024,1
U089,Say yes to heaven - Lana del rey,61.8238,347.9781,52.9196,53.2872,33.6582,33.6851,396.9017,67.3432,0
U074,Retirada - Milo J,65.3164,107.7694,69.0831,13.4683,5.9654,183.7645,200.8072,189.7298,0
U017,Desde que estamos juntos - Melendi,39.6554,65.1693,7.53,1.0578,3.6803,139.3776,24.4042,135.6972,1
U120,Love in the dark - Adele,57.3892,91.5936,48.184,103.8591,44.1866,431.8685,50.093,476.0551,0
U055,Cheque al portamor - Melendi,59.0821,5.5247,10.6561,4.1096,6.9183,9.4967,103.564,16.4149,1
U040,Me enamore - Shakira,17.6402,466.7348,158.0389,172.3278,100.5104,214.0067,470.7003,113.4964,0
U113,West coast - Lana del rey,53.9189,192.1014,10.7933,52.0196,35.9417,52.6008,245.5499,88.5425,1
U011,Doma - Josean log,84.5936,270.373,77.2684,56.4374,81.9009,135.5495,358.76,53.6485,0
U111,Gitana - Shakira,48.2108,136.1128,48.7261,35.3594,97.8282,110.361,307.9315,208.1892,0
U055,El chofer - Vicente Fernandez,51.0723,14.6199,62.7885,55.3487,31.5387,73.293,75.4096,41.7542,1
U113,In a lake portuguese -  Mitski,27.1761,332.2894,8.4267,22.0359,75.4277,90.3222,304.6428,165.7499,1
U023,Hombres malvados - Paquita la del barrio,84.5936,26.3725,11.3991,1.9444,51.1692,75.8155,58.6872,126.9846,1
U096,A gritos de esperanza - Alex Ubago,55.4071,399.4855,95.9074,114.3095,98.8692,596.9815,466.2893,498.1122,0
U022,I am - Milo J,39.1366,519.0251,21.2704,5.6642,6.8622,31.5001,579.1797,24.6379,1
U013,Never be alone - Shawn Mendes,52.7759,569.873,21.0383,11.4834,31.77,78.2024,637.7179,109.9725,0
U003,Por si acaso no regreso - Celia Cruz,40.4259,293.5851,43.0138,21.3127,37.2623,59.5235,325.3587,22.2612,1
U034,Beso - Josean Log,54.3008,85.6919,21.8729,42.5459,26.0646,91.1412,0.5934,65.0765,1
U046,Pobre pistolita - Paquita la del barrio,73.1014,208.6763,38.9142,26.069,56.797,20.5224,310.6722,77.3195,1
U093,Fecha de caducidad - Melendi,79.6162,233.244,145.6868,167.6976,39.7878,84.1674,260.2435,44.3796,0
U088,Vamonos a marte - Kevin Kaarl,62.6113,89.3889,7.8187,29.1955,2.6367,37.4838,2.8484,40.1205,1
U022,Si pudiera - Manuel Medrano,41.8354,507.3472,15.1082,13.0544,14.5387,14.6651,570.2006,29.2039,1
U097,Bitch better have my money - Rihanna,18.4006,565.2397,198.2201,235.0046,192.4752,24.5357,595.6515,167.9395,0
U037,Aunque no te pueda ver - Alex Ubago,59.2343,485.9015,28.1813,6.2175,1.0925,5.7217,569.8536,4.6293,1
U014,La negra tiene tumbao - Celia Cruz,31.422,451.6434,9.0178,22.4386,84.0117,33.2422,494.4885,50.7696,1
U066,Chicago - Michael Jackson,79.5647,95.1026,30.9795,83.9687,4.9733,310.3649,133.6337,305.3916,0
U029,Tierra - Josean Log,82.3671,377.1245,89.2579,35.3773,82.083,108.434,297.0225,26.351,0
U112,Cheque al portamor - Melendi,63.9171,36.2551,36.4012,41.0819,33.0308,24.7964,190.6508,57.8272,1
U100,San lucas - Kevin Kaarl,60.9263,81.9782,5.8762,14.4389,0.8159,42.2638,44.5202,41.4478,1
U111,Me enamore - Shakira,1.3819,89.1044,25.0,8.3158,74.8651,42.4988,132.307,117.3639,1
U079,Me enamore - Shakira,16.5111,431.1235,176.8422,160.8144,137.7087,18.0413,423.6803,119.6674,0
U020,Send my love - Adele,78.7818,67.0621,56.732,49.871,9.0281,55.5343,133.4876,64.5624,1
U119,Summertime sadness - Lana del rey,83.8336,395.9755,3.8943,19.6153,2.2911,59.9223,475.5641,62.2134,1
U088,Tierra - Josean Log,62.9902,207.9322,16.6332,11.3565,53.1227,22.9895,121.0128,30.1332,1
U037,Chachacha - Josean log,62.7244,7.1513,38.5849,12.1473,25.7046,0.0069,94.5936,25.7114,1
U007,Billie Jean - Michael Jackson,68.0895,626.211,123.0003,93.0922,85.5282,244.161,793.2394,158.6329,0
U119,El chofer - Vicente Fernandez,76.5838,211.8096,39.634,48.4257,7.5092,104.847,139.4708,97.3378,1
U032,The girl is mine - Michael Jackson,75.3734,67.3283,5.9102,1.3074,11.33,162.2693,8.0451,150.9393,1
U003,Retirada - Milo J,78.3979,115.0385,22.5554,38.6028,44.1464,26.6774,45.2928,17.469,1
U029,Rehab - Amy Winehouse,51.4582,121.1705,4.143,15.1816,46.8304,40.432,170.3636,87.2625,1
U036,Rie y llora - Celia Cruz,32.0225,199.0549,50.8492,64.4812,36.7353,153.0114,165.0707,116.2761,0
U009,Te quiero tanto - Kevin Kaarl,84.5936,178.2523,193.1628,250.4652,193.3215,317.9043,249.5882,124.5828,0
U035,In my blood - Shawn Mendes,71.2139,526.6202,60.5702,39.5057,23.2031,172.1009,636.5665,148.8977,0
U076,Sin remitente - Melendi,52.1989,77.6989,2.9421,23.6737,11.4376,19.1295,32.1686,30.5671,1
U115,Milagrosa - Milo J,38.9474,615.3332,8.319,1.9208,11.6301,19.4306,714.9298,7.8006,1
U011,Los besos - Greeicy,58.0341,352.6765,3.9049,18.4655,94.3228,45.9584,414.5041,140.2811,1
U113,My love mine all mine - Mitski,17.3467,241.492,17.238,33.3823,69.0895,61.5577,258.3683,130.6472,1
U019,Man down - Rihanna,12.7826,267.0893,136.7438,133.2284,92.6745,142.4839,389.4534,49.8094,0
U109,Remember the time  Michael Jackson,65.0651,583.8338,123.1019,82.6689,65.2281,142.9951,701.2668,77.767,0
U119,Mentira - Greeicy,52.0011,88.5123,42.5735,32.8297,104.8596,42.1179,136.2684,146.9775,1
U001,Addicted to you - Shakira,71.917,374.3181,202.4304,189.0558,220.1023,236.7084,314.5558,16.6061,0
U111,West coast - Lana del rey,55.5277,45.4922,114.2387,112.8829,72.9917,42.4988,209.994,30.4929,0
U028,Ultraviolence - Lana del rey,54.5809,331.4702,149.28,180.4136,35.3684,182.2488,443.8489,146.8804,0
U088,No me culpes por sentir - Kevin Kaarl,62.9902,172.6666,27.4807,19.1455,47.9312,50.183,85.7472,2.2518,1
U010,Treat you better - Shawn Mendes,41.8107,430.3536,118.951,130.4853,40.0452,100.6508,487.2955,60.6056,0
U110,La mujer que bota fuego - Manuel Medrano,77.6194,100.3791,57.0661,52.0183,36.0495,145.6329,3.8652,109.5833,0
U079,Quimbara - Celia Cruz,40.807,561.9132,198.9327,184.2011,157.8517,16.1396,611.788,173.9913,0
U105,Desde que estamos juntos - Melendi,82.6143,293.5369,139.9839,166.0408,32.1997,185.0003,238.3321,152.8006,0
U006,Waka waka - Shakira,45.7153,341.5928,81.4075,16.5676,3.0312,81.3528,376.0454,78.3216,0
U053,Te busco audio - Celia Cruz,72.0144,315.1204,17.4717,66.5691,10.3423,52.6861,361.6737,42.3438,1
U113,Una y otra vez - Manuel Medrano,59.4279,121.2669,6.6738,64.4387,51.3412,13.7587,62.3094,37.5825,1
U044,Rehab - Amy Winehouse,53.6847,268.9185,11.6498,31.3445,81.768,43.9328,339.65,125.7009,1
U076,Tierra - Josean Log,52.1989,181.8481,12.3543,24.4333,24.015,25.2447,71.9806,1.2297,1
U045,Cinnamon girl - Lana del rey,58.3709,36.4772,5.2603,44.9106,11.3016,54.2904,38.8869,65.592,1
U077,You know i'm no good - Amy Winehouse,24.9717,116.8501,90.9647,106.083,127.2704,83.3013,91.8784,210.5717,0
U039,Set fire to the rain - Adele,44.3084,253.1581,23.9022,30.3583,34.869,195.2975,220.3581,230.1666,0
U066,Hate you - Jung Kook,63.5107,142.0657,41.0908,52.2975,16.3084,348.3199,119.5886,332.0114,0
U099,Los besos - Greeicy,53.6168,196.4471,6.6941,4.3174,100.7638,71.9781,237.1273,172.7418,1
U037,There's nothing holding me back - Shawn Mendes,62.7244,60.9757,61.1948,54.014,6.0367,38.0088,26.4667,31.9721,1
U029,Too sad to dance - Jung Kook,81.2238,414.8504,20.0106,7.5154,51.8843,18.8083,493.8091,70.6927,1
U088,Borracho te recuerdo - Vicente Fernandez,62.9902,124.8455,50.2869,68.2098,29.1517,58.6136,211.7649,87.7653,0
U059,Tu jardin con enanitos - Melendi,63.4427,430.2283,25.5341,62.7202,36.5731,22.4177,491.5033,14.1554,1
U111,Smooth criminal - Michael Jackson,61.0367,213.5816,20.1161,67.9586,40.6989,118.5589,54.5888,159.2578,1
U045,Las de la intruicion - Shakira,68.532,76.3578,20.2526,42.9789,11.5653,24.9226,84.1092,13.3573,1
U020,Too sad to dance - Jung Kook,80.3373,365.363,4.8777,16.2324,16.6392,151.9741,433.344,135.335,1
U101,Tierra - Josean Log,58.0326,260.9351,29.1915,15.6908,24.7183,95.7943,198.2053,71.076,1
U073,MAI - Milo J,70.3497,396.6663,39.1946,12.4609,28.9436,28.2049,553.8471,0.7386,1
U086,Addicted to you - Shakira,36.0689,293.6203,91.7426,59.5017,195.2844,145.8506,258.7808,49.4338,0
U007,"Volver, volver - Vicente Fernandez",68.0895,619.8985,90.6301,80.0586,72.3752,138.8053,786.9269,66.4301,0
U076,I am - Milo J,49.5001,530.8415,7.9385,49.1537,1.9557,93.1238,638.0102,91.1682,0
U045,Aunque no te pueda ver - Alex Ubago,65.0419,93.6237,139.9863,175.4586,68.4967,214.7161,97.8849,146.2193,0
U070,Azul celeste - Paquita la del barrio,56.7316,220.171,116.5623,137.5884,31.0442,62.4569,326.6354,93.5012,0
U028,Bajo el agua - Manuel Medrano,54.5809,83.7797,21.0265,16.0691,12.1414,1.5354,28.599,10.6059,1
U085,Quedate - Manuel Medrano,80.9332,9.2314,22.396,30.4212,103.0127,26.3892,196.2038,76.6235,1
U058,No me culpes por sentir - Kevin Kaarl,51.3542,137.457,3.307,6.2137,33.0097,31.4921,35.9623,64.5018,1
U095,Si supieras - Kevin Kaarl,55.411,104.1456,48.2053,49.1108,70.2902,92.7037,49.7746,22.4135,1
U029,Man down - Rihanna,29.1955,63.1303,25.7187,37.8632,63.6918,42.8531,90.0606,20.8387,1
U025,Rincon - Milo J,67.5389,31.9632,12.1292,18.1586,31.1563,8.2329,131.1739,22.9234,1
U103,Desde que estamos juntos - Melendi,75.6635,40.4601,15.6302,42.8551,9.8048,31.8634,221.713,22.0586,1
U109,Lo hecho esta hecho - Shakira,31.3339,615.0347,255.4985,232.4949,142.7468,234.9545,698.7365,92.2077,0
U069,Stronger than me - Amy Winehouse,35.4612,404.7728,21.1663,11.5809,33.0495,76.4823,436.5931,43.4328,1
U104,Amor viejo - Kevin Kaarl,33.0441,44.3479,60.743,72.2298,26.5734,201.474,16.5786,174.9007,0
U089,Que me perdone tu perro - Paquita la del barrio,78.3497,347.9781,51.8762,78.9139,165.084,164.7897,413.4276,0.2942,0
U048,Loba - Shakira,84.5936,333.5427,13.0033,12.6617,32.8727,30.353,413.8273,63.2258,1
U105,There's nothing holding me back - Shawn Mendes,82.6143,343.7368,78.8351,88.9686,1.5926,99.6589,288.5319,98.0663,0
U047,Me enamore - Shakira,22.175,293.1765,43.457,24.7905,6.552,32.4549,314.3236,39.0068,1
U119,Somedoy - Jung Kook,68.5396,9.5862,26.3341,14.3291,11.6087,13.82,54.7084,25.4287,1
U021,Why why why - Shawn Mendes,53.3478,127.219,43.7345,62.9425,11.2296,222.3631,34.5047,211.1335,0
U064,Me arrepiento - Alex Ubago,56.9236,87.1279,35.0297,15.2316,21.3497,25.3596,238.3781,4.0099,1
U074,Soltera - Shakira,68.8065,447.1168,121.7789,100.9001,79.2888,125.1669,543.6447,45.8779,0
U015,Beso - Josean Log,84.5936,390.8417,150.7376,156.3903,198.1095,251.7912,323.9949,53.6817,0
U106,Dame tu aire - Alex Ubago,54.3983,109.6707,6.3371,3.0792,20.7595,32.9486,33.0011,53.708,1
U109,Rata de dos patas - Paquita la del barrio,65.0651,583.8338,160.6112,159.3226,86.9366,95.0984,701.2668,8.1619,0
U109,Vamonos a marte - Kevin Kaarl,64.6862,58.3969,44.7799,20.9381,15.8744,4.2846,58.6572,11.5898,1
U048,MAI - Milo J,84.2147,132.1686,154.3115,142.3518,77.616,220.5147,212.0743,142.8987,0
U043,Rara vez - Milo J,68.1244,296.0578,29.2216,21.2939,11.9074,65.54,441.3392,77.4473,1
U047,In my bed - Amy Winehouse,60.6522,374.4728,21.7798,17.3895,10.6652,46.0014,434.0971,56.6667,1
U080,Dont stop the music - Rihanna,11.1749,410.8673,142.2126,154.6396,99.9273,46.9218,393.429,146.8491,0
U111,Rata de dos patas - Paquita la del barrio,61.0367,188.6932,35.9974,17.5919,61.1641,69.5861,29.7004,130.7501,1
U019,Addicted to you - Shakira,54.7083,428.5997,233.3874,235.5212,181.6915,223.4545,483.473,41.763,0
U082,Sigo aqui - Alex Ubago,80.5192,90.8089,10.2066,13.4295,13.6797,35.9344,237.5483,22.2546,1
U089,Love in the dark - Adele,78.3497,211.6292,33.9422,16.1591,54.116,109.171,277.0787,55.0551,1
U056,Como hacer para olvidarte - Manuel Medrano,12.3013,150.7002,19.5603,30.674,19.2668,29.3877,156.4747,48.6545,1
U005,Si hay algo - Josean Log,28.6144,26.1188,10.1336,15.7431,0.0995,2.5846,5.9179,2.6842,1
U108,Chachacha - Josean log,65.788,250.0825,60.3123,96.0891,34.2617,274.359,218.04,240.0972,0
U092,Addicted to you - Shakira,60.1233,230.6398,141.2331,117.536,158.4322,59.5476,162.7874,217.9798,0
U047,Una y otra vez - Manuel Medrano,84.5936,154.7884,41.6622,92.1957,67.1259,6.3872,71.2227,60.7386,1
U014,Young and beautiful - Lana del rey ,53.6847,78.3664,12.5595,15.6924,62.5868,5.6621,13.2585,68.2489,1
U002,Retirada - Milo J,52.577,98.3626,7.1298,39.3532,38.8858,151.3825,60.5674,190.2683,1
U059,Lover girl - Laufey,43.7594,405.3399,22.9916,1.7581,48.3339,5.7194,359.4128,54.0534,1
U062,La mujer que bota fuego - Manuel Medrano,23.8405,229.3078,46.5079,28.6202,8.0901,32.1873,216.0151,24.0971,1
U101,Vamonos a marte - Kevin Kaarl,57.6537,142.3918,20.377,24.8612,25.7677,35.321,80.0409,61.0887,1
U074,Love is a losing game - Amy Winehouse,13.4701,156.5455,79.0795,56.3205,112.5743,28.1151,142.2941,84.4592,0
U076,Milagrosa - Milo J,40.717,610.1268,1.9984,14.5689,27.2692,65.5959,708.5123,92.8651,1
U062,Stitches - Shawn Mendes,23.8405,34.7154,41.4125,71.3404,9.8415,99.8244,48.0081,89.9828,1
U036,"Volver, volver - Vicente Fernandez",61.8251,199.0549,69.709,62.8939,88.0692,116.1363,194.8733,28.0671,0
U079,La luna - Josean Log,45.9075,227.5897,72.5606,73.5028,12.5868,126.5927,282.5651,139.1796,0
U079,Loba - Shakira,45.9075,512.4198,185.5395,164.6005,156.4539,69.08,567.3952,87.3739,0
U076,Never be alone - Shawn Mendes,52.1989,610.1268,40.8228,2.8335,4.5476,26.059,719.9943,21.5114,1
U047,Love in the dark - Adele,84.5936,287.6173,47.2543,10.076,30.8332,8.6977,371.183,22.1354,1
U101,Cheque al portamor - Melendi,58.0326,56.6007,21.7804,5.909,14.3314,89.6791,6.1291,104.0105,1
U077,Si hay algo - Josean Log,32.3816,38.8665,7.0709,17.8613,54.7306,170.9039,71.2481,225.6346,1
U055,Rincon - Milo J,59.0821,80.2664,8.2645,18.4094,12.6244,18.3324,17.7729,5.7081,1
U052,Rincon - Milo J,66.8761,60.3029,25.1227,21.6227,9.4888,5.1153,83.2184,14.6041,1
U026,Donde nadie pueda ir - Manuel Medrano,60.9706,242.7902,40.9348,36.1569,53.2184,77.4597,318.5311,24.2413,0
U060,Rara vez - Milo J,38.48,54.4007,92.0953,103.0422,85.7149,408.1528,125.5878,322.4378,0
U065,Pobre pistolita - Paquita la del barrio,30.3902,73.3212,15.7652,35.4192,93.1569,213.4133,98.679,120.2563,0
U028,My you - Jung Kook,36.6229,486.8223,91.3238,80.1385,90.8902,73.9149,581.243,16.9753,0
U043,Desde que estamos juntos - Melendi,68.1244,38.3285,33.6558,22.3656,21.2368,6.4111,183.6099,14.8257,1
U064,Lo hecho esta hecho - Shakira,23.1924,625.5469,253.3114,225.2386,140.0876,243.7477,743.0659,103.6601,0
U107,El chofer - Vicente Fernandez,64.105,71.935,19.2841,21.7646,46.3263,3.4062,3.3579,42.9201,1
U005,Hate you - Jung Kook,12.5604,14.9878,59.5905,65.6933,22.1954,127.7852,10.8409,105.5899,0
U107,Aunque no te pueda ver - Alex Ubago,68.6247,444.8869,8.6536,23.698,21.7142,5.3267,524.6994,16.3874,1
U110,Mercy - Shawn Mendes,77.6194,352.4541,35.5075,62.6478,3.5685,0.9561,448.968,4.5246,1
U106,Mas fuerte - Greeicy,3.6661,573.4123,134.7697,140.7181,137.6418,62.0066,592.0174,75.6352,0
U019,Mujeres divinas - Vicente Fernandez,65.9542,116.9677,43.2576,59.9879,22.5123,3.5701,292.5035,26.0824,1
U064,Pierdeme el respeto - Paquita la del barrio,56.9236,200.3299,61.1977,67.2403,46.7962,28.3111,351.5801,75.1073,0
U036,Bad - Michael Jackson,61.8251,199.0549,12.6258,23.0636,51.468,25.079,194.8733,76.5471,1
U014,Rehab - Amy Winehouse,53.6847,260.4705,18.1217,41.7666,57.5329,11.4238,325.5784,68.9568,1
U035,Caminando por la vida - Melendi,71.2139,381.5274,22.0686,6.0275,54.3385,29.1281,491.4737,25.2104,1
U070,La negra tiene tumbao - Celia Cruz,3.56,527.2023,142.0654,123.9384,112.4601,58.1079,580.495,54.3523,0
U104,Los consejos - Greeicy,33.0441,37.3639,42.6347,67.9533,30.2218,96.9887,9.5946,127.2107,1
U112,Sabes - Alex Ubago,63.9171,344.2399,30.1705,20.5918,23.2149,6.2607,498.6356,16.9542,1
U038,Sigo aqui - Alex Ubago,60.5,6.2309,5.0889,0.0456,55.7977,27.7743,55.3553,28.0233,1
U026,Rincon - Milo J,60.9706,114.1211,36.8471,42.3147,63.3805,57.548,38.3802,5.8325,1
U065,Lo hecho esta hecho - Shakira,3.341,433.5901,177.7388,170.9793,84.2015,9.8727,425.2167,94.0742,0
U035,Donde nadie pueda ir - Manuel Medrano,71.2139,265.6207,35.724,38.3429,10.5372,42.8453,375.567,53.3825,1
U116,Too sad to dance - Jung Kook,77.0821,477.4982,40.4051,14.1541,100.125,84.9985,554.7622,185.1236,0
U003,Washin machine - Mitski,14.688,355.0986,0.6897,4.2494,35.9952,100.0056,331.7584,136.0008,1
U093,Rata de dos patas - Paquita la del barrio,79.6162,202.0431,68.5028,61.1974,44.8814,22.506,229.0426,67.3873,0
U109,Ultraviolence - Lana del rey,65.0651,340.108,149.5159,189.974,24.068,74.1811,457.541,50.1131,0
U057,Bad - Michael Jackson,56.6341,204.4638,33.9603,51.7408,12.4989,80.7103,201.8492,68.2113,1
U068,Ultraviolence - Lana del rey,36.1812,143.5459,67.1943,89.9518,3.565,125.6321,167.9355,129.1972,0
U071,Si supieras - Kevin Kaarl,23.9542,107.1092,12.0807,15.8404,0.6545,166.4886,92.0451,165.8341,1
U117,Aca entre nos - Vicente Fernandez,51.2882,218.2563,37.1779,43.2199,19.1684,2.5719,191.0839,21.7402,1
U034,Bajo el agua - Manuel Medrano,54.3008,95.1775,17.5954,4.1438,3.1217,187.4126,10.079,190.5341,1
U107,There's nothing holding me back - Shawn Mendes,72.1148,101.9903,24.3599,36.5335,26.6584,37.6138,18.6875,10.9554,1
U025,In my blood - Shawn Mendes,67.5389,585.9476,80.0773,65.8478,53.9843,203.2674,749.0847,149.283,0
U015,Los consejos - Greeicy,84.5936,198.1047,102.7755,100.4821,110.7016,229.717,131.2579,119.0155,0
U014,Hate you - Jung Kook,68.5396,106.0842,20.021,20.7667,22.6079,50.944,186.047,28.3362,1
U044,Mercy - Shawn Mendes,84.5936,361.9848,4.2403,10.3446,30.3613,5.697,463.6252,36.0583,1
U023,Niño - Milo J,78.2606,230.4942,147.0965,138.2119,77.8766,232.4112,151.7675,154.5346,0
U083,From the start - Laufey,18.6661,26.2356,56.9504,61.1891,63.4103,89.6944,35.4237,26.2841,0
U082,Una y otra vez - Manuel Medrano,80.5192,20.7205,26.045,24.5742,37.0708,107.4647,167.4599,70.3939,1
U110,Desde que estamos juntos - Melendi,77.6194,34.5728,38.5328,41.575,53.8435,86.504,61.9411,32.6605,1
U098,Chicago - Michael Jackson,84.5936,292.8059,17.6546,3.0432,68.3813,100.4204,380.7706,32.0391,1
U007,I am - Milo J,65.3907,546.9257,26.1393,50.3817,13.0755,61.7144,711.2553,74.79,0
U039,Still with you - Jung Kook,66.2091,253.1581,73.794,93.5476,41.1402,217.4586,242.2588,176.3186,0
U065,Young and beautiful - Lana del rey ,0.5187,198.9267,57.1688,76.6076,40.8104,227.2522,204.4778,268.0626,0
U008,Pierdeme el respeto - Paquita la del barrio,23.3973,30.0743,11.5844,6.8245,49.4744,130.4777,26.0483,81.0033,1
U071,Cinnamon girl - Lana del rey,13.7931,229.2388,147.4369,122.7483,89.2861,42.09,234.1418,47.1961,0
U043,Si pudiera - Manuel Medrano,68.1244,535.0058,3.7303,0.1612,34.0857,46.9027,680.2872,12.817,1
U044,El chofer - Vicente Fernandez,76.5838,45.1867,22.2076,52.2641,30.3613,42.0233,48.4439,72.3846,1
U019,Only girl - Rihanna,58.3673,618.8094,240.2928,233.2504,130.4444,226.3155,786.7582,95.8712,0
U008,Aunque no te pueda ver - Alex Ubago,19.9072,304.1795,7.398,35.6543,12.9456,134.3523,304.7153,147.2978,1
U025,You da one - Rihanna,67.5389,483.2011,159.5645,123.7927,143.5875,234.485,646.3383,90.8975,0
U099,Sin remitente - Melendi,80.1763,327.7104,114.0217,134.3917,21.9959,174.2317,260.4708,152.2358,0
U067,Yo vivire (I will survive) - Celia Cruz,60.2025,605.8721,108.8469,75.7467,97.7257,113.4562,741.54,15.7304,0
U054,When we were young - Adele,84.5936,228.5865,2.8315,17.5246,40.7229,4.2216,293.2743,36.5013,1
U071,Es que yo te quiero a ti - Kevin Kaarl,23.9542,443.9904,2.1158,7.7997,58.141,125.9518,459.0545,67.8109,1
U083,Los consejos - Greeicy,84.5936,43.2225,9.1334,29.0367,9.9595,34.0608,137.2942,24.1012,1
U056,Rara vez - Milo J,15.0001,119.0899,10.6411,1.2403,35.3792,16.9686,127.5632,52.3477,1
U010,Desde que estamos juntos - Melendi,41.8107,4.4518,39.3258,39.3716,14.3823,19.5104,52.49,5.128,1
U031,Me arrepiento - Alex Ubago,76.1597,71.2646,21.4274,51.203,9.0222,7.4138,253.1182,16.436,1
U034,A veces a besos - Greeicy,42.3734,238.9922,103.8854,98.4541,113.4439,16.6101,312.1634,96.8337,0
U070,Beso - Josean Log,56.7316,50.9817,46.2903,56.593,36.6658,8.6323,55.4827,28.0335,1
U028,Milagrosa - Milo J,43.099,606.3969,25.3736,12.9275,27.973,11.5278,707.2936,16.4452,1
U015,Soltera - Shakira,84.5936,159.0596,35.5933,46.1276,67.8374,126.9035,225.9064,59.0662,0
U116,Aca entre nos - Vicente Fernandez,78.2254,428.0048,0.4324,6.7061,54.4762,78.8587,506.4121,133.335,1
U028,Combustion - Josean Log,54.5809,492.4787,78.8431,55.7531,12.6194,119.881,604.8574,132.5004,0
U119,Only girl - Rihanna,77.0067,395.9755,119.3481,95.1975,98.5288,60.3602,468.7371,38.1685,0
U088,Desde que estamos juntos - Melendi,62.9902,3.5978,13.1627,21.3075,25.891,4.2118,83.3216,21.6792,1
U063,Sigo aqui - Alex Ubago,41.9008,240.8056,61.8072,58.096,87.1561,0.88,321.6522,86.276,0
U088,Where have you been - Rihanna,62.9902,584.0427,166.6256,143.8749,110.8283,206.4236,670.9621,95.5953,0
U090,Love in the dark - Adele,54.7533,26.1101,50.4674,51.5302,29.2086,94.7951,40.1447,65.5866,1
U057,Fragile - Laufey,56.2552,102.5472,6.6854,4.9392,15.3157,201.3655,99.5537,216.6812,1
U061,Vamonos a marte - Kevin Kaarl,57.2576,76.5202,18.7866,5.558,13.1703,46.8788,13.648,60.0491,1
U037,Fragile - Laufey,62.3455,468.6356,134.7412,105.615,93.9727,87.0904,555.699,6.8823,0
U115,Si hay algo - Josean Log,50.4293,156.136,23.8144,27.2038,8.9782,20.9206,267.2146,11.9422,1
U104,Hate you - Jung Kook,16.9901,2.5239,61.4089,81.0624,30.536,34.6209,14.2392,65.1569,1
U116,Bored - Laufey,78.2254,34.5507,42.3595,44.5019,86.5029,3.7502,43.8566,82.7527,1
U084,Thriller - Michael Jackson,59.2101,240.127,50.7451,57.0706,75.1512,432.6167,85.7703,357.4655,0
U019,Brooklyn baby - Lana del rey,32.223,618.8094,178.8436,188.4718,66.049,198.4354,760.614,132.3865,0
U094,Si hay algo - Josean Log,60.8547,145.9318,14.5417,21.0101,45.2319,39.9254,247.5357,5.3066,1
U091,Mas fuerte - Greeicy,7.6679,621.8469,154.5821,156.0234,116.3519,116.1338,659.4519,0.2182,0
U079,First love late spring - Mitski,45.9075,36.5269,57.0914,57.5292,15.5519,96.1172,91.5023,80.5653,1
U048,Stronger than me - Amy Winehouse,35.4612,383.0361,9.9097,18.4234,23.3106,83.9259,414.1882,107.2366,1
U019,Still with you - Jung Kook,65.9542,618.8094,131.3008,123.2827,67.2449,144.8759,794.3452,77.6309,0
U072,MAI - Milo J,64.8324,30.4347,127.0277,122.8264,23.2144,518.8705,142.4628,495.656,0
U110,Para siempre - Vicente Fernandez,77.6194,76.7642,18.0541,1.1974,80.0608,55.7803,19.7497,24.2805,1
U047,From the start - Laufey,18.6661,133.4459,28.3582,8.284,5.3238,22.2839,153.14,27.6078,1
U051,In a lake portuguese -  Mitski,17.4333,117.9462,87.2019,103.0974,59.012,510.3121,41.7446,451.3001,0
U071,Aunque no te pueda ver - Alex Ubago,20.4641,359.3397,12.7109,7.7997,9.4878,118.3357,370.9136,127.8234,1
U080,Amor viejo - Kevin Kaarl,11.5538,84.0707,47.4561,74.1056,51.4728,244.3436,101.1301,192.8708,0
U089,Bored - Laufey,78.3497,164.0708,5.7246,35.3127,44.7388,68.0184,98.6213,23.2797,1
U053,Stitches - Shawn Mendes,74.3209,55.4746,35.4102,36.5023,10.6123,37.6022,6.6148,26.99,1
U020,Doma - Josean log,81.4806,119.3913,74.2605,43.4259,168.6179,222.8221,188.5156,54.2041,0
U073,Fecha de caducidad - Melendi,70.7286,647.5338,83.6241,47.912,22.3169,78.5792,805.0935,56.2623,0
U052,Como hacer para olvidarte - Manuel Medrano,64.1773,314.8278,23.4961,40.6733,1.4311,25.9411,455.6503,27.3722,1
U012,No me culpes por sentir - Kevin Kaarl,32.7597,518.4219,107.7438,128.852,124.8217,205.076,621.4717,80.2543,0
U066,Pobre pistolita - Paquita la del barrio,79.5647,54.2684,75.0329,88.4116,110.2968,391.0871,15.7373,280.7902,0
U110,My love mine all mine - Mitski,35.5382,337.072,32.4325,12.2678,11.3484,41.0658,391.5047,52.4142,1
U079,Cinnamon girl - Lana del rey,35.7464,340.8491,207.5308,168.4305,135.1524,71.9246,385.6634,63.2278,0
U049,Me enamore - Shakira,8.4302,477.1325,175.558,187.7836,101.0081,194.3587,500.676,93.3506,0
U008,Mercy - Shawn Mendes,23.3973,194.5291,38.507,51.7278,37.5577,99.9465,198.5551,137.5042,0
U043,Dame tu aire - Alex Ubago,68.1244,57.114,30.29,20.2284,5.7162,9.6318,88.1674,3.9155,1
U042,Combustion - Josean Log,84.0393,93.7147,160.471,201.0106,95.2007,322.3792,41.1962,227.1785,0
U011,I'll change for you - Mitski,28.6503,516.3447,33.9843,36.8595,56.4557,0.6481,548.7884,57.1039,1
U119,Limonar - Greeicy,40.0,97.6746,2.1086,19.6153,43.8975,21.0794,133.4296,64.9769,1
U096,Fecha de caducidad - Melendi,55.786,224.9299,88.0735,125.5187,134.805,542.8072,158.505,408.0021,0
U037,El chofer - Vicente Fernandez,54.7146,30.9204,56.119,39.2451,25.7046,3.8012,48.5121,21.9034,1
U068,Mujeres divinas - Vicente Fernandez,36.1812,83.3691,24.8658,38.5321,31.6566,7.6356,58.9795,39.2923,1
U104,Ya para que - Greeicy,30.8598,450.5901,116.4015,120.3983,110.8661,30.0661,414.4555,140.9323,0
U088,Los consejos - Greeicy,62.9902,96.0887,56.0942,69.8062,40.5515,45.0125,183.0081,4.4609,1
U051,Easy on me - Adele,69.1707,243.1445,16.7127,3.1042,23.8065,313.5058,253.547,289.6993,0
U005,La promesa - Melendi,28.6144,72.8095,12.8894,28.6007,66.6015,81.0068,93.0104,147.6083,1
U097,Waka waka - Shakira,12.9948,534.0388,184.7656,121.5471,129.0271,240.8756,559.0449,111.8485,0
U110,El chofer - Vicente Fernandez,69.6096,54.7174,17.5402,20.7283,3.5685,35.3702,33.7867,31.8017,1
U026,Soltera - Shakira,60.9706,428.5208,114.572,114.6083,39.8143,134.9814,504.2617,95.167,0
U079,Amor viejo - Kevin Kaarl,45.9075,66.9752,10.5487,28.0276,39.3385,196.8164,121.9506,236.1549,0
U109,Estos celos - Vicente Fernandez,65.0651,102.3184,47.8914,49.2136,39.0344,4.885,15.1146,34.1495,1
U028,Young and beautiful - Lana del rey ,23.672,26.1199,134.6926,128.5628,110.6561,125.6427,55.3499,14.9866,0
U017,Yes or no - Jung Kook,36.1653,55.9597,86.64,91.6616,89.4332,68.5296,93.2347,157.9628,0
U102,Me enamore - Shakira,22.175,147.7207,12.7171,27.531,91.8966,233.7157,141.7129,325.6123,0
U074,Me arrepiento - Alex Ubago,68.8065,39.4875,16.8793,50.9063,41.3285,23.6127,136.0154,17.7157,1
U052,Sigo aqui - Alex Ubago,66.8761,104.4625,21.0724,23.7632,8.4518,94.8312,247.9838,86.3793,1
U024,Cola - Lana del rey,30.4037,204.3849,25.2112,42.4024,31.7596,44.3153,23.8724,76.0749,1
U086,I'll change for you - Mitski,28.6503,483.83,21.5054,7.0355,80.8378,67.272,513.7097,13.5659,1
U068,Hate you - Jung Kook,20.1272,29.5936,45.1454,33.0267,31.7438,125.6321,21.258,93.8885,1
U104,Beso - Josean Log,33.0441,230.1009,5.3274,12.0451,57.1861,119.0629,202.3316,61.8769,1
U119,Beso - Josean Log,84.5936,284.7155,74.4122,75.5235,78.7496,128.8307,204.3669,50.0811,0
U025,Promise - Laufey,67.5389,635.1559,123.9712,100.8921,125.4808,162.5874,798.293,37.1066,0
U046,Que pides tu - Alex Ubago,73.1014,114.1378,11.049,32.1109,2.2734,65.5647,12.1419,63.2913,1
U039,Lo hecho esta hecho - Shakira,32.4779,253.1581,36.2055,14.1624,15.873,79.9945,208.5276,95.8676,1
U084,Yes or no - Jung Kook,55.72,226.3845,74.0891,87.6173,3.9356,542.1748,384.2313,546.1105,0
U106,Colapso - Kevin Kaarl,54.3983,128.3172,31.3031,42.701,2.6229,61.759,51.6475,64.3819,1
U097,Quimbara - Celia Cruz,38.8032,565.2397,165.3354,173.6983,127.6211,35.809,616.0541,163.4301,0
U045,I'll change for you - Mitski,12.5887,184.5869,30.2091,50.6392,1.0461,132.869,136.395,131.823,1
U042,Top of the world - Shawn Mendes,84.0393,343.5212,155.785,190.485,66.8428,282.0124,478.4321,215.1696,0
U089,Si hay algo - Josean Log,78.3497,111.2191,83.7208,118.4308,93.1915,246.3928,45.7696,153.2015,0
U060,Yo vivire (I will survive) - Celia Cruz,30.8931,275.5105,28.2265,0.5804,19.6609,173.9106,196.7364,154.2498,1
U028,Mujeres divinas - Vicente Fernandez,54.5809,104.5552,57.2199,51.9297,7.2768,64.2523,216.9339,56.9755,1
U074,MAI - Milo J,68.4276,327.039,15.0984,56.0229,13.7439,6.3972,423.188,7.3467,1
U103,Taco placero - Paquita la del barrio,75.6635,150.7749,33.8329,26.726,0.9078,96.6771,332.0279,97.5849,1
U090,Dont stop the music - Rihanna,54.3744,162.459,30.8895,3.0875,48.1025,71.0784,95.8253,119.181,1
U100,Rolling in the deep - Adele,60.9263,615.1701,211.2287,196.9999,138.1749,300.8494,741.6685,162.6744,0
U014,Rie y llora - Celia Cruz,54.791,547.8379,3.8138,37.0595,61.3124,16.3397,614.0521,44.9727,1
U119,"Volver, volver - Vicente Fernandez",84.5936,389.663,2.7009,21.2117,3.6569,42.1179,470.0116,38.461,1
U105,Stronger than me - Amy Winehouse,33.4819,294.1036,3.9797,16.7204,85.0009,27.9378,300.1759,112.9387,1
U067,Estos celos - Vicente Fernandez,67.7894,111.481,1.4148,6.4167,33.127,29.1311,31.7739,3.996,1
U099,Yo vivire (I will survive) - Celia Cruz,72.5894,360.1153,14.7486,16.3978,68.9814,13.5441,419.7679,55.4374,1
U117,Gitana - Shakira,38.4623,88.2572,5.4434,1.4004,50.7254,17.3186,128.2555,33.4068,1
U005,Milagrosa - Milo J,17.1325,433.0784,42.267,44.8677,20.5088,42.9358,441.7973,22.427,1
U085,Standing next to you - Jung Kook,80.9332,565.0517,152.5202,117.6627,59.4439,239.7744,752.0241,180.3305,0
U033,Por si acaso no regreso - Celia Cruz,26.4051,194.1539,24.1492,6.9916,19.8976,230.6631,138.7347,210.7655,0
U063,Thriller - Michael Jackson,41.9008,267.8606,24.4917,31.239,97.1819,130.3018,187.014,227.4837,0
U035,Hello - Adele,65.7049,520.6275,165.8254,128.102,92.2304,301.2101,625.0648,208.9797,0
U054,Las de la intruicion - Shakira,84.5936,211.3206,2.5179,25.364,38.4587,52.8657,276.0084,91.3244,1
U095,Caminando por la vida - Melendi,55.411,252.6529,12.8241,18.8374,25.7355,86.035,307.0239,60.2995,1
U036,Rata de dos patas - Paquita la del barrio,61.8251,174.1665,41.5398,21.9147,47.88,97.4898,169.9849,49.6097,1
U043,Aunque no te pueda ver - Alex Ubago,64.6343,535.0058,61.7911,39.2063,4.4261,46.6432,676.797,42.2172,0
U053,I'll change for you - Mitski,18.3776,333.949,33.1152,15.6405,46.7756,24.4164,326.8655,22.3593,1
U119,Que le den candela - Celia Cruz,25.8139,352.5444,14.4862,6.5062,18.095,39.8339,374.1133,57.9289,1
U061,Colapso - Kevin Kaarl,57.6365,104.8181,27.5634,39.429,39.0406,26.8479,14.2709,12.1927,1
U038,Mujeres divinas - Vicente Fernandez,60.5,0.5936,18.2841,1.2215,76.4939,83.403,62.1798,6.9091,1
U094,Bajo el agua - Manuel Medrano,60.8547,85.0476,21.9388,4.9729,8.792,10.4182,16.5563,19.2101,1
U027,Una y otra vez - Manuel Medrano,49.3451,344.4717,65.9427,113.7429,25.333,301.1174,404.0087,275.7843,0
U055,Tres veces te engañe - Paquita la del barrio,59.0821,555.8315,154.5239,107.5054,60.4714,408.6712,653.8708,348.1997,0
U109,Bored - Laufey,65.0651,102.9858,147.1883,134.7306,85.7336,122.1857,220.4188,36.4521,0
U016,Waka waka - Shakira,31.4879,541.0471,165.9587,91.3311,92.9235,368.2344,600.6143,275.3109,0
U093,Bored - Laufey,79.6162,278.8049,81.9257,85.7894,43.6784,4.5813,251.8054,39.0971,0
U117,Los besos - Greeicy,24.7287,104.0815,4.8299,11.9375,50.7254,15.1752,50.3497,35.5501,1
U107,Si hay algo - Josean Log,72.1148,76.6529,18.4819,17.7523,40.7121,66.5053,159.9556,107.2175,1
U113,Loba - Shakira,59.4279,407.9943,87.1427,56.3336,130.6603,103.6395,466.9518,27.0208,0
U040,Si hay algo - Josean Log,44.7784,138.3273,44.1732,55.3416,37.1537,35.6323,204.7114,1.5214,1
U076,Doma - Josean log,52.1989,364.1551,42.4846,40.1325,42.0264,6.467,474.0226,35.5595,1
U060,Combustion - Josean Log,38.48,161.5923,48.018,65.4831,135.399,299.7996,90.4052,164.4006,0
U079,Beso - Josean Log,45.9075,118.7778,65.9643,56.2473,8.7258,114.4053,63.8024,123.1311,0
U076,San lucas - Kevin Kaarl,52.1989,87.0215,22.9097,3.9755,11.4376,22.2048,22.846,33.6424,1
U003,La negra tiene tumbao - Celia Cruz,28.7164,252.5916,10.7712,5.9117,59.9616,143.4225,272.6557,203.3842,1
U047,Rie y llora - Celia Cruz,54.791,417.6537,23.1502,27.0521,9.1083,50.154,471.4168,41.0458,1
U082,Te busco audio - Celia Cruz,78.2127,580.6465,66.3171,12.0899,46.3074,149.8812,725.0794,103.5738,0
U014,"Volver, volver - Vicente Fernandez",84.5936,547.8379,15.046,35.4722,9.9785,53.2148,643.8547,43.2363,1
U080,Ya para que - Greeicy,52.3501,410.8673,129.6884,118.5225,85.9667,72.9357,329.904,158.9024,0
U081,Promise - Laufey,70.8128,222.7407,17.9042,49.4149,10.1825,440.5696,196.3658,430.3871,0
U075,Stronger than me - Amy Winehouse,18.5648,212.2571,58.8362,83.116,11.0134,46.7795,47.7069,57.7929,1
U022,Desde que estamos juntos - Melendi,41.8354,10.6699,45.0337,35.2588,1.6898,55.1567,73.5233,56.8466,1
U010,La ley del monte - Vicente Fernandez,41.8107,382.5751,146.9802,153.8316,138.3734,119.9432,439.5169,18.4303,0
U116,First love late spring - Mitski,78.2254,47.8881,52.971,24.9152,51.8537,110.4083,30.5192,58.5546,1
U080,Fecha de caducidad - Melendi,11.5538,410.8673,30.656,1.0399,51.4728,118.2346,393.8079,66.7618,1
U032,Stronger than me - Amy Winehouse,26.241,461.3445,75.9258,85.4386,94.0526,101.2653,487.5854,195.3179,0
U119,Sangre para derramar - Milo J,83.8336,83.9707,113.6835,149.9655,67.2904,189.4424,163.5593,122.152,0
U066,Pierdeme el respeto - Paquita la del barrio,79.5647,119.2165,105.173,110.8498,119.8222,402.9831,80.6854,283.1609,0
U062,Quimbara - Celia Cruz,18.74,424.139,126.2886,144.9824,102.2764,152.3574,432.3311,50.081,0
U025,My you - Jung Kook,49.5809,521.8938,54.9746,54.169,112.0141,51.9827,667.0729,60.0314,0
U088,Treat you better - Shawn Mendes,62.9902,431.2076,66.4625,69.8062,0.2281,76.9286,518.1271,77.1568,0
U108,A veces a besos - Greeicy,53.8606,36.376,4.4561,40.1809,34.0064,186.7833,16.2608,220.7897,1
U089,Standing next to you - Jung Kook,78.3497,304.547,68.737,17.9309,15.235,18.2639,369.9965,33.4988,1
U081,Pierdeme el respeto - Paquita la del barrio,70.8128,196.1638,115.0757,111.3403,147.376,497.5036,222.5387,350.1276,0
U094,First love late spring - Mitski,60.8547,79.7427,8.6566,34.7111,44.672,104.1413,181.3466,148.8133,1
U083,Vamonos a marte - Kevin Kaarl,84.2147,142.2551,54.7795,69.965,33.2287,26.5321,48.5623,59.7608,1
U007,Es que yo te quiero a ti - Kevin Kaarl,68.0895,619.8985,15.1642,7.382,23.718,70.3806,786.9269,94.0985,0
U061,Cheque al portamor - Melendi,57.6365,9.2709,17.3832,13.3942,24.6066,7.4793,99.818,17.1273,1
U071,Top of the world - Shawn Mendes,23.9542,100.8512,28.9047,22.3726,4.3571,81.7989,85.7871,77.4418,1
U102,Why why why - Shawn Mendes,84.5936,193.3693,65.9842,122.9678,35.1088,281.7203,249.7801,316.8291,0
U113,Tierra - Josean Log,59.4279,334.4872,57.1978,54.5611,23.3341,125.7736,275.5297,102.4395,0
U021,Que me perdone tu perro - Paquita la del barrio,53.3478,212.3601,72.4885,44.975,89.691,271.1298,119.6458,181.4388,0
U045,Waka waka - Shakira,37.6231,153.386,5.5718,81.2912,35.4069,134.33,130.2285,98.9231,1
U096,Hate you - Jung Kook,39.732,223.1363,44.0337,45.2922,77.6956,502.0631,305.6152,424.3673,0
U069,You da one - Rihanna,84.5936,246.5055,33.9164,30.4048,31.707,47.7843,327.4584,16.0773,1
U116,Me enamore - Shakira,15.8068,346.7085,66.7798,78.37,101.4069,3.7502,362.6972,97.6567,0
U109,La distancia - Manuel Medrano,65.0651,369.063,64.053,58.9777,11.9187,39.026,486.496,27.1073,0
U034,Que pides tu - Alex Ubago,54.3008,88.0839,4.7039,17.2692,22.1927,135.5535,2.9854,157.7461,1
U104,Man down - Rihanna,20.1275,98.87,84.8839,82.7441,82.3224,13.7036,73.4676,96.0261,0
U103,Love in the dark - Adele,75.6635,491.7517,120.3398,82.203,93.5411,150.3075,673.0046,56.7664,0
U013,Aunque no te pueda ver - Alex Ubago,49.2858,478.9098,24.1756,5.7069,7.438,98.7307,543.2645,106.1689,1
U018,Cinnamon girl - Lana del rey,70.2362,21.3038,30.5264,35.9499,8.4535,221.5912,43.0815,230.0447,0
U078,When we were young - Adele,84.5936,166.9038,52.385,42.3353,6.0525,320.1982,166.952,314.1457,0
U118,Niño - Milo J,45.7609,77.7214,11.6165,5.7053,6.4075,49.4074,61.3036,55.8149,1
U053,"Volver, volver - Vicente Fernandez",74.3209,327.6365,11.7912,36.5023,7.7894,3.3779,376.4963,4.4115,1
U065,Una y otra vez - Manuel Medrano,30.3902,145.1645,8.7297,9.9031,18.4816,161.4836,119.8067,143.002,1
U088,Sangre para derramar - Milo J,62.2302,272.0379,31.1392,60.544,35.3972,37.6734,358.1973,2.2762,1
U104,Just friends - Amy Winehouse,29.1548,401.0967,74.2647,74.4322,70.5149,77.3881,424.9767,147.9031,0
U110,Why why why - Shawn Mendes,77.6194,467.9266,40.3728,2.7608,2.6138,25.0881,564.4405,27.7019,1
U066,Rara vez - Milo J,79.5647,23.9107,133.5561,157.592,49.9209,519.0409,14.6204,469.1199,0
U018,Chachacha - Josean log,80.3973,327.3455,154.8488,148.1331,46.7327,387.7455,295.4067,341.0127,0
U043,Estos celos - Vicente Fernandez,68.1244,91.3841,42.1113,42.7531,52.8913,26.1149,53.8973,79.0063,1
U100,Standing next to you - Jung Kook,60.9263,571.739,169.5561,161.3808,115.2123,303.8806,698.2374,188.6682,0
U119,Cinnamon girl - Lana del rey,74.4325,174.9114,67.1543,36.6597,47.677,57.4992,245.0989,9.8222,0
U082,Doma - Josean log,80.5192,353.5034,5.6513,1.0026,55.6159,13.2899,500.2428,42.3261,1
U107,Te quiero tanto - Kevin Kaarl,72.1148,356.1651,29.1218,58.9129,13.0831,3.4062,439.4678,9.6769,1
U074,Pierdeme el respeto - Paquita la del barrio,68.8065,152.6895,9.2887,1.1024,66.775,30.058,249.2174,96.8329,1
U032,Rie y llora - Celia Cruz,45.5708,455.032,43.8281,24.0482,82.3132,181.34,500.6028,263.6532,0
U074,Stronger than me - Amy Winehouse,19.6741,577.9065,129.3034,104.7523,87.1827,130.1916,625.3019,43.0088,0
U068,Too little too late - Laufey,24.2538,249.4346,51.6725,36.3998,86.2385,74.8885,261.8969,11.3498,0
U022,Sin remitente - Melendi,41.8354,89.5153,32.151,19.8158,6.5311,42.4942,26.6619,35.9632,1
U057,Soltera - Shakira,56.6341,79.9866,4.9415,21.7342,6.0793,183.7507,77.372,189.8301,1
U091,Las de la intruicion - Shakira,50.3965,513.6178,177.3843,163.6837,66.5433,267.2471,609.2873,200.7037,0
U026,Vamonos a marte - Kevin Kaarl,60.5917,114.1211,16.5231,38.7479,46.2381,24.6392,38.7591,70.8773,1
U003,Me enamore - Shakira,19.4694,224.3089,25.874,43.1334,39.8186,77.7161,235.1261,117.5347,1
U108,La mujer que bota fuego - Manuel Medrano,65.788,333.8159,117.3845,141.7379,66.7427,380.8136,301.7734,314.0708,0
U043,No me culpes por sentir - Kevin Kaarl,68.1244,130.7403,19.3378,24.5276,43.277,52.3823,14.5411,9.1053,1
U111,In my blood - Shawn Mendes,61.0367,164.3733,79.9462,75.5368,4.2125,47.5526,5.3805,43.3402,1
U112,Mercy - Shawn Mendes,63.9171,423.282,106.5009,134.2405,71.4878,75.3262,577.6777,3.8384,0
U094,Niño - Milo J,54.5217,114.4049,33.2329,23.9807,5.8574,4.7463,19.134,10.6037,1
U110,A veces a besos - Greeicy,65.692,197.0608,64.7745,49.5387,64.6996,48.3974,281.6474,16.3022,0
U113,Para siempre - Vicente Fernandez,59.4279,172.3442,33.2486,46.8475,22.3197,76.2722,113.3867,53.9525,1
U016,Only girl - Rihanna,54.8099,572.248,207.3204,186.2495,119.67,182.475,655.1371,62.8051,0
U113,Yes or no - Jung Kook,55.9378,9.0238,40.4427,5.4943,97.0111,36.1479,46.4436,133.1591,1
U022,Standing next to you - Jung Kook,41.8354,554.8793,215.7985,194.4069,120.9275,301.0357,617.7327,180.1083,0
U022,West coast - Lana del rey,36.3264,332.9241,87.9677,70.4643,41.5291,214.7534,390.2685,256.2826,0
U011,First love late spring - Mitski,84.5936,9.0416,91.5063,68.3132,81.9009,90.1113,79.3454,8.2104,0
U006,Dame tu aire - Alex Ubago,76.6242,310.2893,95.6517,129.7129,111.0147,323.9683,244.9278,212.9535,0
U026,Rara vez - Milo J,60.9706,229.3993,26.3013,31.9316,36.3482,76.1853,305.1402,39.837,1
U080,Una y otra vez - Manuel Medrano,11.5538,167.8873,33.7182,2.2498,13.6765,68.328,184.9467,54.6515,1
U113,Back to black - Amy Winehouse,54.7335,304.6526,39.0415,15.3258,105.5793,40.1824,358.9157,145.7617,0
U065,Te busco audio - Celia Cruz,28.0837,414.7615,49.0018,26.761,9.245,119.0671,437.8128,109.8221,0
U004,In a lake portuguese -  Mitski,19.466,495.6091,64.8446,72.3317,73.3158,41.9265,547.8189,31.3893,0
U077,Beso - Josean Log,32.3816,182.6273,10.0587,30.2804,10.8956,124.9761,150.2457,114.0805,1
U034,My you - Jung Kook,36.3428,475.4245,52.7019,68.2132,81.8705,115.0331,542.565,196.9035,0
U114,La luna - Josean Log,78.989,115.0531,154.6372,121.2138,87.0009,481.8667,194.4336,394.8659,0
U025,Colapso - Kevin Kaarl,67.5389,60.2611,38.1552,48.4628,22.4284,16.6934,102.8761,5.735,1
U011,Yes or no - Jung Kook,81.1035,49.8332,9.7582,12.0812,56.4557,64.7015,134.7301,121.1573,1
U120,Cola - Lana del rey,13.4292,227.9425,9.3918,81.5285,110.577,269.9092,42.2958,380.4862,0
U039,Thriller - Michael Jackson,66.2091,253.1581,62.3431,66.2403,120.227,171.9539,242.2588,51.727,0
U066,Por si acaso no regreso - Celia Cruz,38.1026,244.487,20.1906,38.5684,22.3961,163.0757,241.5559,185.4718,0
U018,Quimbara - Celia Cruz,75.2968,242.3679,39.1245,20.1793,31.1528,309.6554,269.2061,340.8082,0
U068,La promesa - Melendi,36.1812,58.2037,27.3345,61.2673,57.0531,78.8537,82.5933,135.9069,1
U037,Beat it - Michael Jackson,62.7244,576.8647,209.847,213.437,59.9679,382.9294,664.307,442.8972,0
U085,Say yes to heaven - Lana del rey,64.4073,608.4828,136.7028,46.4446,41.0207,255.1956,778.9293,214.1749,0
U068,Aunque no te pueda ver - Alex Ubago,32.6911,327.5094,14.7504,54.3554,9.35,67.0943,348.4088,76.4445,1
U007,Mujeres divinas - Vicente Fernandez,68.0895,124.3693,15.6439,23.2053,21.6042,18.538,291.3977,3.0662,1
U048,Send my love - Adele,81.8948,84.7352,3.779,10.7631,38.5129,73.7006,162.321,112.2136,1
U043,Someone like you - Adele,51.1239,540.8279,163.0244,131.6627,81.6975,160.8767,669.1088,79.1792,0
U017,MAI - Milo J,39.2765,271.6037,7.9682,12.5126,12.5937,118.9039,311.9899,131.4974,1
U093,Love in the dark - Adele,79.6162,96.8951,53.7081,66.6358,34.3012,36.5713,123.8946,70.8725,1
U017,Pierdeme el respeto - Paquita la del barrio,39.6554,97.2542,16.4189,44.6127,40.4374,82.4487,138.0193,42.0112,1
U062,Mentira - Greeicy,8.752,116.6758,110.3059,125.3818,136.7597,140.8045,97.376,4.0448,0
U094,My you - Jung Kook,42.8967,485.5544,48.3585,59.0965,87.5408,61.9613,569.2003,25.5795,0
U058,Mujeres divinas - Vicente Fernandez,51.3542,117.4106,35.6449,36.7157,7.6132,71.0589,218.9053,78.6721,1
U106,Chachacha - Josean log,54.3983,3.6989,48.2418,34.2635,55.5139,17.5978,80.3685,37.916,1
U060,Waka waka - Shakira,7.5711,244.3096,86.0323,9.0376,10.7074,53.0765,142.2136,42.3691,1
U090,Diamonds - Rihanna,54.7533,137.4264,64.8256,34.9282,6.2093,114.9999,71.1716,108.7907,1
U084,Si hay algo - Josean Log,59.2101,219.0702,149.9521,157.5503,44.5171,631.8005,373.4269,587.2835,0
U116,Limonar - Greeicy,33.6318,179.1973,28.2055,29.7111,95.0711,20.9451,213.011,116.0162,1
U102,Brooklyn baby - Lana del rey,50.8624,278.5104,8.7161,6.1557,75.7967,204.8515,301.19,280.6481,0
U117,Los consejos - Greeicy,51.2882,220.2043,33.7463,20.2149,13.8127,25.1916,247.3767,11.379,1
U008,Combustion - Josean Log,23.3973,281.2245,4.1098,16.0076,29.2572,138.1823,285.2505,108.9251,1
U049,Sabes - Alex Ubago,53.9884,328.2665,41.0952,38.5851,5.0073,53.1566,414.2286,58.1639,1
U006,Addicted to you - Shakira,44.0383,182.584,115.8638,80.6216,81.0248,107.2676,127.283,188.2924,0
U031,From the start - Laufey,27.1,52.2715,97.8656,78.4013,122.1817,109.0135,130.8653,13.1682,0
U095,Mercy - Shawn Mendes,55.411,252.6529,22.4913,46.312,35.5358,10.145,307.0239,25.3908,1
U096,Stronger than me - Amy Winehouse,6.6536,224.9299,11.8988,0.1946,27.2517,456.5927,109.3725,429.3409,0
U044,Billie Jean - Michael Jackson,84.5936,562.5984,47.0957,12.0165,47.3666,126.0615,664.2388,78.695,0
U061,Someone like you - Adele,40.636,511.7703,142.8112,111.6271,66.5097,172.471,585.3169,105.9613,0
U090,Lo hecho esta hecho - Shakira,21.0221,162.459,29.6252,27.0805,37.1818,59.1263,62.473,21.9444,1
U063,Mas fuerte - Greeicy,16.1636,267.8606,32.0445,49.633,21.1943,41.6302,128.9495,20.4359,1
U105,Las de la intruicion - Shakira,82.6143,185.8745,7.8851,16.7204,50.3946,57.8475,241.0793,7.4529,1
U062,Aunque no te pueda ver - Alex Ubago,20.3504,333.1758,0.1607,1.3362,0.2212,79.9959,342.9783,80.2172,1
U114,Chicago - Michael Jackson,78.989,8.3725,84.3859,101.1232,8.1953,347.2823,71.008,355.4776,0
U001,Remember the time  Michael Jackson,48.7455,533.3269,77.9467,34.7013,85.1502,203.6345,594.2271,118.4843,0
U043,Una y otra vez - Manuel Medrano,68.1244,47.2144,80.7093,45.152,26.2068,114.3435,192.4958,88.1367,0
U065,Un violinista en tu tejado - Melendi,30.3902,188.0934,54.9425,34.8267,45.7401,342.6415,162.7356,296.9014,0
U036,Colapso - Kevin Kaarl,61.8251,496.3621,203.7211,194.1702,144.8125,262.0303,500.5436,117.2178,0
U011,Yo vivire (I will survive) - Celia Cruz,77.0067,516.3447,11.9594,2.2497,62.5404,39.5638,597.1447,22.9767,1
U117,Too sad to dance - Jung Kook,50.1449,267.7497,2.7948,35.7719,26.4804,3.5679,239.434,30.0484,1
U007,Rincon - Milo J,68.0895,47.2206,17.356,20.9135,24.3598,15.5492,119.8078,39.909,1
U047,In a lake portuguese -  Mitski,2.0104,298.7679,26.5617,49.7929,43.0394,110.4681,295.7295,67.4288,0
U071,Estos celos - Vicente Fernandez,23.9542,267.0502,6.9689,4.2529,47.8296,138.864,251.9861,91.0343,1
U057,Send my love - Adele,53.9353,87.5246,16.2717,17.9261,29.1755,168.5007,92.838,197.6762,1
U050,Mujeres divinas - Vicente Fernandez,84.5936,67.2142,78.859,57.0476,74.567,67.8249,17.157,6.7421,0
U091,Alguien como tu - Josean Log,50.3965,49.1023,19.6098,16.5253,50.5289,4.7459,144.7718,45.7829,1
U103,Caminando por la vida - Melendi,75.6635,427.487,23.0947,3.7817,69.8801,43.4335,608.7399,26.4466,1
U077,Milagrosa - Milo J,20.8997,498.0637,25.0625,11.2633,34.1223,211.2551,518.9633,245.3774,0
U073,Rincon - Milo J,70.7286,25.8978,24.6528,12.4609,18.7815,32.7604,131.6619,51.5419,1
U091,Amor viejo - Kevin Kaarl,50.3965,126.9089,4.6055,34.7061,6.4037,30.8617,222.5784,24.4581,1
U011,Someone like you - Adele,67.5931,431.2036,25.4404,4.4965,66.2765,31.7383,502.5901,34.5382,1
U104,Bored - Laufey,33.0441,61.4588,81.1302,82.7441,56.8928,13.3837,33.6895,43.5092,0
U029,Nobody - Mitski,82.3671,139.4418,26.7775,42.9668,48.083,77.6315,59.3397,29.5485,1
U012,Alguien como tu - Josean Log,32.7597,334.4572,103.3313,128.852,137.2594,188.25,437.507,50.9906,0
U061,Hombres malvados - Paquita la del barrio,57.6365,81.4992,119.6724,120.2819,86.1927,107.8221,172.0463,21.6295,0
U039,Cinnamon girl - Lana del rey,56.048,32.094,16.9958,42.1177,28.7925,138.88,11.0336,110.0876,1
U007,Sin miedo a nada - Alex Ubago,68.0895,220.6493,32.7039,6.2133,34.5219,108.1772,387.6777,73.6554,1
U099,Quiero + - Greeicy,80.1763,316.6842,6.5954,13.0442,51.2421,49.9771,383.9238,101.2192,1
U106,Sabes - Alex Ubago,54.3983,293.7566,7.4128,10.3679,7.241,11.3333,370.4262,18.5743,1
U042,Bad - Michael Jackson,84.0393,201.3204,24.7732,62.0232,12.0677,116.5253,66.4095,128.5929,1
U111,Still with you - Jung Kook,61.0367,219.8941,51.1096,52.1296,59.9611,67.1941,60.9013,127.1553,1
U073,Tres veces te engañe - Paquita la del barrio,70.7286,610.2001,187.4412,138.3757,91.8773,394.2432,767.7598,302.3659,0
U105,Tierra - Josean Log,82.6143,497.8713,143.4544,133.3768,59.4314,203.778,442.6665,144.3466,0
U019,El chofer - Vicente Fernandez,57.9444,11.0243,81.3107,89.6272,24.4064,61.1083,178.5503,36.7019,0
U006,Bored - Laufey,76.6242,139.2552,15.4665,21.6712,33.4218,161.1509,73.8937,127.7291,1
U043,My you - Jung Kook,50.1664,506.3944,85.7796,83.2384,65.7329,3.1529,633.7178,68.8858,0
U021,Niño - Milo J,47.0148,507.1738,152.1077,129.4827,68.8878,387.912,606.2211,319.0242,0
U022,Beso - Josean Log,41.8354,82.3806,66.3285,70.4643,22.6552,82.3068,19.5272,104.9621,0
U011,There's nothing holding me back - Shawn Mendes,84.5936,121.4957,42.7794,27.7284,6.0507,50.2081,33.1086,44.1574,1
U093,Chicago - Michael Jackson,79.6162,22.3461,91.5357,119.1423,28.6567,5.4683,49.3456,34.125,0
U005,Thriller - Michael Jackson,28.6144,433.0784,89.0734,84.7366,30.5346,196.5992,453.2793,227.1338,0
U009,Thriller - Michael Jackson,84.5936,357.9373,83.3159,108.8249,196.3266,188.632,429.2732,7.6946,0
U119,Los besos - Greeicy,58.0341,232.3073,12.1261,12.5371,73.1964,66.3897,286.0965,139.586,1
U110,Just friends - Amy Winehouse,73.7301,503.5743,62.3541,56.0176,52.8921,17.6791,596.1989,70.5712,0
U088,Top of the world - Shawn Mendes,62.9902,32.8886,31.1664,25.7055,14.073,85.3793,119.808,99.4523,1
U062,Fecha de caducidad - Melendi,23.8405,424.139,16.0167,5.8194,16.2368,97.7896,437.4317,114.0264,1
U007,Retirada - Milo J,64.5994,156.0739,81.3673,48.5777,42.3004,235.5778,319.6122,193.2774,0
U048,From the start - Laufey,18.6661,174.376,36.7994,7.6309,26.0033,136.1305,197.3512,162.1339,1
U097,Milagrosa - Milo J,32.4218,565.2397,2.7542,4.2008,23.5131,220.3537,609.6727,243.8668,0
U008,Diamonds - Rihanna,23.3973,370.1101,86.0785,89.1651,94.0183,89.1673,374.1361,183.1856,0
U075,When we were young - Adele,67.6972,121.2939,55.2444,75.2766,25.8571,18.0815,5.8762,7.7756,1
U061,Alguien como tu - Josean Log,57.6365,24.1668,3.5371,4.492,70.9025,23.962,114.7139,46.9405,1
U090,Caminando por la vida - Melendi,54.7533,38.1546,147.7125,137.5149,52.8696,201.6691,104.4094,148.7996,0
U075,Mujeres divinas - Vicente Fernandez,67.6972,289.5846,184.7799,199.7724,102.8309,210.2464,405.0023,107.4155,0
U080,Me arrepiento - Alex Ubago,11.5538,127.5517,15.5544,31.3744,72.4307,185.8244,144.6111,113.3937,0
U056,La distancia - Manuel Medrano,15.0001,203.0294,18.4102,29.983,2.3038,40.5453,211.5027,42.8491,1
U111,Desde que estamos juntos - Melendi,61.0367,367.7464,157.1727,148.0884,33.1524,202.0955,526.7392,168.9431,0
U005,Tierra - Josean Log,28.6144,358.8965,31.9111,5.8655,71.793,2.5846,338.6956,69.2084,1
U067,Sangre para derramar - Milo J,67.0294,293.8673,25.0172,66.0407,10.9787,95.1187,436.3622,84.14,0
U008,Si pudiera - Manuel Medrano,23.3973,304.1795,65.4588,74.6994,25.5662,227.8982,308.2055,202.332,0
U056,Que me perdone tu perro - Paquita la del barrio,15.0001,449.0011,43.9447,62.1347,24.9967,104.9857,457.4744,129.9824,0
U047,Yes or no - Jung Kook,81.1035,42.5453,5.4543,22.2627,21.456,56.2938,37.5303,34.838,1
U027,Let you break my heart again - Laufey,44.4481,114.7083,11.8468,6.0328,32.6846,264.8095,38.6219,297.494,0
U113,Euphoria - Jung Kook,14.8343,310.1163,121.1255,60.1636,173.0203,103.6395,324.4802,69.3807,0
U064,Me enamore - Shakira,5.495,494.7572,169.4215,161.3424,97.9784,130.9789,583.5888,33.0005,0
U044,Por si acaso no regreso - Celia Cruz,43.1315,501.0849,71.0319,3.3845,85.5475,203.6792,561.2631,118.1317,0
U059,I bet on losing dogs - Mitski,62.2994,405.3399,2.9066,0.1524,58.5,0.0423,465.4716,58.5424,1
U108,Hate you - Jung Kook,49.734,128.4353,10.8201,27.0718,17.78,210.0926,112.4468,192.3125,1
U067,La promesa - Melendi,67.7894,245.6032,8.5105,16.8754,23.5127,3.1566,388.8581,26.6693,1
U026,La distancia - Manuel Medrano,60.9706,313.3388,2.75,0.7083,74.0312,18.6714,389.0797,55.3598,1
U095,My you - Jung Kook,37.453,333.6919,0.5748,2.962,1.1589,94.3469,370.1049,95.5058,1
U110,Los consejos - Greeicy,77.6194,65.1137,30.7241,49.5387,12.599,37.2797,161.6276,49.8788,1
U111,Love on the brain - Rihanna,61.0367,3.8984,4.6364,15.0709,80.0671,13.6346,155.0944,93.7017,1
U073,Para siempre - Vicente Fernandez,70.7286,17.7019,60.1115,64.2933,13.5477,38.4549,175.2616,52.0026,1
U117,Ultraviolence - Lana del rey,51.2882,7.177,7.0768,49.8193,48.8073,37.1762,34.3494,85.9835,1
U046,Hombres malvados - Paquita la del barrio,73.1014,53.533,91.055,75.9122,93.052,54.3364,155.5289,38.7155,0
U088,Cinnamon girl - Lana del rey,52.8291,362.9786,149.6986,126.0812,79.5702,209.2682,439.7369,129.698,0
U008,Taco placero - Paquita la del barrio,23.3973,82.183,13.9298,17.0861,23.4299,122.5929,78.1569,99.163,1
U109,Sabes - Alex Ubago,65.0651,335.379,37.1458,19.4002,5.3778,19.0164,452.812,13.6386,1
U067,Hello - Adele,62.2804,544.3586,175.441,134.3437,96.4947,221.995,682.1045,125.5003,0
U109,In my blood - Shawn Mendes,65.0651,559.5139,116.6624,101.3777,21.56,117.1319,676.9469,95.5718,0
U101,Stitches - Shawn Mendes,58.0326,141.6162,43.6661,72.5441,38.239,4.1338,204.346,42.3729,1
U032,Un violinista en tu tejado - Melendi,75.3734,160.339,84.6565,66.019,2.9629,318.7311,84.9656,315.7682,0
U023,Beso - Josean Log,84.5936,191.6513,96.3341,80.802,92.4135,151.3043,106.5916,58.8908,0
U026,La luna - Josean Log,60.9706,224.987,6.024,21.6011,86.5968,2.0937,300.7279,84.503,1
U012,Soltera - Shakira,32.7597,107.4977,43.0133,14.4542,6.5252,7.067,4.4479,13.5923,1
U053,Man down - Rihanna,21.1493,17.7711,6.7088,20.1151,72.2052,22.0244,22.083,50.1808,1
U085,Send my love - Adele,78.2344,310.1819,139.4077,100.1747,69.2295,161.1832,494.4555,91.9537,0
U012,Never be alone - Shawn Mendes,32.7597,238.2874,68.4278,119.9498,101.4506,126.5788,135.2376,25.1282,0
U089,Azul celeste - Paquita la del barrio,78.3497,61.5602,10.461,25.0163,153.1961,129.3758,3.8893,23.8203,1
U070,West coast - Lana del rey,51.2226,364.323,67.9295,56.593,55.5397,123.8143,465.2784,179.354,0
U069,I'll change for you - Mitski,28.6503,404.7728,15.1152,19.2412,57.1366,98.6434,429.7823,41.5069,1
U090,Top of the world - Shawn Mendes,54.7533,388.6951,142.1083,129.5753,101.1269,123.6481,454.9499,22.5213,0
U007,Como hacer para olvidarte - Manuel Medrano,65.3907,327.9101,15.7294,39.9641,35.2797,46.6056,492.2397,81.8853,1
U107,Fecha de caducidad - Melendi,72.1148,535.8501,7.2024,16.5424,5.6986,23.1204,619.1528,17.4218,1
U004,Colapso - Kevin Kaarl,67.138,80.9221,38.3154,34.6165,0.8303,6.7783,57.8919,5.948,1
U048,Sabes - Alex Ubago,84.5936,103.3804,156.1634,140.3229,91.8879,222.5938,183.665,130.706,0
U026,Euphoria - Jung Kook,16.377,411.9391,152.9857,116.5288,99.6303,193.579,443.0864,93.9488,0
U069,Sangre para derramar - Milo J,83.8336,92.768,140.7738,200.1378,159.7563,267.0064,172.9608,107.2501,0
U010,Donde nadie pueda ir - Manuel Medrano,41.8107,266.6684,20.2581,34.0746,30.6563,40.8929,323.6102,71.5493,1
U101,Love in the dark - Adele,58.0326,394.6909,110.249,108.0849,86.2497,41.4275,457.4207,44.8222,0
U010,El chofer - Vicente Fernandez,33.8009,24.5964,95.3988,101.6749,64.6573,70.6442,24.3356,5.9868,0
U048,The girl is mine - Michael Jackson,84.5936,145.6367,91.7457,65.7078,82.072,144.9299,65.3521,62.858,0
U118,Un violinista en tu tejado - Melendi,52.0939,20.129,24.4654,14.3619,33.0211,55.8539,165.487,88.875,1
U002,Sin miedo a nada - Alex Ubago,56.0671,33.7872,41.5336,81.7176,31.1073,278.7831,7.4981,309.8903,0
U045,Easy on me - Adele,68.532,184.5869,2.053,27.1169,12.576,54.2904,192.3383,66.8664,1
U065,Que pides tu - Alex Ubago,30.3902,249.4929,34.198,22.7607,38.6333,299.5004,224.1351,260.8671,0
U077,Cheque al portamor - Melendi,32.3816,89.5768,7.2955,6.1391,21.8878,164.7887,57.1952,186.6765,1
U118,Rata de dos patas - Paquita la del barrio,52.0939,610.6116,162.2594,146.9956,107.1525,137.0588,755.9696,29.9064,0
U091,Mujeres divinas - Vicente Fernandez,50.3965,120.0052,47.5352,47.0273,12.6947,17.9949,215.6747,30.6895,1
U071,La promesa - Melendi,23.9542,90.034,0.1268,14.7116,38.2153,106.5763,105.0981,68.361,1
U051,Valentine - Laufey,69.1707,117.9462,57.6139,82.7192,46.8058,406.2312,128.3487,359.4254,0
U044,Smooth criminal - Michael Jackson,84.5936,556.2859,58.776,34.4376,27.4602,227.4973,657.9263,254.9575,0
U105,Still with you - Jung Kook,82.6143,294.1036,33.9208,70.082,60.9138,50.0989,349.3084,111.0128,0
U056,Rolling in the deep - Adele,15.0001,449.0011,206.2305,194.5986,147.8149,285.0081,457.4744,137.1932,0
U052,La luna - Josean Log,66.8761,278.8052,17.7484,42.2931,32.7051,60.5696,422.3265,93.2746,1
U094,Desde que estamos juntos - Melendi,60.8547,17.4885,3.7653,1.7763,0.5711,58.7031,119.0924,58.132,1
U016,Standing next to you - Jung Kook,62.3968,528.8169,163.0301,139.4711,85.9743,212.013,619.293,126.0387,0
U046,You know i'm no good - Amy Winehouse,15.7481,187.7316,87.026,68.9684,87.6353,20.5224,232.3742,67.1129,0
U015,Addicted to you - Shakira,36.0689,99.6396,36.1173,16.6015,30.416,65.4613,45.8239,95.8773,1
U070,Las de la intruicion - Shakira,56.7316,521.4802,172.8645,170.7079,66.8939,207.0654,627.9446,140.1715,0
U111,Cinnamon girl - Lana del rey,50.8756,1.17,5.6886,0.6997,72.3088,11.3845,170.3239,60.9243,1
U048,Euphoria - Jung Kook,40.0,235.6647,20.9795,16.4917,75.2327,30.353,271.3557,105.5857,1
U026,Hate you - Jung Kook,44.9166,111.2443,66.164,73.3629,2.7357,94.5357,170.9312,97.2715,0
U049,Euphoria - Jung Kook,9.3948,460.5508,218.2381,195.3997,162.1133,245.3974,501.9193,83.2842,0
U035,No me culpes por sentir - Kevin Kaarl,71.2139,174.5683,30.9743,30.8839,27.777,28.4132,64.622,0.6362,1
U106,Bajo el agua - Manuel Medrano,54.3983,116.7643,8.4706,4.1386,13.4598,98.8492,40.0947,112.3089,1
U093,Set fire to the rain - Adele,57.7155,233.244,33.7232,32.5458,119.6876,2.0471,238.3428,117.6405,1
U060,Chicago - Michael Jackson,38.48,64.6126,10.4813,29.4189,40.7673,199.4768,6.5745,158.7095,1
U116,Mas fuerte - Greeicy,20.161,477.4982,59.6739,80.2575,125.7923,64.112,497.841,189.9043,0
U050,Los consejos - Greeicy,84.5936,53.3265,27.622,1.4021,11.4808,12.1962,31.0447,0.7155,1
U088,Smooth criminal - Michael Jackson,62.9902,577.7302,123.8939,58.8223,33.4375,316.4426,664.6496,349.8801,0
U037,La distancia - Manuel Medrano,62.7244,330.893,24.6631,7.0934,29.1092,48.9476,418.3353,19.8384,1
U098,A veces a besos - Greeicy,72.6662,147.6969,22.8195,15.5189,108.8326,85.7747,223.7343,23.0579,1
U083,Sin remitente - Melendi,84.5936,156.6492,73.0062,77.52,48.2621,27.826,62.5775,20.4361,0
U116,Milagrosa - Milo J,66.7435,477.4982,79.2193,67.7408,17.4419,214.9754,544.4235,232.4173,0
U052,Que pides tu - Alex Ubago,66.8761,69.9543,6.0169,0.2391,11.6912,28.3447,73.567,16.6535,1
U069,Si supieras - Kevin Kaarl,84.5936,152.6393,119.4536,152.1013,134.7295,228.6434,71.6865,93.9139,0
U021,Rara vez - Milo J,53.3478,117.5511,127.0743,108.35,29.3151,393.0841,210.2654,363.7689,0
U012,Que pides tu - Alex Ubago,32.7597,444.7956,89.3,121.0852,75.4896,176.367,547.8454,100.8774,0
U057,Love in the dark - Adele,56.6341,74.4274,5.4106,1.3241,19.4911,217.3444,71.8128,197.8533,1
U064,When we were young - Adele,56.9236,534.5837,184.8042,178.7296,70.291,157.1427,685.8339,86.8517,0
U052,San lucas - Kevin Kaarl,66.8761,84.0196,3.0578,2.0383,7.3798,29.8691,59.5017,37.2489,1
U020,Lover girl - Laufey,25.7215,334.1621,13.0726,0.6754,6.1742,173.5978,296.0843,167.4237,1
U036,Borracho te recuerdo - Vicente Fernandez,61.8251,253.8298,99.2655,62.8939,145.4572,167.1738,258.0114,21.7166,0
U058,Sigo aqui - Alex Ubago,51.3542,110.5861,48.8401,37.9828,13.083,126.6876,212.0808,113.6045,0
U064,Brooklyn baby - Lana del rey,23.1924,625.5469,190.8547,182.7177,81.8785,159.8431,743.0659,77.9647,0
U042,Quedate - Manuel Medrano,84.0393,391.6185,204.2655,226.4338,118.5001,391.8881,526.5294,273.388,0
U048,A veces a besos - Greeicy,72.6662,27.0292,50.566,39.7833,24.6531,106.087,95.3865,130.7402,1
U117,Bored - Laufey,51.2882,244.2992,4.7492,5.4241,12.8583,85.1808,271.4716,72.3225,1
U083,Tears dry on their own - Amy Winehouse,43.1315,346.2139,41.6241,55.8749,16.125,103.2806,398.8235,87.1556,0
U017,Sigo aqui - Alex Ubago,39.6554,13.805,23.6851,32.8733,20.3722,90.1533,54.5701,110.5255,1
U099,Euphoria - Jung Kook,35.5827,212.7439,73.7138,28.44,138.9059,49.0662,235.3899,89.8396,0
U107,Tierra - Josean Log,72.1148,256.1248,40.2594,7.8747,31.1804,66.5053,172.8221,35.3249,1
U040,Standing next to you - Jung Kook,44.7784,554.0934,196.631,191.7033,115.1102,300.289,620.4775,185.1789,0
U113,You know i'm no good - Amy Winehouse,2.0746,76.2741,48.4735,23.783,121.0982,38.171,77.8783,159.2692,1
U002,Amor viejo - Kevin Kaarl,56.0671,123.1635,110.7343,146.459,24.4806,417.2789,81.8782,441.7595,0
U026,Man down - Rihanna,7.799,207.5904,89.639,75.0446,49.0507,115.453,230.1596,66.4023,0
U070,Dame tu aire - Alex Ubago,56.7316,53.3737,21.6297,19.2503,0.1798,39.0031,53.0907,38.8232,1
U057,Lo hecho esta hecho - Shakira,22.9029,210.7763,74.682,79.9348,46.8993,63.423,174.4305,110.3223,0
U029,Beat it - Michael Jackson,82.3671,414.8504,124.0136,168.4539,90.2488,340.6057,494.9524,430.8544,0
U087,El chofer - Vicente Fernandez,37.597,415.7382,146.8798,122.241,89.7148,295.419,474.8961,205.7042,0
U057,Euphoria - Jung Kook,12.0405,63.4049,33.4722,23.6547,65.8953,125.1531,16.1967,191.0483,1
U116,Remember the time  Michael Jackson,78.2254,446.2973,18.2731,7.5598,65.9974,24.5596,524.7046,41.4378,1
U082,La mujer que bota fuego - Manuel Medrano,80.5192,53.9717,39.5418,57.8039,7.4212,72.4188,92.7677,79.8399,1
U064,Man down - Rihanna,3.752,273.8268,148.7549,127.4743,108.504,103.8916,371.9053,4.6124,0
U030,From the start - Laufey,18.6661,196.3381,50.3183,45.3565,63.5484,51.2085,222.7406,12.3399,1
U111,Hello - Adele,55.5277,158.3806,25.309,13.0595,64.8148,81.5566,6.1212,16.7418,1
U068,Fecha de caducidad - Melendi,36.1812,418.4726,1.1056,47.1998,25.3656,84.888,442.8622,110.2537,1
U088,Rara vez - Milo J,62.9902,254.1315,17.5969,22.3792,7.2532,63.3407,341.0509,70.5938,1
U017,Sin miedo a nada - Alex Ubago,39.6554,116.9095,27.5499,14.6142,12.5937,56.1428,157.6746,68.7363,1
U089,Chicago - Michael Jackson,78.3497,137.0802,3.8854,68.6656,59.7605,78.068,202.5297,18.3076,1
U089,Dame tu aire - Alex Ubago,78.3497,335.1049,105.3936,143.3544,122.3317,230.8358,269.6554,108.5041,0
U106,El chofer - Vicente Fernandez,46.3885,34.3728,65.7759,61.3613,55.5139,21.4059,34.287,34.108,1
U015,In my blood - Shawn Mendes,84.5936,234.3285,94.8059,119.0442,148.2042,124.3984,301.1753,23.8057,0
U023,Ya para que - Greeicy,20.6897,489.0397,25.3948,27.5512,75.6387,62.3075,510.1955,137.9462,0
U103,Billie Jean - Michael Jackson,75.6635,628.1006,109.7461,59.6958,77.0851,251.082,809.3535,173.997,0
U098,Hate you - Jung Kook,68.5396,55.6376,7.5433,28.628,57.0462,62.4654,127.5483,5.4193,1
U119,A veces a besos - Greeicy,72.6662,39.9686,7.6003,19.6153,60.7589,21.0794,108.3899,81.8383,1
U032,La promesa - Melendi,75.3734,101.0756,52.4866,53.953,45.1882,193.5141,176.449,148.3259,0
U087,Desde que estamos juntos - Melendi,45.6068,395.5936,202.9528,184.5443,139.9898,346.5528,446.7417,206.563,0
U053,La negra tiene tumbao - Celia Cruz,21.1493,231.442,12.2726,23.4687,81.8226,16.5947,227.1301,98.4174,1
U114,In a lake portuguese -  Mitski,7.615,94.0721,120.3743,108.4856,1.6336,480.1557,71.9125,481.7893,0
U032,El chofer - Vicente Fernandez,67.3636,146.4406,11.9648,1.5785,27.127,207.194,79.077,234.321,1
U060,Still with you - Jung Kook,38.48,275.5105,18.402,6.0117,25.7456,214.1225,204.3234,188.377,0
U073,Where have you been - Rihanna,70.7286,647.5338,219.4211,189.0981,149.3889,218.3666,805.0935,68.9777,0
U069,Washin machine - Mitski,11.9824,404.7728,15.8089,60.0127,46.056,96.2376,389.1496,50.1816,0
U088,Un violinista en tu tejado - Melendi,62.9902,37.6408,29.7814,23.4447,5.7059,64.6151,49.2786,58.9092,1
U097,In my bed - Amy Winehouse,19.9623,515.7463,121.5677,108.1316,124.6953,80.0844,547.7199,204.7797,0
U074,Dont stop the music - Rihanna,68.4276,577.9065,140.8877,135.1077,131.0295,115.2899,674.0555,15.7397,0
U038,Las de la intruicion - Shakira,60.5,394.2062,111.565,115.4349,2.7441,165.8492,455.7924,163.1051,0
U036,Te busco audio - Celia Cruz,59.5186,186.5388,75.3895,92.9607,85.5163,66.8281,180.0507,18.6882,0
U056,San lucas - Kevin Kaarl,15.0001,248.1472,0.878,12.0376,10.4559,26.4225,239.6739,15.9666,1
U094,Donde nadie pueda ir - Manuel Medrano,60.8547,288.6087,22.833,7.0733,16.8451,1.7002,390.2126,18.5453,1
U045,Only girl - Rihanna,60.9451,184.5869,46.9335,13.6272,62.1534,51.4294,184.7513,113.5827,1
U085,First love late spring - Mitski,80.9332,83.0965,5.8227,4.998,108.4165,39.3336,270.0689,147.7501,1
U044,Valentine - Laufey,84.5936,437.4001,13.4614,29.0,63.8226,27.5975,539.0405,36.2251,1
U004,No me culpes por sentir - Kevin Kaarl,67.138,135.9019,11.6274,9.3045,20.2545,20.7184,2.912,0.4639,1
U076,Loba - Shakira,52.1989,560.6334,156.6948,135.328,129.9794,204.1684,670.5009,74.189,0
U056,Sabes - Alex Ubago,15.0001,169.3454,8.497,9.5945,4.2371,60.5549,177.8187,56.3178,1
U029,My love mine all mine - Mitski,40.2859,198.8547,14.8221,14.1985,10.3406,44.2181,236.8755,54.5587,1
U035,Man down - Rihanna,18.0423,230.4209,94.8498,72.8586,112.8063,150.0674,287.1955,37.2611,0
U087,Addicted to you - Shakira,75.0557,1.8372,5.1969,23.653,67.5703,133.0728,169.9734,200.6431,1
U026,Just friends - Amy Winehouse,57.0813,509.8171,79.0198,66.7327,37.2432,51.7685,581.6687,14.5253,0
U013,Por si acaso no regreso - Celia Cruz,11.3138,508.3595,145.3528,95.4043,72.3603,342.5127,534.7422,270.1525,0
U037,Sangre para derramar - Milo J,61.9644,264.8599,17.9305,62.2947,34.0766,80.7942,351.5422,46.7176,1
U001,Ya para que - Greeicy,15.1584,564.5278,137.3044,124.4172,159.629,139.3753,561.5241,20.2537,0
U029,"Volver, volver - Vicente Fernandez",82.3671,408.5379,7.2187,21.476,0.724,24.2066,488.6399,24.9306,1
U089,Remember the time  Michael Jackson,78.3497,316.7772,18.3618,87.3744,65.2443,47.209,382.2267,18.0352,0
U026,The girl is mine - Michael Jackson,60.9706,30.6377,40.2605,34.3293,57.6744,79.0021,106.3786,136.6765,1
U009,Pierdeme el respeto - Paquita la del barrio,84.5936,67.2797,176.881,186.4205,247.1104,312.1092,4.0562,64.9988,0
U067,Gitana - Shakira,54.9635,249.8652,101.4059,85.9248,129.5081,30.0774,380.2942,99.4307,0
U052,Chachacha - Josean log,66.8761,43.4153,28.3962,25.0376,34.6743,92.9326,186.9366,58.2584,1
U068,Los consejos - Greeicy,36.1812,69.4814,26.3712,19.9176,31.4296,63.2643,45.0918,31.8347,1
U028,Si pudiera - Manuel Medrano,54.5809,515.4337,9.2745,2.9387,8.9284,30.1651,627.8124,39.0935,1
U115,Young and beautiful - Lana del rey ,19.5204,17.1836,101.0,113.7145,71.053,94.6843,62.9861,23.6312,0
U090,Let you break my heart again - Laufey,39.0399,42.8844,61.5944,46.0918,7.4837,56.1767,117.1636,48.6931,1
U047,Retirada - Milo J,81.1035,46.1709,4.9724,56.9457,90.517,83.4936,33.9047,174.0105,1
U095,My love mine all mine - Mitski,13.3298,237.2708,19.4163,4.068,20.6189,52.1669,249.5606,31.548,1
U046,Vamonos a marte - Kevin Kaarl,72.7225,104.4864,9.8308,49.9277,6.311,6.6069,2.8694,0.2959,1
U040,Tu jardin con enanitos - Melendi,44.7784,591.212,65.1882,62.7068,24.7865,86.936,657.5961,62.1496,0
U051,Beso - Josean Log,69.1707,437.5465,128.0611,133.0811,151.5075,499.8357,427.144,348.3282,0
U071,Cheque al portamor - Melendi,23.9542,137.3376,11.4838,13.5762,4.3571,184.0525,122.2735,179.6954,1
U097,Soltera - Shakira,43.9037,434.45,147.5113,156.0072,108.7673,9.187,490.365,117.9544,0
U016,El chofer - Vicente Fernandez,54.387,35.5371,48.3383,42.6263,13.632,17.2678,46.9292,3.6358,1
U007,Donde nadie pueda ir - Manuel Medrano,68.0895,309.6907,21.4437,14.7557,34.5219,35.4609,476.7191,69.9828,1
U061,Como hacer para olvidarte - Manuel Medrano,54.9377,298.6105,0.0892,28.1754,19.3928,66.3648,386.4588,46.972,1
U095,Man down - Rihanna,2.2394,101.5464,59.9571,47.9937,32.7323,34.9043,102.7457,2.172,1
U064,Lover girl - Laufey,50.2785,594.346,125.0965,112.6835,107.1615,20.6065,638.3941,86.5551,0
U037,Love in the dark - Adele,62.7244,440.5158,136.016,101.9999,59.1659,71.1115,527.9581,11.9456,0
U038,Yes or no - Jung Kook,57.0099,35.9238,57.866,58.8339,13.2633,6.1506,94.0199,19.414,1
U016,Sabes - Alex Ubago,62.3968,292.5923,10.0248,29.1029,34.6409,15.4714,383.0684,19.1695,1
U062,Dame tu aire - Alex Ubago,23.8405,258.944,31.3404,20.3141,10.3635,23.7209,245.6513,34.0845,1
U075,Too little too late - Laufey,55.7698,43.2191,108.2416,124.8405,15.0642,142.9935,84.1259,158.0576,0
U004,Dame tu aire - Alex Ubago,67.138,62.2756,0.6752,5.0053,17.3063,22.0321,76.5383,4.7259,1
U032,Washin machine - Mitski,21.2026,461.3445,38.9506,37.0068,81.0461,121.0206,440.1419,202.0667,0
U040,Mas fuerte - Greeicy,13.286,597.5245,150.933,174.2153,124.8958,146.1445,605.8441,21.2488,0
U062,Si hay algo - Josean Log,23.8405,35.0582,9.6676,4.6095,18.7767,8.1639,21.7655,10.6129,1
U005,Que pides tu - Alex Ubago,28.6144,250.0046,24.3148,28.6007,17.2694,1.0691,229.8037,16.2003,1
U011,Rehab - Amy Winehouse,53.6847,222.6648,13.9978,21.5777,65.0239,86.3252,280.1429,151.3492,1
U040,From the start - Laufey,58.4813,40.1124,142.9401,155.8213,112.3862,159.2679,3.2367,46.8818,0
U046,Si supieras - Kevin Kaarl,73.1014,11.5331,11.8311,33.2397,14.0447,43.4011,113.529,29.3564,1
U110,Someone like you - Adele,60.6189,467.9266,90.8358,67.7221,49.0908,80.7838,547.44,31.693,0
U028,Dame tu aire - Alex Ubago,54.5809,76.6861,35.8342,17.1285,19.4411,67.436,35.6926,47.995,1
U109,Brooklyn baby - Lana del rey,31.3339,615.0347,193.0418,189.974,84.5377,151.0499,698.7365,66.5123,0
U094,Te quiero tanto - Kevin Kaarl,60.8547,425.444,3.9018,20.1505,17.6029,109.8369,527.0479,92.234,1
U008,La luna - Josean Log,23.3973,60.8192,7.6422,0.034,29.8217,172.4439,64.8452,142.6223,1
U096,Addicted to you - Shakira,64.8765,34.7202,76.0849,58.6823,63.1078,400.1752,152.3672,463.2829,0
U118,La mujer que bota fuego - Manuel Medrano,52.0939,11.6343,22.5508,6.0558,30.63,54.5795,133.7237,85.2094,1
U099,Waka waka - Shakira,49.2674,328.9144,72.5544,7.9406,99.3497,240.5312,365.2451,141.1815,0
U022,Si supieras - Kevin Kaarl,41.8354,40.8983,48.3774,44.0588,13.8308,60.0581,103.7517,46.2274,1
U053,Sin remitente - Melendi,74.3209,353.8767,117.68,141.4626,38.117,123.1475,305.0169,85.0305,0
U012,Hombres malvados - Paquita la del barrio,32.7597,277.1248,12.804,13.0621,19.8358,56.4659,380.1746,76.3016,1
U036,Stronger than me - Amy Winehouse,12.6927,205.3674,18.7515,3.0908,24.9959,72.9367,152.0533,47.9408,1
U022,Si hay algo - Josean Log,41.8354,139.1132,63.3407,58.0452,42.971,36.379,201.9666,6.592,1
U104,Billie Jean - Michael Jackson,33.0441,450.5901,98.7541,79.3905,31.0596,73.0056,478.3594,41.946,0
U114,Pobre pistolita - Paquita la del barrio,78.989,140.9985,128.4393,105.5661,97.1282,428.0045,220.379,330.8762,0
U063,Diamonds - Rihanna,41.9008,242.828,28.5895,49.633,4.473,48.135,161.9814,52.608,1
U002,Mentira - Greeicy,23.4746,64.3113,61.667,46.1691,177.4771,248.155,73.0041,425.6321,0
U022,Colapso - Kevin Kaarl,41.8354,103.4191,4.0277,6.5002,4.3058,23.1256,40.5656,27.4315,1
U030,Beat it - Michael Jackson,84.5936,361.074,42.4088,67.8726,218.8392,274.1956,437.9313,493.0347,0
U078,First love late spring - Mitski,84.5936,267.5193,187.5185,163.0077,131.6257,460.5205,267.4711,328.8948,0
U010,Sabes - Alex Ubago,41.8107,303.533,37.0357,29.9457,16.3844,37.905,360.4748,21.5205,1
U006,Let you break my heart again - Laufey,17.169,253.2191,32.5571,2.9208,21.0741,163.6851,224.7874,142.611,1
U076,Chachacha - Josean log,52.1989,40.4134,54.3637,26.9748,53.4917,40.8587,150.2809,12.6329,1
U074,Que pides tu - Alex Ubago,68.8065,105.1765,10.5344,34.6393,2.726,44.1331,8.6486,41.4072,1
U082,Beso - Josean Log,80.5192,81.2159,0.2863,12.1551,31.3382,13.8602,65.5235,45.1984,1
U101,Sigo aqui - Alex Ubago,58.0326,22.3736,5.4941,16.9579,26.5659,27.7923,85.1034,54.3583,1
U057,Waka waka - Shakira,25.7252,179.5754,32.3128,12.7259,26.3391,66.3119,146.0519,39.9728,1
U067,Someone like you - Adele,50.7889,520.731,122.3279,82.4929,101.4618,105.6307,646.9854,4.1689,0
U099,Tears dry on their own - Amy Winehouse,38.7142,175.1527,0.6086,0.9968,42.3912,43.1251,200.9302,85.5163,1
U064,Que pides tu - Alex Ubago,56.9236,57.5361,41.3746,31.4986,17.2528,45.88,93.7141,63.1328,1
U056,Never be alone - Shawn Mendes,15.0001,449.0011,18.7911,10.8956,3.5659,74.6863,457.4744,71.1204,1
U115,Tierra - Josean Log,50.4293,176.6417,2.0369,37.0814,62.9143,20.9206,65.5631,83.8348,1
U112,MAI - Milo J,63.5382,373.0281,32.0224,18.5629,37.4868,8.3398,527.0449,29.1469,1
U017,There's nothing holding me back - Shawn Mendes,39.6554,115.3692,53.6188,76.0144,26.9268,54.0362,74.604,80.9629,1
U056,Promise - Laufey,15.0001,442.6886,114.9135,107.4273,102.6714,156.0232,451.1619,53.3518,0
U038,Dead women - Mitski,49.9012,483.6067,2.114,7.8039,0.4799,100.2709,534.5941,100.7508,1
U070,Cinnamon girl - Lana del rey,46.5705,408.6452,187.8568,168.7762,89.7608,177.6976,504.9485,87.9368,0
U099,Aca entre nos - Vicente Fernandez,80.1763,310.6219,35.3137,50.84,30.87,84.5814,377.8615,115.4515,0
U096,Lo hecho esta hecho - Shakira,22.0548,224.9299,83.9978,54.1538,5.6744,341.2897,124.7738,346.964,0
U023,Let you break my heart again - Laufey,9.1996,369.4651,7.2141,14.489,34.0131,21.3919,360.7316,55.405,1
U037,Donde nadie pueda ir - Manuel Medrano,62.7244,260.3444,19.0217,28.3552,8.2964,107.7359,347.7867,99.4395,1
U110,Top of the world - Shawn Mendes,77.6194,1.9136,5.7963,5.438,42.0255,3.0871,98.4275,45.1126,1
U036,Pierdeme el respeto - Paquita la del barrio,61.8251,219.8496,138.7662,106.7407,178.9536,173.0703,224.0312,5.8833,0
U015,Aunque no te pueda ver - Alex Ubago,81.1035,198.8861,143.8971,174.7551,151.4812,225.887,262.2427,74.4057,0
U093,Stitches - Shawn Mendes,79.6162,156.1796,120.291,102.1766,13.7095,82.1326,129.1801,68.4232,0
U103,Mujeres divinas - Vicente Fernandez,75.6635,126.2589,2.3897,10.1911,13.1611,25.459,307.5118,12.2979,1
U049,First love late spring - Mitski,53.9884,82.5359,55.8072,84.4984,52.2525,80.2002,168.498,132.4527,0
U111,Rehab - Amy Winehouse,30.1278,73.7858,67.2423,64.8655,68.5293,152.8712,263.6875,221.4006,0
U090,Pobre pistolita - Paquita la del barrio,54.7533,197.8099,132.3484,108.4796,140.1766,144.4143,264.0647,4.2377,0
U045,Lo hecho esta hecho - Shakira,34.8008,184.5869,47.941,11.3695,55.9671,4.5951,158.6071,51.372,1
U043,Man down - Rihanna,14.9528,274.2489,145.1619,128.2701,97.3063,126.0983,366.3586,28.792,0
U012,You da one - Rihanna,32.7597,80.0201,63.2879,0.5175,15.7616,26.6557,23.0296,10.8941,1
U061,Mujeres divinas - Vicente Fernandez,57.6365,95.0697,31.4625,34.994,33.0683,1.2212,185.6168,31.8471,1
U006,Hombres malvados - Paquita la del barrio,76.6242,142.6185,13.9439,9.6238,3.918,218.1087,77.257,214.1906,1
U034,Tierra - Josean Log,54.3008,196.9758,2.8924,40.0044,32.3309,137.069,111.8773,104.738,1
U025,Let you break my heart again - Laufey,26.2543,521.8938,127.6938,123.7927,130.5056,205.787,591.2377,75.2814,0
U093,Standing next to you - Jung Kook,79.6162,189.8129,18.9133,32.5458,73.1822,90.8636,216.8124,17.6814,1
U031,Mujeres divinas - Vicente Fernandez,76.1597,107.8419,1.1884,12.2008,5.6447,2.2488,289.6955,7.8935,1
U086,You know i'm no good - Amy Winehouse,27.2403,102.6164,14.2063,37.6875,104.9249,1.1955,131.0861,103.7294,1
U047,Limonar - Greeicy,40.0,125.6653,4.8827,23.8684,12.8878,7.7596,164.6374,20.6473,1
U044,Quiero + - Greeicy,84.5936,519.1673,16.263,8.6629,61.5452,18.435,620.8077,43.1102,1
U064,Summertime sadness - Lana del rey,56.1636,625.5469,136.8501,112.6835,50.0362,67.4407,776.0371,17.4045,0
U020,Mas fuerte - Greeicy,23.4162,365.363,24.1465,49.871,9.0281,131.0876,376.4228,140.1157,0
U014,Soltera - Shakira,84.5936,423.3607,28.387,20.4787,65.1579,91.3897,519.3775,26.2317,0
U049,Una y otra vez - Manuel Medrano,53.9884,29.1676,90.4388,70.7974,40.4342,155.5166,115.1297,115.0824,0
U007,Desde que estamos juntos - Melendi,68.0895,38.5705,2.376,9.4587,18.2479,24.9424,205.5989,6.6945,1
U066,Man down - Rihanna,26.3931,45.7196,17.6158,50.6158,35.478,327.4026,60.3602,362.8806,0
U015,Dont stop the music - Rihanna,84.2147,289.8493,16.4845,11.92,16.0967,136.7805,356.3172,120.6838,1
U068,Easy on me - Adele,36.1812,418.4726,123.1829,93.9863,71.7227,227.52,442.8622,155.7974,0
U006,Say yes to heaven - Lana del rey,60.0983,372.7937,62.6615,39.6457,22.3412,59.4474,421.6293,37.1062,0
U104,Only girl - Rihanna,25.4572,450.5901,188.4329,182.7661,120.0923,70.128,470.7724,49.9643,0
U089,Limonar - Greeicy,33.7561,49.6772,8.4294,50.1035,36.1706,92.7137,70.5331,56.5432,1
U092,Mentira - Greeicy,27.9467,113.3863,71.3639,52.8974,113.5159,159.1647,133.6039,272.6806,0
U091,Chicago - Michael Jackson,50.3965,410.949,127.6577,86.9149,62.0408,173.9464,506.6185,111.9055,0
U095,Too sad to dance - Jung Kook,54.2677,453.2665,54.249,17.6459,20.9248,26.7571,506.4942,47.682,1
U091,Waka waka - Shakira,19.4876,590.646,203.2087,125.3714,113.5155,426.4997,655.4066,312.9841,0
U056,Sin remitente - Melendi,15.0001,238.8246,19.0896,15.6116,10.4559,29.4978,230.3513,19.0419,1
U071,Never be alone - Shawn Mendes,23.9542,450.3029,9.5736,13.5762,14.8442,138.864,465.367,124.0198,1
U047,First love late spring - Mitski,84.5936,101.4201,76.2938,78.4947,159.8126,81.7036,17.8544,78.1089,0
U063,Euphoria - Jung Kook,2.6928,120.4892,81.8305,55.3616,57.9141,160.5311,4.951,102.6171,0
U066,Limonar - Greeicy,34.9711,7.6996,35.5235,65.4066,18.6166,325.0106,1.6371,343.6272,0
U054,Yo vivire (I will survive) - Celia Cruz,77.0067,319.5497,34.4993,72.1335,21.8548,14.8688,376.6505,6.9859,1
U068,In a lake portuguese -  Mitski,50.4228,293.2743,19.2683,6.0069,36.5172,30.7137,231.0598,5.8034,1
U038,In a lake portuguese -  Mitski,26.104,377.237,25.85,31.3037,8.3201,60.3249,352.2191,52.0048,1
U003,Back to black - Amy Winehouse,77.1936,202.2635,13.5299,5.9117,33.4828,170.4993,270.8049,203.9821,0
U038,Alguien como tu - Josean Log,60.5,70.3093,46.2095,31.7235,114.3281,106.1438,8.7231,8.1843,1
U074,Rolling in the deep - Adele,68.8065,577.9065,197.7772,150.1991,115.562,215.9769,674.4344,100.4148,0
U101,Por si acaso no regreso - Celia Cruz,16.5705,469.5263,123.5915,100.9787,107.9746,219.8197,490.7939,111.8451,0
U016,Los consejos - Greeicy,62.3968,84.294,61.5222,71.4367,29.7995,15.3583,174.7701,14.4413,1
U064,Sigo aqui - Alex Ubago,56.9236,116.8807,68.4639,55.5009,14.0134,20.6065,268.1309,6.593,1
U097,I am - Milo J,41.2049,485.9544,12.6911,30.384,5.7118,247.8816,539.1706,242.1699,0
U003,Fragile - Laufey,81.5091,246.8695,28.3965,32.034,50.3442,102.8898,319.7264,153.234,0
U048,Someone like you - Adele,67.5931,297.895,24.5047,21.5999,9.0443,73.7006,361.1791,82.745,1
U067,Bajo el agua - Manuel Medrano,67.7894,84.3045,25.2142,30.0008,6.7484,130.7784,58.9504,137.5267,1
U029,Too little too late - Laufey,70.4397,245.8124,8.7708,39.5546,66.4001,28.8078,313.9871,95.2078,1
U037,Doma - Josean log,62.7244,330.893,26.7058,25.305,69.8135,47.3326,418.3353,22.481,1
U025,Where have you been - Rihanna,67.5389,641.4684,182.6391,158.4786,161.7637,259.3599,804.6055,97.5962,0
U101,Fecha de caducidad - Melendi,58.0326,531.0398,18.2703,7.0231,12.1607,6.1686,593.7696,18.3293,1
